id_questao,id_concurso,ano,orgao,cargo,especialidade,tipo_discursiva,numero_maximo_linhas,pontuacao,enunciado_integral,itens_exigidos,tema_principal,subtemas,situacao_problema,norma_ou_tecnologia_citada,conhecimento_geral_ou_especifico,correspondencia_com_edital_tce_ma,itens_correspondentes_tce_ma,texto_padrao_resposta,url_prova,url_padrao_resposta,fonte_enunciado,fonte_padrao_resposta,status_confirmacao,observacoes,area_tce_ma,forma_cobranca,nivel_abstracao,exige_memorizacao_normativa,exige_aplicacao_pratica,exige_proposta_solucao,exige_comparacao,exige_explicacao_conceitual,exige_calculo,exige_codigo,exige_diagrama,exige_conhecimento_legislacao,ano_norma_cobrada,quesitos_avaliados,distribuicao_pontos_padrao
tce_rj_2021_ace_ti_q1,tce_rj_2021_ace_ti,2021,Tribunal de Contas do Estado do Rio de Janeiro (TCE/RJ),Analista de Controle Externo – Área: Controle Externo,Tecnologia da Informação,questão dissertativa,20,"20,00","As contas de um gestor público da Secretaria de Estado de Saúde do Estado do Rio de Janeiro (SES/RJ) foram julgadas irregulares pelo Tribunal de Contas do Estado do Rio de Janeiro (TCE/RJ), por ele ter dispensado, fora dos casos previstos em lei, licitação para aquisição de medicamentos. O gestor alegou que o julgamento foi totalmente desconexo da realidade, uma vez que era patente a situação de emergência, e que, em nenhum momento, ele fora chamado para apresentar sua defesa. Considerando a situação hipotética apresentada, redija um texto atendendo ao que se pede a seguir. 1 Identifique o tipo de decisão adotada pelo TCE/RJ no caso em apreço. [valor: 2,00 pontos] 2 Discorra sobre os recursos cabíveis para contestar a decisão do TCE/RJ [valor: 6,00 pontos], indicando o prazo para sua interposição [valor: 1,50 ponto] e como se dá sua contagem [valor: 2,00 pontos], bem como os efeitos desses recursos quando de seu recebimento [valor: 1,50 ponto]. 3 Esclareça se há possibilidade de a decisão ser modificada ou anulada pelo Poder Judiciário. [valor: 6,00 pontos]","[""tipo de decisão do TCE/RJ"", ""recursos cabíveis, prazos, contagem e efeitos"", ""possibilidade e limites de controle judicial""]",Controle externo e recursos contra decisão de tribunal de contas,"[""decisão definitiva"", ""embargos de declaração"", ""recurso de reconsideração"", ""recurso de revisão"", ""controle judicial""]",Contas julgadas irregulares por dispensa de licitação; gestor alega emergência e ausência de defesa.,"[""Lei Orgânica do TCE/RJ""]",geral,inexistente,[],"A decisão adotada pelo TCE/RJ foi definitiva, uma vez que julgou irregulares as contas do gestor, conforme o art. 16 da Lei Orgânica do TCE/RJ (LOTCE/RJ). O gestor pode opor embargos de declaração, no prazo de 30 dias, para corrigir obscuridade, omissão ou contradição da decisão recorrida. Nessa hipótese, os embargos serão recebidos com efeito suspensivo para o cumprimento da decisão, bem como para interposição de recurso de reconsideração, nos termos do art. 71 da LOTCE/RJ. Caso a intenção do gestor seja modificar a decisão recorrida, ele deverá interpor recurso de reconsideração, também no prazo de 30 dias, a ser recebido também com efeito suspensivo para cumprimento da deliberação, consoante o art. 70 da LOTCE/RJ. Outro recurso cabível é o de revisão, mas este somente poderia ser admitido se fossem cumpridos os requisitos específicos que recaem sobre essa espécie recursal e se já tivesse havido o trânsito em julgado da decisão. Esse recurso pode ser interposto em até 5 anos e não será recebido com efeito suspensivo, conforme o disposto no art. 73 da LOTCERJ. Os prazos são contados em dias corridos, excluindo-se o primeiro e incluindo-se o último dia. Em obediência ao princípio constitucional da inafastabilidade do Poder Judiciário, a matéria poderia, sim, ser submetida à apreciação do Poder Judiciário, por meio de ação própria, jamais por meio de recurso. Nesse caso, o Poder Judiciário não poderia adentrar as questões de mérito que levaram o TCE/RJ a julgar irregulares as contas, mas tão somente verificar a existência de algum vício capaz de anular a decisão da corte de contas. Jamais poderia, também, modificar a decisão do TCE/RJ. Ou seja, o Poder Judiciário não pode se pronunciar quanto ao mérito das contas.",https://cdn.cebraspe.org.br/concursos/tce_rj_20/arquivos/CARGO_4_DISCURSIVA.PDF,https://cdn.cebraspe.org.br/concursos/tce_rj_20/arquivos/TCE_RJ_20_PADRAO_DE_RESPOSTAS_DEFINITIVO_CARGO_04_COMPLETO.PDF,"caderno oficial, PDF p. 2","padrão definitivo, PDF pp. 1–2",confirmado,Questão geral efetivamente integrante da prova do cargo de TI; não há item equivalente no conteúdo específico do Cargo 10 do TCE-MA.,[],"[""situação-problema"", ""aplicação normativa""]",médio,sim,sim,não,não,sim,não,não,não,sim,[],"QUESITOS AVALIADOS
2.1
0 – Não identificou, ou identificou incorretamente, o tipo de decisão adotada pelo TCE/RJ no caso.
1 – Apenas identificou a decisão como definitiva, mas não justificou.
1 2 – Identificou a decisão como definitiva e apresentou correta justificativa.
2.2.1
0 – Não indicou nenhum recurso cabível.
1 – Indicou somente um recurso cabível e não justificou sua indicação.
2 – Indicou somente um recurso cabível e justificou sua indicação, ou indicou somente dois recursos cabíveis ou os três recursos
cabíveis e não justificou sua indicação.
3 – Indicou somente dois recursos cabíveis e justificou sua indicação, ou indicou os três recursos cabíveis, mas justificou a
indicação de apenas parte deles, ou, ainda, indicou algum recurso que não é cabível.
4 – Indicou os três recursos cabíveis (embargos de declaração, recurso de reconsideração e recurso de revisão) e justificou
corretamente a indicação de todos.
2.2.2
0 – Não apresentou nenhum prazo recursal, ou apresentou incorretamente.
1 – Apresentou corretamente o prazo de apenas um recurso cabível.
2 – Apresentou corretamente os prazos de dois dos recursos cabíveis.
3 – Apresentou corretamente os prazos dos três recursos cabíveis.
2.2.3
0 – Não informou a forma de contagem de nenhum prazo recursal, ou informou incorretamente.
1 – Informou, de forma incompleta, a forma de contagem do prazo recursal, deixando de indicar uma das três condições a seguir:
a) que a data da ciência da comunicação marca a data de início da contagem de prazo; b) que os prazos começam e terminam em
dias úteis; ou c) que os prazos são contados em dias corridos.
2 – Informou, de forma correta e completa, a forma de contagem do prazo recursal, indicando as três condições a seguir: a) que
a data da ciência da comunicação marca a data de início da contagem de prazo; b) que os prazos começam e terminam em dias
úteis; e c) que os prazos são contados em dias corridos.
2.2.4
0 – Não apresentou o efeito de nenhum recurso.
1 – Apresentou o efeito de apenas um recurso.
2 – Apresentou o efeito de apenas dois recursos.
3 – Apresentou os efeitos dos três recursos cabíveis (embargos de declaração e recurso de reconsideração = efeito suspensivo;
recurso de revisão = sem efeito suspensivo).
2.3
0 – Não respondeu ou respondeu de forma errada.
1 – Limitou-se a responder que a matéria pode ser apreciada pelo Poder Judiciário, sem desenvolver a resposta.
2 – Respondeu que a matéria pode ser apreciada pelo Poder Judiciário, mas justificou sua resposta apenas com base no princípio
da inafastabilidade do Poder Judiciário (não sendo necessário mencionar o nome do princípio, bastando demonstrar que possui
o conhecimento de que, em nosso ordenamento jurídico, nenhuma matéria pode ser suprimida da apreciação do Poder Judiciário).
3 – Respondeu que a matéria pode ser apreciada pelo Poder Judiciário e justificou sua resposta com base no princípio da
inafastabilidade do Poder Judiciário (não sendo necessário mencionar o nome do princípio, bastando demonstrar que possui o
conhecimento de que, em nosso ordenamento jurídico, nenhuma matéria pode ser suprimida da apreciação do Poder Judiciário),
mas abordou, de forma incompleta, os limites da atuação do Poder Judiciário no caso.
4 – Respondeu que o Poder Judiciário pode apreciar a matéria por causa do princípio da inafastabilidade do Poder Judiciário
(não sendo necessário mencionar o nome do princípio, bastando demonstrar que possui o conhecimento de que, em nosso
ordenamento jurídico, nenhuma matéria pode ser suprimida da apreciação do Poder Judiciário) e abordou que, nessa hipótese,
cabe-lhe somente verificar a existência de vícios capazes de anular a decisão, sem direito a se pronunciar quanto ao mérito das
contas.","{""pontuacao_total"": ""20,00"", ""valores_explicitos_no_enunciado"": [""[valor: 2,00 pontos]"", ""[valor: 6,00 pontos]"", ""[valor: 1,50 ponto]"", ""[valor: 2,00 pontos]"", ""[valor: 1,50 ponto]"", ""[valor: 6,00 pontos]""]}"
tce_rj_2021_ace_ti_q2,tce_rj_2021_ace_ti,2021,Tribunal de Contas do Estado do Rio de Janeiro (TCE/RJ),Analista de Controle Externo – Área: Controle Externo,Tecnologia da Informação,questão dissertativa,20,"20,00","A mineração de regras de associação é um método comumente usado para explicar o que é a mineração de dados e o que ela é capaz de fazer. Como exemplo, tem-se o clássico caso de uma grande rede de supermercados norte-americana que, a partir de uma análise dos hábitos de compras dos clientes, descobriu uma relação estatística entre compras de cerveja e compras de fraldas. Entendeu-se, assim, que o motivo dessa associação era que os pais (presumidamente homens jovens), ao irem comprar fraldas para seus bebês (sobretudo às quintas-feiras), aproveitavam e compravam cervejas para assistir aos jogos de futebol em casa, uma vez que já não poderiam ir aos jogos com a mesma frequência de antes. O resultado disso foi que a rede de supermercados passou a oferecer um display de cervejas ao lado das fraldas para facilitar o consumo casado desses produtos. Considerando que o fragmento de texto precedente tem caráter unicamente motivador, redija um texto dissertativo atendendo ao que se pede a seguir. 1 Explique por que as regras de associação em mineração de dados são úteis para a análise da relação entre um item e outro, ainda que aparentemente desconexos. [valor: 6,00 pontos] 2 Apresente um exemplo de contexto potencial de negócios para aplicação das regras de associação para mineração de dados e descreva dois dados que podem ser identificados nesse contexto. [valor: 10,00 pontos] 3 Descreva uma técnica ou um algoritmo que pode ser utilizado para a aplicação de uma regra de associação de mineração de dados. [valor: 3,00 pontos]","[""utilidade das regras de associação"", ""contexto de negócio e dois dados identificáveis"", ""técnica ou algoritmo de regras de associação""]",Mineração de dados — regras de associação,"[""análise de cesta de mercado"", ""suporte"", ""confiança"", ""lift"", ""Apriori"", ""Eclat"", ""FP-Growth""]",Associação entre itens de compra usada para decisões comerciais.,"[""mineração de dados"", ""Apriori"", ""Eclat"", ""FP-Growth""]",específico,direta,"[""ANÁLISE DE DADOS — 3 Mineração de dados."", ""ANÁLISE DE DADOS — 3.3 Técnicas e tarefas de mineração de dados."", ""ANÁLISE DE DADOS — 3.5 Regras de associação.""]","A mineração de regras de associação visa encontrar relações (afinidades) interessantes entre variáveis (itens) em grandes bases de dados. Devido a sua aplicação bem-sucedida em problemas no ramo do varejo, ela também costuma ser chamada de análise de cesta de mercado. A principal ideia na análise de cesta de mercado é identificar fortes relações entre diferentes produtos (ou serviços) que costumam ser adquiridos em conjunto (aparecendo na mesma cesta de compras, seja uma cestinha física de um mercado, seja uma cesta virtual em um site de comércio eletrônico). Por exemplo, 65% das pessoas que adquirem seguro automotivo abrangente também adquirem um plano de saúde; 80% daqueles que compram livros online também compram música online etc. As aplicações de análise de cesta de mercado incluem: marketing cruzado, vendas cruzadas, design de lojas, design de catálogos, design de site de comércio eletrônico, otimização de propaganda online, precificação de produtos e configuração de vendas/promoções. Em essência, a análise de cesta de mercado ajuda os estabelecimentos comerciais a inferir necessidades e preferências dos clientes a partir de seus padrões de consumo. A seguir, constam exemplos de áreas/contextos de aplicação e respectivos tipos de dados/variáveis. • Transações de vendas: combinações de produtos adquiridos em conjunto podem ser usadas para aprimorar a disposição física dos produtos nas gôndolas (aproximando-se entre si produtos que se combinam) e a precificação promocional de produtos (não se colocando em promoção, simultaneamente, produtos que costumam ser comprados em conjunto). • Transações com cartão de crédito: compras mediante cartão de crédito proporcionam informações quanto a produtos que os clientes tendem a adquirir em conjunto e quanto a usos fraudulentos de números de cartão de crédito. • Serviços bancários: os padrões sequenciais de serviços usados pelos clientes (conferir a conta-corrente e depois a conta poupança) podem ser usados para identificar outros serviços que possam ser interessantes (conta de investimentos). • Produtos do setor de seguros: pacotes de produtos de seguros adquiridos por clientes (seguro automotivo seguido por seguro domiciliar) podem ser usados para propor produtos adicionais do setor (seguro de vida), ou combinações pouco usuais de solicitações de pagamento podem ser um sinal de fraude. • Serviços de telecomunicações: grupos de opções comumente adquiridos (como chamada em espera, identificador de chamadas, ligações em três linhas) ajudam a estruturar melhor pacotes de produtos para maximizar receitas; o mesmo é aplicável a operadoras de telecomunicação multicanais, com serviços de telefonia, televisão e Internet. • Registros médicos: certas combinações de enfermidades podem indicar risco elevado de várias complicações; além disso, certos procedimentos de tratamento em determinadas dependências médicas podem estar vinculados a alguns tipos de infecções. Há diversos algoritmos disponíveis para a descoberta de regras de associação. Entre os mais conhecidos estão Apriori, Eclat e FP Growth. Esses algoritmos cumprem apenas metade do trabalho, que é identificar os conjuntos de itens frequentes na base de dados. Depois de identificados, os conjuntos de itens precisam ser convertidos em regras com as partes antecedente e consequente. A mineração de regras de associação utiliza dois parâmetros comuns: suporte, e confiança e elevação (lift). O algoritmo Apriori é o mais usado para a descoberta de regras de associação. Quando apresentado com um conjunto de itens (como conjuntos de transações no varejo, cada qual listando itens individuais adquiridos), o algoritmo busca encontrar subconjuntos que sejam comuns a pelo menos um número mínimo dos conjuntos de itens (isto é, obedecendo a um suporte mínimo).",https://cdn.cebraspe.org.br/concursos/tce_rj_20/arquivos/CARGO_4_DISCURSIVA.PDF,https://cdn.cebraspe.org.br/concursos/tce_rj_20/arquivos/TCE_RJ_20_PADRAO_DE_RESPOSTAS_DEFINITIVO_CARGO_04_COMPLETO.PDF,"caderno oficial, PDF p. 3","padrão definitivo, PDF pp. 3–4",confirmado,,"[""ANÁLISE DE DADOS""]","[""situação-problema"", ""conceitual""]",médio,não,sim,não,não,sim,não,não,não,não,[],"QUESITOS AVALIADOS
2.1
0 – Não respondeu.
1 – Explicou, de forma insuficiente, a utilidade das regras de associação em mineração de dados no contexto sugerido.
2 – Explicou, de forma clara e suficiente, a utilidade das regras de associação em mineração de dados no contexto sugerido.
2.2
0 – Não apresentou nenhum contexto potencial de negócios para aplicação das regras de associação para mineração de dados.
1 – Apenas mencionou um exemplo de contexto, mas não o descreveu nem abordou nenhum tipo de dado desse contexto.
2 – Apresentou devidamente um exemplo de contexto, mas não descreveu nenhum tipo de dado desse contexto.
3 – Apresentou devidamente um exemplo de contexto, mas identificou somente um tipo de dado desse contexto.
4 – Apresentou devidamente um exemplo de contexto e identificou dois tipos de dados desse contexto.
2.3
0 – Não apresentou nenhuma técnica ou algoritmo de regra de associação em mineração de dados.
1 – Apenas mencionou uma técnica ou um algoritmo de regra de associação em mineração de dados, sem descrever seu
funcionamento.
2 – Apresentou uma técnica ou um algoritmo de regra de associação em mineração de dados, mas descreveu de forma insuficiente
seu funcionamento.
3 – Apresentou e descreveu, de forma clara e suficiente, uma técnica ou um algoritmo de regra de associação em mineração de
dados.","{""pontuacao_total"": ""20,00"", ""valores_explicitos_no_enunciado"": [""[valor: 6,00 pontos]"", ""[valor: 10,00 pontos]"", ""[valor: 3,00 pontos]""]}"
tce_rj_2021_ace_ti_q3,tce_rj_2021_ace_ti,2021,Tribunal de Contas do Estado do Rio de Janeiro (TCE/RJ),Analista de Controle Externo – Área: Controle Externo,Tecnologia da Informação,questão dissertativa,20,"20,00","O conceito de BYOD — do inglês, bring your own device, que significa “traga seu próprio dispositivo” — surge com a explosão do mundo mobile: a ideia é dar liberdade ao funcionário para que ele possa usar seus próprios aparelhos e dispositivos para acessar e modificar informações da empresa. Com a comodidade de utilizar computadores ou smartphones que lhe convêm, o empregado consegue cuidar de questões importantes de qualquer lugar. O processo de implementação do BYOD, no entanto, não é simples. Empresas que adotam essa solução precisam preocupar-se com uma gama de questões relativas a segurança e flexibilidade. O desafio é encontrar o equilíbrio entre um ambiente extremamente seguro e a capacidade de permitir que os funcionários acessem os dados de diversas e simplificadas formas. Internet: <https://exame.abril.com.br> (com adaptações). Considerando que o fragmento de texto anterior tem caráter unicamente motivador, redija um texto dissertativo acerca dos requisitos para a garantia da segurança da informação em organizações que permitam o trabalho remoto a partir de dispositivos móveis pessoais de funcionários. Em seu texto, atenda ao que se pede a seguir. 1 Discorra sobre a relação entre a prática do BYOD e a necessidade de implementação de uma política de segurança da informação, explicando como os usuários devem considerar termos de uso da empresa ou do órgão público e como o uso de software para controle remoto do dispositivo pessoal pode alterar configurações de segurança do dispositivo pessoal. [valor: 6,00 pontos] 2 Apresente, pelo menos, três medidas de segurança para acesso remoto a dados nesse contexto, em que a informação não é necessariamente classificada. [valor: 6,50 pontos] 3 Aborde, pelo menos, três medidas de segurança avançadas a serem adotadas caso o funcionário tenha acesso a informação classificada. [valor: 6,50 pontos]","[""BYOD, política de segurança, termos de uso e controle remoto"", ""três medidas para acesso remoto a dados não classificados"", ""três medidas avançadas para informação classificada""]",Segurança da informação em BYOD,"[""política de segurança"", ""acesso remoto"", ""MDM"", ""VPN"", ""autenticação multifator"", ""certificados digitais"", ""controle de acesso""]",Uso de dispositivos móveis pessoais para acesso remoto a informações organizacionais.,"[""BYOD"", ""MDM"", ""VPN"", ""CAPTCHA"", ""biometria"", ""certificados digitais""]",específico,parcial,"[""GESTÃO E GOVERNANÇA DE TI — 10 Cibersegurança e continuidade de negócios (ISO 27001/22301, 27002, NIST).""]","A prática do BYOD, que designa o fato de os colaboradores de uma empresa ou de um órgão público utilizarem os seus próprios dispositivos para acessar dados e informações da organização, é um tema amplamente discutido no âmbito da segurança da informação. A questão principal é como permitir que o funcionário tenha essa comodidade ao acessar remotamente os dados e, ao mesmo tempo, garantir a segurança da informação nesse contexto. Um ponto a ser destacado é o fato de que essa prática, mesmo que ocorra em ambiente controlado, deve estar coberta por uma política de segurança da informação e por normativo específico que defina critérios e condições de uso. A política de segurança da informação a ser implementada pela organização deve levar em consideração esse tipo de possibilidade de acesso aos dados via BYOD. É importante definir a que sistemas de informação será permitido o acesso remoto com tais dispositivos pessoais, como, por exemplo, correio eletrônico e portais de informação interna à organização. Possíveis medidas de segurança incluem a instalação, nos dispositivos pessoais, de software cliente para controle remoto com soluções de mobile deploy management (mdm), cliente de antivírus, o uso de CAPTCHA junto com a autenticação simples, e a proteção do dispositivo por biometria, entre outros. Caso se permita o uso de BYOD para acesso remoto a dados não classificados, é importante definir também como o acesso se dará e como o usuário será autenticado; por exemplo, se o usuário deseja utilizar seu próprio dispositivo, ele deverá concordar com as regras de uso e instalar software de controle da empresa para acesso aos dados. Além disso, é necessário definir questões específicas de acesso; por exemplo, para um usuário comum, pode- se permitir acesso remoto ao correio eletrônico via rede privada virtual. Para um usuário avançado, podem ser usados outros sistemas com outras regras de acesso que não só VPN. Outro aspecto importante a ser considerado é o caso de um usuário ter acesso, por meio do BYOD, a informação previamente classificada. Nesse caso, é fundamental utilizar critérios avançados de segurança, tais como segundo fator de autenticação, rede privada virtual com certificados digitais e regras de controle de acesso. Em linhas gerais, para garantir a segurança da informação em ambientes corporativos que utilizem o BYOD, deve-se definir uma política de segurança da informação bem como as normas de uso dos dispositivos pessoais para acesso a informação e os critérios de acesso no caso de informação classificada.",https://cdn.cebraspe.org.br/concursos/tce_rj_20/arquivos/CARGO_4_DISCURSIVA.PDF,https://cdn.cebraspe.org.br/concursos/tce_rj_20/arquivos/TCE_RJ_20_PADRAO_DE_RESPOSTAS_DEFINITIVO_CARGO_04_COMPLETO.PDF,"caderno oficial, PDF p. 4","padrão definitivo, PDF p. 5",confirmado,"Correspondência parcial: o edital do TCE-MA cobre cibersegurança de modo amplo e soluções mobile, mas não explicita BYOD/MDM nem o recorte de informação classificada.","[""GESTÃO E GOVERNANÇA DE TI""]","[""conceitual"", ""análise técnica""]",médio,não,sim,sim,não,sim,não,não,não,não,[],"QUESITOS AVALIADOS
2.1
0 – Não abordou o quesito.
1 – Limitou-se a abordar o tema da segurança da informação de modo vago, sem tratar especificamente de política de segurança
da informação e(ou) de BYOD.
2 – Abordou a relação entre a prática do BYOD e política de segurança da informação de modo incompleto, sem detalhar sua
resposta.
3 – Abordou a relação entre a prática do BYOD e política de segurança da informação, detalhando sua resposta.
2.2
0 – Não abordou o quesito.
1 – Apresentou apenas uma medida de segurança para o acesso remoto a dados.
2 – Apresentou apenas duas medidas de segurança para o acesso remoto a dados.
3 – Apresentou três medidas de segurança para o acesso remoto a dados.
2.3
0 – Não abordou o quesito.
1 – Apresentou apenas uma medida de segurança avançada para o acesso remoto a informação classificada.
2 – Apresentou apenas duas medidas de segurança avançadas para o acesso remoto a informação classificada.
3 – Apresentou três medidas de segurança avançadas para o acesso remoto a informação classificada.","{""pontuacao_total"": ""20,00"", ""valores_explicitos_no_enunciado"": [""[valor: 6,00 pontos]"", ""[valor: 6,50 pontos]"", ""[valor: 6,50 pontos]""]}"
tce_rj_2021_ace_ti_peca,tce_rj_2021_ace_ti,2021,Tribunal de Contas do Estado do Rio de Janeiro (TCE/RJ),Analista de Controle Externo – Área: Controle Externo,Tecnologia da Informação,peça de natureza técnica — parecer,50,"40,00","RELATÓRIO DE AUDITORIA N.º 1/2020. Trata-se de auditoria interna realizada por servidores do órgão XPTO no exercício de 2020, em atendimento ao plano de auditoria e em observância às orientações da legislação em vigor. Considerando os achados de auditoria relatados, relacionados às contratações de soluções de tecnologia da informação e comunicação (TIC) no presente órgão, integrante do Sistema de Administração dos Recursos de Tecnologia da Informação (SISP), servimo-nos do presente relatório para informar que foi constatado e analisado o seguinte. I No rito da contratação n.º 10, o gerenciamento de risco foi realizado a partir da fase de seleção do fornecedor. Tal procedimento é justificado, pois o gerenciamento de riscos deve ser executado até essa fase. O seguimento para as demais fases de contratação deve acontecer tão somente no caso de o resultado da análise de risco ter sido favorável e, neste caso, deve-se realizar, na fase de seleção do fornecedor, o estudo técnico preliminar da contratação. II Não foram encontradas inconsistências no rito da contratação n.º 20. A licitação foi corretamente classificada como inexigível, de acordo com a Lei n.º 8.666/1993, pois o objeto da contratação é fornecido por empresa exclusiva. Por conseguinte, devido à inexigibilidade, não se fez necessário elaborar termo de referência nem estudo técnico preliminar da contratação. III Não foram encontradas inconsistências na gestão do contrato n.º 30. O fiscal identificou que o objeto do contrato, referente à prestação de serviços executados de forma contínua, teve sua prorrogação cancelada após transcorridos doze meses contados da sua data de vigência. A justificativa que embasa tal procedimento é que contratos devem ser obrigatoriamente adstritos à vigência dos respectivos créditos orçamentários e limitados a doze meses. IV No rito da contratação n.º 40, foi identificado que a definição e a especificação das necessidades tecnológicas e dos requisitos necessários foram inseridos no documento de oficialização da demanda (DOD), elaborado exclusivamente pelo integrante técnico. Ainda que o conteúdo do DOD esteja de acordo com a legislação, esse documento deveria ter sido elaborado pelo integrante requisitante. V No rito da contratação n.º 50, foi identificado que a equipe de planejamento da contratação era composta pela autoridade máxima da área de TIC juntamente com um integrante técnico e outro administrativo, tendo os três assinado e aprovado o estudo técnico preliminar da contratação. Nesse caso, houve uma divergência com a legislação, que veda que o integrante administrativo e a autoridade máxima da área de TIC façam parte da equipe de planejamento e assinem o referido estudo. VI Não foram encontradas inconsistências no rito da contratação n.º 60. Foi utilizada a modalidade pregão, regida pela Lei n.º 10.520/2002, tendo sido sequencialmente realizadas as seguintes ações: a) verificação, pelo pregoeiro, dos documentos de habilitação do licitante, de acordo com as condições fixadas no edital; b) exame da melhor proposta sob o critério de técnica e preço; e, por fim, c) realização da adjudicação do objeto da licitação ao licitante vencedor. Assim sendo, solicitamos sua manifestação por meio de um parecer técnico no sentido de apresentar esclarecimentos, justificativas ou providências, no prazo de cinco dias úteis, contados do recebimento deste. Atenciosamente, Coordenador da Equipe de Auditoria Interna do Órgão XPTO. Com base nas informações constantes do relatório de auditoria n.º 1/2020, apresentado anteriormente, redija, na condição de analista de controle externo, um parecer técnico avaliando, em sua completude, todos os achados e as análises apresentados pelo coordenador da equipe de auditoria interna do órgão XPTO, esclarecendo se estão ou não de acordo com a legislação em vigor. Em seu parecer, não crie fatos novos e dispense a ementa, o relatório, o local, a data e a assinatura.","[""avaliar o achado I — riscos e ETP"", ""avaliar o achado II — inexigibilidade e planejamento"", ""avaliar o achado III — duração de serviço contínuo"", ""avaliar o achado IV — DOD e requisitos"", ""avaliar o achado V — equipe e aprovação do ETP"", ""avaliar o achado VI — pregão, julgamento, habilitação e adjudicação""]",Auditoria de contratações de soluções de TIC,"[""planejamento da contratação"", ""gerenciamento de riscos"", ""ETP"", ""termo de referência"", ""inexigibilidade"", ""equipe de planejamento"", ""pregão""]",Parecer sobre seis achados de auditoria em contratações de TIC.,"[""SISP"", ""IN SGD/ME nº 1/2019"", ""Lei nº 8.666/1993"", ""Lei nº 10.520/2002""]",específico,parcial,"[""GESTÃO E GOVERNANÇA DE TI — 2 Gestão de riscos de TI (ISO 31000, COSO)."", ""GESTÃO E GOVERNANÇA DE TI — 6 Contratações de TI no setor público."", ""CONTRATAÇÕES DE TI — 1 Gestão de contratação de soluções de TI."", ""CONTRATAÇÕES DE TI — 2 Legislação aplicável à contratação de bens e serviços de TI e suas alterações.""]","A fase de planejamento das contratações de TI é materializada no projeto básico, cuja elaboração deve necessariamente ser precedida da realização de estudos técnicos preliminares, nos quais se analisa a viabilidade da contratação. Devem constar dos estudos técnicos preliminares a definição da necessidade do serviço (razão da contratação); os requisitos que a solução de TI deve cumprir para atender às necessidades da administração; as soluções do mercado que potencialmente atendam a tais requisitos; e a análise da viabilidade da contratação. Cumpre registrar que a análise da viabilidade passa, necessariamente, por uma análise inicial do risco envolvido na contratação, uma vez que soluções de TI introduzem risco ao negócio, o que enseja que esses riscos sejam identificados e considerados no processo de contratação. Nesse sentido, assim dispõe a Instrução Normativa n.º 1/2019: CAPÍTULO III DO PROCESSO DE CONTRATAÇÃO Art. 8º As contratações de soluções de TIC deverão seguir as seguintes fases: I - Planejamento da Contratação; II - Seleção do Fornecedor; e III - Gestão do Contrato. § 1º As atividades de gerenciamento de riscos devem ser realizadas durante todas as fases do processo de contratação, observando o disposto no art. 38. (...) Art. 38. O gerenciamento de riscos deve ser realizado em harmonia com a Política de Gestão de Riscos do órgão prevista na Instrução Normativa Conjunta MP/CGU n.º 1, de 10 de maio de 2016. § 1º Durante a fase de planejamento, a equipe de Planejamento da Contratação deve proceder às ações de gerenciamento de riscos e produzir o Mapa de Gerenciamento de Riscos que deverá conter no mínimo: I - identificação e análise dos principais riscos, consistindo na compreensão da natureza e determinação do nível de risco, mediante a combinação do impacto e de suas probabilidades, que possam comprometer a efetividade da contratação, bem como o alcance dos resultados pretendidos com a solução de TIC; II - avaliação e seleção da resposta aos riscos em função do apetite a riscos do órgão; e III - registro e acompanhamento das ações de tratamento dos riscos. Sendo assim, nos termos do achado I, a contratação n.º 10 estava em desacordo com a legislação vigente, pois o estudo técnico preliminar da contratação deveria ter sido realizado na fase de planejamento, devendo-se ter produzido o mapa de gerenciamento de riscos, de modo que os riscos fossem identificados e considerados nessa fase. Ademais, as atividades de gerenciamento de riscos devem ser realizadas durante todas as fases do processo de contratação. Ao contrário do que se afirma no achado II, a contratação n.º 20 estava em desacordo com a legislação vigente. Quanto à inexigibilidade, a licitação foi classificada corretamente, conforme a Lei n.º 8.666/1993, haja vista a inviabilidade de competição quando materiais e equipamentos só possam ser fornecidos por empresa exclusiva. Contudo, o § 1.º do art. 9.º da Instrução Normativa n.º 1/2019 estabelece a obrigatoriedade da execução de todas as etapas da fase de planejamento da contratação — instituição da equipe de planejamento da contratação; elaboração do estudo técnico preliminar da contratação; e elaboração do termo de referência ou projeto básico — independentemente do tipo de contratação, mesmo nos casos de inexigibilidade. Ainda, de acordo com essa IN 1/2019, é dispensável a realização da elaboração do Termo de Referência nos casos em que o órgão ou a entidade seja participante da licitação. Depreende-se do achado III que houve inconsistência na contratação n.º 30, pois há exceção na Lei n.º 8.666/1993 quanto à vigência dos respectivos créditos nos casos em que a prestação de serviços ocorre de forma contínua. Nos termos do inciso II do art. 57 dessa lei, a duração do contrato pode ser prorrogada por iguais e sucessivos períodos, limitada a sessenta meses, com vistas à obtenção de preços e condições mais vantajosas para a administração. Nos termos do achado IV, a contratação n.º 40 estava em desacordo com a legislação vigente, pois o DOD deve ser elaborado pela área requisitante da solução, com a indicação do integrante requisitante para a equipe de planejamento. Ademais, a definição e especificação das necessidades de negócio e tecnológicas e dos requisitos necessários devem constar do estudo técnico preliminar da contratação, a ser elaborado pelos integrantes técnico e requisitante, de acordo com os arts. 10 e 11 da Instrução Normativa n.º 1/2019. Art. 10. A fase de Planejamento da Contratação terá início com o recebimento pela Área de TIC do Documento de Oficialização da Demanda, elaborado pela Área Requisitante da solução, que conterá no mínimo: (...) IV - indicação do Integrante Requisitante para composição da Equipe de Planejamento da Contratação. (...) Art. 11. O Estudo Técnico Preliminar da Contratação será realizado pelos Integrantes Técnico e Requisitante, compreendendo, no mínimo, as seguintes tarefas: I - definição e especificação das necessidades de negócio e tecnológicas, e dos requisitos necessários e suficientes à escolha da solução de TIC, contendo de forma detalhada, motivada e justificada, inclusive quanto à forma de cálculo, o quantitativo de bens e serviços necessários para a sua composição; O achado V está equivocado, pois a autoridade máxima da área de TIC pode participar da equipe. Contudo, nesse caso, a autoridade competente para assinar o estudo técnico preliminar da contratação seria a superior a ela. Ademais, o integrante administrativo pode participar da equipe, mas não assinar o referido estudo. Assim dispõe a Instrução Normativa n.º 1/2019. Art. 2º Para fins desta Instrução Normativa, considera-se: (...) IV - Equipe de Planejamento da Contratação: equipe responsável pelo planejamento da contratação, composta por: a) Integrante Técnico: servidor representante da Área de TIC, indicado pela autoridade competente dessa área; b) Integrante Administrativo: servidor representante da Área Administrativa, indicado pela autoridade competente dessa área; e c) Integrante Requisitante: servidor representante da Área Requisitante da solução, indicado pela autoridade competente dessa área; (...) Art. 11. O Estudo Técnico Preliminar da Contratação será realizado pelos Integrantes Técnico e Requisitante (...) § 2º O Estudo Técnico Preliminar da Contratação será aprovado e assinado pelos Integrantes Técnico e Requisitante da Equipe de Planejamento da Contratação e pela autoridade máxima da Área de TIC. § 3º Caso a autoridade máxima da Área de TIC venha a compor a Equipe de Planejamento da Contratação, a autoridade que assinará o Estudo Técnico Preliminar da Contratação será aquela superior à autoridade máxima da Área de TIC. Ao contrário do que afirma o achado VI, a contratação n.º 60 estava em desacordo com a legislação vigente, pois a Lei n.º 10.520/2002 determina a adoção do critério de menor preço para julgamento e classificação das propostas. Ademais, o exame da melhor proposta deveria anteceder a verificação dos documentos de habilitação do licitante pelo pregoeiro. Assim estabelece a Lei n.º 10.520/2002. Art. 4º A fase externa do pregão será iniciada com a convocação dos interessados e observará as seguintes regras: (...) X - para julgamento e classificação das propostas, será adotado o critério de menor preço, observados os prazos máximos para fornecimento, as especificações técnicas e parâmetros mínimos de desempenho e qualidade definidos no edital; XI - examinada a proposta classificada em primeiro lugar, quanto ao objeto e valor, caberá ao pregoeiro decidir motivadamente a respeito da sua aceitabilidade; XII - encerrada a etapa competitiva e ordenadas as ofertas, o pregoeiro procederá à abertura do invólucro contendo os documentos de habilitação do licitante que apresentou a melhor proposta, para verificação do atendimento das condições fixadas no edital; (...) XXI - decididos os recursos, a autoridade competente fará a adjudicação do objeto da licitação ao licitante vencedor; XXII - homologada a licitação pela autoridade competente, o adjudicatário será convocado para assinar o contrato no prazo definido em edital; (...) CONCLUSÃO Haja vista os achados indicados no Relatório de Auditoria n.º 1/2020, conclui-se que nenhuma das contratações citadas atendeu integralmente à legislação em vigor, pelas razões e pelos fundamentos expostos neste parecer.",https://cdn.cebraspe.org.br/concursos/tce_rj_20/arquivos/CARGO_4_DISCURSIVA.PDF,https://cdn.cebraspe.org.br/concursos/tce_rj_20/arquivos/TCE_RJ_20_PADRAO_DE_RESPOSTAS_DEFINITIVO_CARGO_04_COMPLETO.PDF,"caderno oficial, PDF p. 5","padrão definitivo, PDF pp. 6–8",confirmado,"Correspondência parcial: o conceito de contratação de TI é coberto diretamente, mas a questão aplicou normas então vigentes (IN nº 1/2019, Leis nº 8.666/1993 e nº 10.520/2002), enquanto o TCE-MA explicita Lei nº 14.133/2021 e IN nº 94/2022.","[""GESTÃO E GOVERNANÇA DE TI"", ""CONTRATAÇÕES DE TI""]","[""estudo de caso"", ""aplicação normativa"", ""peça técnica""]",misto,sim,sim,sim,não,sim,não,não,não,sim,"[1993, 2002, 2019]","QUESITOS AVALIADOS
2.1
0 – Não abordou o achado I ou informou que a contratação n.º 10 atendeu à legislação vigente.
1 – Apenas mencionou que a contratação n.º 10 não atendeu à legislação vigente, sem desenvolver justificativa.
2 – Abordou corretamente apenas um dos erros cometidos na contratação n.º 10.
3 – Mencionou os dois erros cometidos na contratação n.º 10, mas abordou de forma insuficiente algum deles.
4 – Abordou, de forma suficiente, os dois erros cometidos na contratação n.º 10.
2.2
0 – Não abordou o achado II ou concordou que não houve inconsistência legal na contratação n.º 20.
1 – Apenas mencionou que o achado II está incorreto, sem justificar.
2 – Abordou corretamente apenas o erro ou o acerto da contratação n.º 20.
3 – Mencionou o erro e o acerto da contratação n.º 20, mas abordou de forma insuficiente algum deles.
4 – Abordou, de forma suficiente, o erro e o acerto da contratação n.º 20.
2.3
0 – Não abordou o achado III ou concordou que não houve inconsistência legal na contratação n.º 30.
1 – Apenas mencionou que o achado III está incorreto, sem justificar.
2 – Abordou parcialmente o erro cometido na contratação n.º 30.
3 – Abordou integralmente o erro cometido na contratação n.º 30.
2.4
0 – Não abordou o achado IV ou discordou de que houve inconsistência legal na contratação n.º 40.
1 – Apenas mencionou que o achado IV está correto, sem justificar.
2 – Abordou corretamente apenas um dos erros cometidos na contratação n.º 40.
3 – Mencionou ambos os erros cometidos na contratação n.º 40, mas abordou de forma insuficiente algum deles.
4 – Abordou, de forma suficiente, os dois erros cometidos na contratação n.º 40.
2.5
0 – Não abordou o achado V ou concordou com a inconsistência alegada nesse achado.
1 – Apenas mencionou que o achado V está incorreto, sem justificar.
2 – Abordou corretamente apenas um dos erros cometidos na contratação n.º 50.
3 – Mencionou ambos os erros cometidos na contratação n.º 50, mas abordou de forma insuficiente algum deles.
4 – Abordou, de forma suficiente, os dois erros cometidos na contratação n.º 50.
2.6
0 – Não abordou o achado VI ou concordou que não houve inconsistência legal na contratação n.º 60.
1 – Apenas mencionou que houve inconsistência legal na contratação n.º 60, sem justificar.
2 – Abordou corretamente apenas um dos erros cometidos na contratação n.º 60.
3 – Mencionou ambos os erros cometidos na contratação n.º 60, mas abordou de forma insuficiente algum deles.
4 – Abordou, de forma suficiente, os dois erros cometidos na contratação n.º 60.","{""pontuacao_total"": ""40,00"", ""valores_explicitos_no_enunciado"": []}"
tcdf_2024_ace_ti_infra_q1,tcdf_2024_ace_ti_infra,2024,Tribunal de Contas do Distrito Federal (TCDF),Auditor de Controle Externo – Área Especializada,Tecnologia da Informação – Orientação Microinformática e Infraestrutura de TI,questão dissertativa,20,"10,00","Durante uma grande promoção de vendas, o site de uma empresa que vende produtos pela Internet apresentou lentidão e ficou indisponível por alguns momentos, o que gerou muitas reclamações dos clientes. A equipe de TI foi acionada imediatamente para resolver os problemas reportados, que foram classificados como questões críticas. Após uma análise inicial, descobriu-se que o aumento inesperado no número de acessos sobrecarregou o banco de dados. O time de TI implementou uma solução temporária, porém o incidente evidenciou a necessidade de uma análise mais aprofundada para evitar novas ocorrências dessa situação. Depois de contornado o problema, a equipe de TI reuniu-se para uma análise detalhada dos eventos ocorridos, com vistas à identificação da sua causa raiz. Durante a reunião, a equipe identificou que o sistema de banco de dados não estava devidamente otimizado para lidar com picos de acesso e que, sem um plano de escalabilidade, a empresa correria o risco de enfrentar novos incidentes semelhantes. A partir dessa análise, foram feitas várias recomendações de mudanças no ambiente de TI, tais como a implementação de um sistema de monitoramento de desempenho mais robusto e melhorias na infraestrutura do banco de dados. Conforme a ITIL v4, quais ações ou eventos ocorridos na situação hipotética apresentada fazem parte do processo de gestão de incidentes [valor: 3,75 pontos] e quais fazem parte do processo de gestão de problemas [valor: 3,75 pontos]? Justifique sua resposta, apresentando as definições de gestão de incidentes [valor: 1,00 ponto] e de gestão de problemas [valor: 1,00 ponto].","[""identificar ações/eventos de gestão de incidentes"", ""identificar ações/eventos de gestão de problemas"", ""definir gestão de incidentes"", ""definir gestão de problemas""]",Gestão de incidentes e de problemas (ITIL v4),"[""incidente"", ""problema"", ""causa-raiz"", ""solução de contorno"", ""monitoramento"", ""escalabilidade""]",Indisponibilidade de site por sobrecarga do banco de dados e investigação posterior da causa-raiz.,"[""ITIL v4""]",específico,direta,"[""GESTÃO E GOVERNANÇA DE TI — 3 Gestão de serviços de TI (ITIL v4).""]","Na situação apresentada, de acordo com a ITIL v4, fazem parte do processo de gestão de incidentes: a lentidão e a indisponibilidade do site da empresa por alguns momentos; a solução de contorno (temporária) para normalizar tal problema no site; e a descoberta, após análise inicial, de que o aumento inesperado no número de acessos sobrecarregou o banco de dados. Por sua vez, fazem parte do processo de gestão de problemas: a reunião da equipe de TI, depois de contornado o problema, para análise detalhada dos eventos ocorridos; a identificação de que o sistema de banco de dados não estava devidamente otimizado; e as recomendações de mudanças no ambiente de TI.",https://cdn.cebraspe.org.br/concursos/tc_df_24_auditor/arquivos/TCDF_AUDITOR_PROVA_DISCURSIVA__ESPECIALIDADE_3.PDF,https://cdn.cebraspe.org.br/concursos/tc_df_24_auditor/arquivos/PADRO_DEFINITIVO_DE_RESPOSTAS___PROVA_DISCURSIVA__ESPECIALIDADE_3.PDF,"caderno oficial, PDF p. 1","padrão definitivo, PDF p. 1",confirmado,,"[""GESTÃO E GOVERNANÇA DE TI""]","[""situação-problema"", ""análise técnica""]",médio,sim,sim,não,sim,sim,não,não,não,não,[],"QUESITOS AVALIADOS
QUESITO 2.1 – Ações ou eventos relacionados à gestão de incidentes
Conceito 0 – Não identificou nenhum evento ou ação relacionada à gestão de incidentes.
Conceito 1 – Identificou, corretamente, apenas uma ação ou evento relacionado à gestão de incidentes.
Conceito 2 – Identificou, corretamente, apenas duas ações ou eventos relacionados à gestão de incidentes.
Conceito 3 – Identificou as três ações ou eventos relacionados à gestão de incidentes, mas o fez de forma parcialmente correta
ou de forma insuficiente.
Conceito 4 – Identificou, corretamente, as três ações ou eventos relacionados à gestão de incidentes.
QUESITO 2.2 – Ações ou eventos relacionados à gestão de problemas
Conceito 0 – Não identificou nenhum evento ou ação relacionada à gestão de problemas.
Conceito 1 – Identificou, corretamente, apenas uma ação ou evento relacionado à gestão de problemas.
Conceito 2 – Identificou, corretamente, apenas duas ações ou eventos relacionados à gestão de problemas.
Conceito 3 – Identificou as três ações ou eventos relacionados à gestão de problemas, mas o fez de forma parcialmente correta
ou de forma insuficiente.
Conceito 4 – Identificou, corretamente, as três ações ou eventos relacionados à gestão de problemas.
QUESITO 2.3 – Definição de gestão de incidentes
Conceito 0 – Não definiu gestão de incidentes.
Conceito 1 – Definiu gestão de incidentes de forma parcialmente correta ou de forma insuficiente.
Conceito 2 – Definiu corretamente gestão de incidentes.
QUESITO 2.4 – Definição de gestão de problemas
Conceito 0 – Não definiu gestão de problemas.
Conceito 1 – Definiu gestão de problemas de forma parcialmente correta ou de forma insuficiente.
Conceito 2 – Definiu corretamente gestão de problemas.","{""pontuacao_total"": ""10,00"", ""valores_explicitos_no_enunciado"": [""[valor: 3,75 pontos]"", ""[valor: 3,75 pontos]"", ""[valor: 1,00 ponto]"", ""[valor: 1,00 ponto]""]}"
tcdf_2024_ace_ti_infra_q2,tcdf_2024_ace_ti_infra,2024,Tribunal de Contas do Distrito Federal (TCDF),Auditor de Controle Externo – Área Especializada,Tecnologia da Informação – Orientação Microinformática e Infraestrutura de TI,questão dissertativa,20,"10,00","À luz da Instrução Normativa SGD/SEDGG/ME n.º 94/2022, redija texto dissertativo a respeito do procedimento de contratação de um serviço especial de tecnologia da informação (TI) no âmbito de um órgão integrante do Sistema de Administração dos Recursos de Tecnologia da Informação (SISP) do Poder Executivo federal. Ao elaborar o seu texto, atenda ao que se pede a seguir. 1 Cite os integrantes da equipe de planejamento da contratação. [valor: 1,50 ponto] 2 Descreva o perfil de cada um dos integrantes da equipe de planejamento da contratação. [valor: 2,00 pontos] 3 Descreva as etapas da fase do planejamento da contratação. [valor: 3,00 pontos] 4 Apresente o conceito de documento de formalização da demanda. [valor: 1,00 ponto] 5 Mencione, no mínimo, três informações que deverão constar no documento de formalização da demanda. [valor: 2,00 pontos]","[""integrantes da equipe de planejamento"", ""perfil de cada integrante"", ""etapas do planejamento"", ""conceito do documento de formalização da demanda"", ""três informações do documento de formalização da demanda""]",Planejamento da contratação de serviço de TI,"[""equipe de planejamento"", ""ETP"", ""termo de referência"", ""documento de formalização da demanda"", ""SISP""]",Procedimento de contratação de serviço especial de TI em órgão do SISP.,"[""IN SGD/SEDGG/ME n.º 94/2022"", ""SISP""]",específico,direta,"[""GESTÃO E GOVERNANÇA DE TI — 6 Contratações de TI no setor público."", ""CONTRATAÇÕES DE TI — 1 Gestão de contratação de soluções de TI."", ""CONTRATAÇÕES DE TI — 2.2 Instrução Normativa SGD/ME nº 94/2022.""]","De acordo com o art. 2.º, inciso IV, alíneas “a”, “b” e “c” da Instrução Normativa SGD/SEDGG/ME n.º 94/2022, a equipe de planejamento da contratação é composta pelo integrante técnico, que deve ser o servidor representante da área de tecnologia da informação e comunicação (TI) e é indicado pela autoridade competente dessa área; pelo integrante administrativo, que deve ser servidor representante da área administrativa e que é indicado pela autoridade competente dessa área e pelo integrante requisitante, que é o servidor representante da área requisitante da solução e é indicado pela autoridade competente dessa área. A fase de planejamento da contratação abrange as seguintes etapas: instituição da equipe de planejamento da contratação; elaboração do estudo técnico preliminar da contratação e elaboração do termo de referência, conforme art. 9.º, I, II e III, da Instrução Normativa. O documento de formalização da demanda é o documento que contém o detalhamento da necessidade da área requisitante da solução a ser atendida pela contratação. De acordo com o art. 10, §1.º, da Instrução Normativa, esse documento deve conter, no mínimo, as seguintes informações [é necessário que o(a) candidato(a) mencione, no mínimo, três das informações a seguir]: a) justificativa da necessidade da contratação; b) descrição sucinta do objeto; c) quantidade a ser contratada, quando couber, considerada a expectativa de consumo anual; d) estimativa preliminar do valor da contratação, por meio de procedimento simplificado; e) indicação da data pretendida para a conclusão da contratação, a fim de não gerar prejuízos ou descontinuidade das atividades do órgão ou da entidade; f) grau de prioridade da compra ou da contratação em baixo, médio ou alto, de acordo com a metodologia estabelecida pelo órgão ou pela entidade contratante; g) indicação de vinculação ou dependência com o objeto de outro documento de formalização de demanda para a sua execução, com vistas a determinar a sequência em que as contratações serão realizadas; e h) nome da área requisitante ou técnica com a identificação do responsável.",https://cdn.cebraspe.org.br/concursos/tc_df_24_auditor/arquivos/TCDF_AUDITOR_PROVA_DISCURSIVA__ESPECIALIDADE_3.PDF,https://cdn.cebraspe.org.br/concursos/tc_df_24_auditor/arquivos/PADRO_DEFINITIVO_DE_RESPOSTAS___PROVA_DISCURSIVA__ESPECIALIDADE_3.PDF,"caderno oficial, PDF p. 3","padrão definitivo, PDF pp. 2–3",confirmado,A sigla do órgão emissor aparece como SGD/SEDGG/ME no documento histórico e como SGD/ME no edital do TCE-MA; trata-se da IN nº 94/2022.,"[""GESTÃO E GOVERNANÇA DE TI"", ""CONTRATAÇÕES DE TI""]","[""aplicação normativa"", ""conceitual""]",médio,sim,não,não,não,sim,não,não,não,sim,[2022],"QUESITOS AVALIADOS
QUESITO 2.1 – Integrantes da equipe de planejamento da contratação
Conceito 0 – Não citou nenhum integrante da equipe de planejamento da contratação ou o fez de forma totalmente equivocada.
Conceito 1 – Citou, corretamente, apenas um dos integrantes da equipe de planejamento da contratação.
Conceito 2 – Citou, corretamente, apenas dois dos integrantes da equipe de planejamento da contratação.
Conceito 3 – Citou, corretamente, os três integrantes da equipe de planejamento da contratação.
QUESITO 2.2 – Perfil de cada um dos integrantes da equipe de planejamento da contratação
Conceito 0 – Não descreveu o perfil de nenhum dos integrantes da equipe de planejamento da contratação ou o fez de forma
totalmente equivocada.
Conceito 1 – Descreveu, corretamente, apenas o perfil de um dos integrantes da equipe de planejamento da contratação.
Conceito 2 – Descreveu, corretamente, apenas o perfil de dois dos integrantes da equipe de planejamento da contratação.
Conceito 3 – Descreveu os perfis de todos os integrantes da equipe de planejamento da contratação, mas o fez de forma
parcialmente correta ou de forma insuficiente.
Conceito 4 – Descreveu, corretamente, os perfis de todos os três integrantes da equipe de planejamento da contratação.
QUESITO 2.3 – Etapas da fase do planejamento da contratação
Conceito 0 – Não descreveu nenhuma das etapas da fase de planejamento da contratação ou o fez de forma totalmente
incorreta.
Conceito 1 – Descreveu, corretamente, apenas uma das etapas da fase de planejamento da contratação.
Conceito 2 – Descreveu, corretamente, apenas duas das etapas da fase de planejamento da contratação.
Conceito 3 – Descreveu as três etapas da fase de planejamento da contratação, mas o fez de forma parcialmente correta ou de
forma insuficiente.
Conceito 4 – Descreveu, corretamente, as três etapas da fase de planejamento da contratação.
QUESITO 2.4 – Conceito de documento de formalização da demanda
Conceito 0 – Não apresentou o conceito de documento de formalização da demanda ou o fez de forma totalmente equivocada.
Conceito 1 – Apresentou o conceito de forma precária ou superficial.
Conceito 2 – Apresentou o conceito de forma parcialmente correta ou de forma insuficiente.
Conceito 3 – Apresentou corretamente o conceito de documento de formalização da demanda.
QUESITO 2.5 – Três informações que deverão constar no documento de formalização da demanda
Conceito 0 – Não mencionou nenhuma das informações que deverão constar no documento ou o fez de forma totalmente
equivocada.
Conceito 1 – Mencionou corretamente apenas uma das informações que deverão constar no documento.
Conceito 2 – Mencionou corretamente apenas duas das informações que deverão constar no documento.
Conceito 3 – Mencionou três ou mais informações que deverão constar no documento, mas o fez de forma parcialmente correta
ou de forma insuficiente.
Conceito 4 – Mencionou corretamente três ou mais informações que deverão constar no documento.","{""pontuacao_total"": ""10,00"", ""valores_explicitos_no_enunciado"": [""[valor: 1,50 ponto]"", ""[valor: 2,00 pontos]"", ""[valor: 3,00 pontos]"", ""[valor: 1,00 ponto]"", ""[valor: 2,00 pontos]""]}"
tcdf_2024_ace_ti_infra_peca,tcdf_2024_ace_ti_infra,2024,Tribunal de Contas do Distrito Federal (TCDF),Auditor de Controle Externo – Área Especializada,Tecnologia da Informação – Orientação Microinformática e Infraestrutura de TI,peça de natureza técnica — informação,50,"40,00","Houve um problema na estrutura de rede do TCDF e, diante desse fato, a Presidência do TCDF instou à Secretaria-Geral de Administração (SEGEDAM) que buscasse soluções para o problema. A SEGEDAM, então, solicitou à Divisão de Fiscalização de Tecnologia da Informação (DIFTI), por meio do Memorando n.º 016/24 – SEGEDAM, informações técnicas sobre os dois modelos de rede (OSI e TCP/IP) implantados no órgão. Com base na situação hipotética apresentada, redija, na condição de servidor da DIFTI ocupante do cargo de auditor de controle externo, peça de natureza técnica (informação) em que sejam descritas as camadas dos modelos de rede OSI e TCP/IP. Ao elaborar a peça, atenda à estrutura estabelecida no Manual de Redação Oficial do TCDF (2.ª edição), date a informação no dia de hoje e utilize a letra X para qualquer dado necessário e não especificado na situação hipotética. Não crie fatos novos.","[""estrutura de informação do Manual de Redação Oficial do TCDF"", ""sete camadas do modelo OSI"", ""cinco camadas do modelo TCP/IP""]",Modelos de rede OSI e TCP/IP,"[""camada física"", ""enlace"", ""rede"", ""transporte"", ""sessão"", ""apresentação"", ""aplicação""]",Informação técnica solicitada após problema na estrutura de rede do TCDF.,"[""modelo OSI"", ""modelo TCP/IP"", ""Manual de Redação Oficial do TCDF — 2.ª edição""]",específico,inexistente,[],"TRIBUNAL DE CONTAS DO DISTRITO FEDERAL (TCDF) SECRETARIA-GERAL DE ADMINISTRAÇÃO DIVISÃO DE FISCALIZAÇÃO DE TECNOLOGIA DA INFORMAÇÃO Informação n.º XXXXX/24 – DIFTI Brasília (DF), 17 de novembro de 2024. Processo n.º : XXXXX/XX Jurisdicionado(a): Secretaria-Geral de Administração (SEGEDAM) Assunto: Modelos de rede OSI e TCP/IP Ementa: Descrição das camadas dos modelos de rede OSI e TCP/IP Senhor(a) Secretária(o)-Geral de Administração, Conforme solicitado no Memorando n.º 016/24 – SEGEDAM, apresentamos a descrição das camadas dos modelos de rede OSI e TCP/IP. 2. O modelo OSI é composto de sete camadas, que podem ser assim descritas: (i) a camada física consiste em uma conexão de dados entre um dispositivo que gera dados e a rede; (ii) o enlace de dados é a conexão ponto a ponto que transmite os dados para a camada de rede; (iii) a rede é a camada onde os dados obtêm seu endereço e instruções de roteamento em preparação para sua jornada pela rede; (iv) o transporte é a camada em que os dados saltam entre diferentes pontos na rede a caminho de seu destino; (v) a sessão tem uma conexão que gerencia as sessões que ocorrem entre os aplicativos; (vi) a camada de apresentação consiste no local onde os dados são criptografados e descriptografados e convertidos em uma forma que é acessível pela camada de aplicações; e (vii) a camada de aplicação, em que os aplicativos, como um navegador de Internet, por exemplo, obtêm os dados e um usuário pode interagir com ele. 3. O modelo TCP/IP tem cinco camadas, que são assim descritas: (i) camada física, onde os dados são transformados em algo que pode ser enviado e lido por um computador ou outro dispositivo, a exemplo do protocolo IEEE 802.3, usado para converter dados em uma conexão Ethernet; (ii) enlace, onde o pacote de dados é formatado e preparado para ser transportado e roteado pela rede; (iii) rede, onde os dados obtêm um cabeçalho e um trailer, informando-os para onde ir; (iv) transporte, que é a camada onde os dados são codificados para que possam ser transportados pela Internet com o uso de UDP ou TCP; e (v) camada de aplicação, onde os dados se originam do lado do remetente. Um navegador da Web, por exemplo, é usado para gerar os dados que são enviados através do restante das camadas. 4. Os modelos OSI e TCP/IP possuem em comum as camadas de enlace, Internet ou rede, transporte e aplicação. 5. Prestadas as informações requeridas, sugere-se que se estabeleça contato com o suporte técnico para a identificação do problema surgido na estrutura de rede. À consideração superior. SERVIDOR DA DEFTI AUDITOR DE CONTROLE EXTERNO",https://cdn.cebraspe.org.br/concursos/tc_df_24_auditor/arquivos/TCDF_AUDITOR_PROVA_DISCURSIVA__ESPECIALIDADE_3.PDF,https://cdn.cebraspe.org.br/concursos/tc_df_24_auditor/arquivos/PADRO_DEFINITIVO_DE_RESPOSTAS___PROVA_DISCURSIVA__ESPECIALIDADE_3.PDF,"caderno oficial, PDF p. 4","padrão definitivo, PDF pp. 4–5",confirmado,"O Cargo 10 do TCE-MA não lista redes de computadores, TCP/IP ou modelo OSI; não se usou a presença genérica de ‘arquitetura’ para forçar correspondência.",[],"[""conceitual"", ""peça técnica""]",misto,não,não,não,sim,sim,não,não,não,não,[],"QUESITOS AVALIADOS
QUESITO 2.1 – Estruturação da informação de acordo com o Manual de Redação Oficial do TCDF
Conceito 0 – Não estruturou a peça ou o fez de forma totalmente diferente do previsto no referido manual.
Conceito 1 – Estruturou a peça de forma precária, tendo apresentado corretamente apenas entre um e três dos seguintes onze
elementos: (i) cabeçalho; (ii) denominação do ato; (iii) local e data; (iv) número do processo; (v) jurisdicionado(a); (vi)
assunto; (vii) ementa; (viii) vocativo; (ix) conteúdo da informação, com a correta numeração dos parágrafos; (x) fecho; (xi)
signatário.
Conceito 2 – Estruturou parcialmente a peça, tendo apresentado corretamente apenas entre quatro e seis dos onze elementos
anteriormente enumerados.
Conceito 3 – Estruturou parcialmente a peça, tendo apresentado corretamente apenas entre sete e dez dos onze anteriormente
enumerados.
Conceito 4 – Estruturou completamente a peça, tendo apresentado corretamente os onze elementos anteriormente enumerados.
QUESITO 2.2 – Descrição das sete camadas do modelo de rede OSI
Conceito 0 – Não descreveu nenhuma camada ou o fez de forma totalmente equivocada.
Conceito 1 – Descreveu corretamente apenas uma ou duas camadas.
Conceito 2 – Descreveu corretamente apenas três ou quatro camadas.
Conceito 3 – Descreveu corretamente apenas cinco ou seis camadas.
Conceito 4 – Descreveu corretamente as sete camadas.
QUESITO 2.3 – Descrição das cinco camadas do modelo de rede TCP/IP
Conceito 0 – Não descreveu nenhuma camada ou o fez de forma totalmente equivocada.
Conceito 1 – Descreveu corretamente apenas uma camada.
Conceito 2 – Descreveu corretamente apenas duas camadas.
Conceito 3 – Descreveu corretamente apenas três ou quatro camadas.
Conceito 4 – Descreveu corretamente as cinco camadas.","{""pontuacao_total"": ""40,00"", ""valores_explicitos_no_enunciado"": []}"
tce_ms_2025_ace_ti_q1,tce_ms_2025_ace_ti,2025,Tribunal de Contas do Estado de Mato Grosso do Sul (TCE/MS),Auditor de Controle Externo,Área: Tecnologia da Informação,questão dissertativa,20,"15,00","A inteligência artificial (IA) tem promovido transformações significativas em diversos setores, inclusive na administração pública, ao viabilizar melhorias na prestação de serviços por meio de tecnologias avançadas. O uso crescente da IA, no entanto, exige uma reflexão crítica sobre seus impactos na gestão pública, especialmente à luz dos princípios que regem a atuação do Estado. É necessário considerar tanto os avanços proporcionados por essa tecnologia quanto os desafios que sua implementação pode trazer, com vistas a promover maior agilidade, precisão e economia na administração pública, além de aprimorar a experiência do cidadão no acesso aos serviços oferecidos. Considerando que o fragmento de texto acima tem caráter unicamente motivador, redija um texto dissertativo a respeito do uso da IA no contexto da administração pública. Em seu texto, aborde os seguintes aspectos: 1 dois benefícios e duas limitações relacionados à infraestrutura tecnológica ou à integração de sistemas para o uso da IA na administração pública; [valor: 7,00 pontos] 2 dois exemplos práticos e tecnicamente viáveis de aplicação da IA em sistemas públicos de grande escala, bem como a abordagem técnica adequada para cada um deles. [valor: 7,25 pontos]","[""dois benefícios de infraestrutura/integração para IA"", ""duas limitações de infraestrutura/integração para IA"", ""dois exemplos de IA em sistemas públicos de grande escala e abordagem técnica de cada um""]",Inteligência artificial na administração pública,"[""infraestrutura de IA"", ""integração de sistemas"", ""computação em nuvem"", ""APIs e microsserviços"", ""NLP"", ""aprendizado de máquina"", ""LLMs"", ""visão computacional""]","Avaliação de benefícios, limitações e aplicações tecnicamente viáveis de IA em sistemas públicos de grande escala.","[""IA"", ""cloud"", ""data lake/lakehouse"", ""APIs"", ""microsserviços"", ""deep learning"", ""LLM"", ""NLP"", ""RAG""]",específico,direta,"[""INTELIGÊNCIA ARTIFICIAL — 1 Inteligência artificial: fundamentos e aplicações."", ""INTELIGÊNCIA ARTIFICIAL — 2 Aprendizado de máquina."", ""INTELIGÊNCIA ARTIFICIAL — 4 Redes Neurais e Deep Learning. Arquiteturas de redes neurais, Frameworks, técnicas de treinamento e aplicações."", ""INTELIGÊNCIA ARTIFICIAL — 5 Processamento de linguagem natural. Modelos, pré‐processamento, agentes inteligentes e sistemas multiagentes."", ""INTELIGÊNCIA ARTIFICIAL — 6 Arquitetura e engenharia de sistemas de IA. MLOps. Deploy de modelos. Integração com computação em nuvem."", ""ARQUITETURA DE SOFTWARE — 3 Sistemas de N camadas; microsserviço."", ""ARQUITETURA DE SOFTWARE — 5 APIs, arquitetura cloud native."", ""ARQUITETURA DE SOFTWARE — 8 Barramento de serviços corporativos (ESB); interoperabilidade entre aplicações.""]","O(a) candidato(a) deve apresentar dois benefícios e duas limitações ligados à infraestrutura tecnológica e à integração de sistemas no uso da IA na administração pública. Entre os benefícios, podem-se citar a escalabilidade proporcionada pela computação em nuvem, que permite ajustar recursos de processamento conforme a demanda e viabiliza aplicações que exigem alto poder computacional, como a detecção de fraudes em tempo real; a integração e análise de grandes volumes de dados heterogêneos em plataformas consolidadas, como datalakes e lakehouse, que possibilita possibilitando o cruzamento de informações de diferentes sistemas governamentais para subsidiar políticas públicas baseadas em evidências e serviços personalizados ao cidadão; a redução de custos operacionais por meio da automação de tarefas; a interoperabilidade de sistemas via APIs e microsserviços; e a modernização de sistemas legados ao se migrar para arquiteturas mais abertas. Também se destaca como benefícios a ampliação da capacidade analítica do Estado por meio de modelos de aprendizado profundo (deep learning) e de modelos de linguagem de grande porte (LLMs), capazes de extrair padrões complexos de dados não estruturados — como textos, imagens e áudios — e o suporte à tomada de decisão estratégica por meio de painéis inteligentes e sistemas preditivos integrados a bases de dados interinstitucionais. Quanto às limitações, podem-se mencionar a dependência de sistemas legados e a baixa interoperabilidade, que dificultam a consolidação de dados necessária para modelos de IA; a necessidade de infraestrutura especializada e os custos elevados, já que a manutenção de modelos demanda servidores de alto desempenho, GPUs e conectividade robusta; o risco de indisponibilidade em ambientes críticos; as vulnerabilidades de segurança nas integrações; e a falta de padronização de protocolos e metadados. A resposta deve demonstrar clareza sobre como a infraestrutura e a integração são elementos-chave para o sucesso da IA, de forma que se equilibrem os avanços potenciais e as barreiras técnicas e financeiras a serem enfrentadas pelo setor público. O(a) candidato(a) deve apresentar dois exemplos tecnicamente viáveis de aplicação de IA em sistemas públicos de grande escala, evidenciando a abordagem técnica empregada em cada um deles. A aplicação da inteligência artificial em larga escala na administração pública pode ser exemplificada pelo uso de chatbots baseados em processamento de linguagem natural (NLP), integrados a sistemas como <gov.br>, TCU e INSS, dentre outros, que possibilitam atendimento contínuo, ágil e padronizado ao cidadão, reduzindo filas e custos operacionais; e pela detecção de fraudes em benefícios sociais e licitações, por meio de modelos supervisionados de aprendizado de máquina, capazes de identificar padrões anômalos em grandes bases de dados, apoiar a tomada de decisão dos órgãos de controle e aumentar a confiabilidade e a transparência dos processos, resultando em serviços públicos mais eficientes. Outros exemplos podem ser citados, como: análise preditiva em saúde pública — uso de IA para prever surtos de epidemias a partir de dados hospitalares e ambientais; reconhecimento automatizado de imagens em inspeções urbanas — uso de visão computacional para identificar problemas de infraestrutura (iluminação, pavimentação, coleta de lixo); e sistemas de recomendação — uso de IA para personalizar conteúdos em plataformas de ensino público, adaptando trilhas de aprendizado ao perfil de cada estudante. Outros exemplos tecnicamente viáveis incluem: (1) o uso de modelos de linguagem treinados em dados governamentais para sumarização e análise automatizada de documentos administrativos, licitação e compras públicas, processos judiciais, dentre outros, com abordagem técnica baseada em fine-tuning de LLMs, RAG (Retrieval-Augmented Generation) e Agentes Inteligentes; (2) o emprego de visão computacional em imagens de satélite ou drones, utilizando redes neurais convolucionais, para apoio a políticas de fiscalização ambiental, do uso do solo e de imóveis rurais e urbanos. Esses exemplos não são exaustivos, e espera-se que o(a) candidato(a) apresente exemplos que ilustram a aplicação da IA não apenas como ferramenta de automação, mas como componente estratégico para gestão pública baseada em dados, desde que acompanhada de infraestrutura adequada, integração segura e governança de dados responsável.",https://cdn.cebraspe.org.br/concursos/tce_ms_25/arquivos/9D84E7DA00CB1E6420C5FA623DFD21125CAE15D164C982C05536423237BFC1BC.pdf,https://cdn.cebraspe.org.br/concursos/tce_ms_25/arquivos/737DF8925BAB03880ECC1029ABB1F3CCFD17897262638E79E1D5466427410693.pdf,"caderno oficial, PDF p. 1","padrão definitivo, PDF pp. 1–2",confirmado,,"[""INTELIGÊNCIA ARTIFICIAL"", ""ARQUITETURA DE SOFTWARE""]","[""análise técnica"", ""projeto/arquitetura""]",médio,não,sim,não,sim,sim,não,não,não,não,[],"QUESITOS AVALIADOS
Quesito 2.1 – Benefícios do uso da IA na administração pública (infraestrutura e integração de sistemas)
Conceito 0 – Não abordou o quesito ou apresentou informações totalmente equivocadas.
Conceito 1 – Citou apenas um benefício da IA quanto à infraestrutura tecnológica ou integração de sistemas, mas não o
vinculou adequadamente ao contexto da administração pública.
Conceito 2 – Citou apenas um benefício da IA quanto à infraestrutura tecnológica ou integração de sistemas, de forma
adequadamente relacionada ao contexto da administração pública, OU citou dois benefícios, mas sem relacioná-los
corretamente à administração pública.
Conceito 3 – Citou corretamente dois benefícios da IA quanto à infraestrutura tecnológica ou integração de sistemas, com
relação clara com o contexto da administração pública.
Quesito 2.2 – Limitações do uso da IA na administração pública (infraestrutura e integração de sistemas)
Conceito 0 – Não abordou o quesito ou apresentou informações totalmente equivocadas.
Conceito 1 – Citou uma limitação relacionada à infraestrutura ou integração de sistemas, mas não a vinculou adequadamente
ao contexto da administração pública.
Conceito 2 – Citou apenas uma limitação de forma adequada ao contexto da administração pública, OU citou duas limitações,
mas sem relacioná-las corretamente à administração pública.
Conceito 3 – Citou corretamente duas limitações relacionadas à infraestrutura tecnológica e à integração de sistemas, com
relação clara ao contexto da administração pública.
Quesito 2.3 – Exemplos práticos de aplicação de IA em sistemas públicos de grande escala
Conceito 0 – Não abordou o quesito ou o fez de forma totalmente equivocada.
Conceito 1 – Citou apenas um exemplo genérico ou pouco relacionado à administração pública, OU citou um exemplo, mas
não descreveu a abordagem técnica ou a descreveu de forma equivocada.
Conceito 2 – Citou corretamente apenas um exemplo devidamente relacionado à administração pública com descrição da
abordagem técnica adequada, OU citou dois exemplos, porém os detalhes da abordagem técnica foram superficiais ou
incompletos.
Conceito 3 – Citou corretamente dois exemplos devidamente relacionados à administração pública, com descrição adequada da
abordagem técnica empregada em cada um deles.","{""pontuacao_total"": ""15,00"", ""valores_explicitos_no_enunciado"": [""[valor: 7,00 pontos]"", ""[valor: 7,25 pontos]""]}"
tce_ms_2025_ace_ti_q2,tce_ms_2025_ace_ti,2025,Tribunal de Contas do Estado de Mato Grosso do Sul (TCE/MS),Auditor de Controle Externo,Área: Tecnologia da Informação,questão dissertativa,20,"15,00","No que concerne à contratação de bens e serviços de TI pela administração pública, redija um texto dissertativo abordando os seguintes aspectos: 1 os deveres do fiscal na fiscalização da execução do contrato, conforme as previsões da Lei n.º 14.133/2021. [valor: 5,25 pontos] 2 as fases do processo de contratação de TI, bem como pelo menos dois aspectos relevantes de cada fase, de acordo com a IN SGD/ME n.º 94/2022. [valor: 9,00 pontos]","[""deveres do fiscal do contrato"", ""fases do processo de contratação de TI"", ""dois aspectos relevantes de cada fase""]",Contratação e fiscalização de bens e serviços de TI,"[""fiscalização contratual"", ""planejamento"", ""seleção do fornecedor"", ""gestão do contrato"", ""DFD"", ""ETP"", ""TR"", ""gerenciamento de riscos""]",Exposição normativa sobre fiscalização e fases da contratação pública de TI.,"[""Lei n.º 14.133/2021"", ""IN SGD/ME n.º 94/2022""]",específico,direta,"[""GESTÃO E GOVERNANÇA DE TI — 6 Contratações de TI no setor público."", ""CONTRATAÇÕES DE TI — 1 Gestão de contratação de soluções de TI."", ""CONTRATAÇÕES DE TI — 2 Legislação aplicável à contratação de bens e serviços de TI e suas alterações."", ""CONTRATAÇÕES DE TI — 2.1 Lei nº 14.133/2021."", ""CONTRATAÇÕES DE TI — 2.2 Instrução Normativa SGD/ME nº 94/2022.""]","A Lei n.º 14.133/2021, em seu art. 117, estabelece os deveres do fiscal de contratos. São eles: (i) registrar ocorrências relacionadas à execução do contrato e determinar providências, conforme previsto no art. 117, § 1.º, da Lei n.º 14.133/2021 e (ii) informar à autoridade superior a respeito de situação que demandar decisão ou providência que ultrapasse sua competência, de acordo com o art. 117, § 2.º, da referida lei. As contratações de solução de TIC devem seguir as fases: (i) planejamento da contratação, (ii) seleção do fornecedor e (iii) gestão do contrato. A fase de planejamento da contratação tem os seguintes aspectos relevantes, dos quais o candidato deverá mencionar pelo menos dois: • identificação da necessidade, formalizada no documento de formalização da demanda – DFD (art. 10, I), que também deve registrar o alinhamento da contratação ao PDTIC da organização; • instituição da equipe de planejamento da contratação – EPC (art. 9.º, I, e art. 10, caput); • elaboração do estudo técnico preliminar – ETP (art. 9.º, II, e art. 11), detalhando-se alternativas de solução, análise de custos, benefícios e justificativa da opção escolhida; • gerenciamento de riscos, com a elaboração do mapa de gerenciamento de riscos, que deve contemplar identificação, análise, avaliação e tratamento dos riscos relacionados à contratação (art. 8.º, § 1.º, e art. 38, § 1.º, da IN SGD/ME n.º 94/2022); • produção do termo de referência – TR (art. 9.º, III, e art. 12 da IN SGD/ME n.º 94/2022), documento que consolida os requisitos da solução e serve de base para a fase de seleção do fornecedor; • verificação do alinhamento da contratação ao PDTIC da instituição, exigência expressa no DFD (art. 10, I, da IN SGD/ME n.º 94/2022) e reafirmada na justificativa do TR (art. 15, I, da IN SGD/ME n.º 94/2022). Já na fase da seleção do fornecedor, é obrigatória a utilização da modalidade pregão para as contratações de que trata a IN SGD/ME n.º 94/2022 sempre que a solução de TIC for enquadrada como bem ou serviço comum, sendo possível a utilização do diálogo competitivo nos casos específicos do art. 32 da Lei n.º 14.133/2021, desde que devidamente justificada (art. 25, parágrafo único, da IN SGD/ME n.º 94/2022). Os aspectos relevantes da fase de seleção do fornecedor são os seguintes, devendo o candidato citar pelo menos dois: • encaminhamento do TR ou documento equivalente à área de licitações da organização (art. 26 da IN SGD/ME n.º 94/2022); • condução do processo licitatório pela área de licitações (art. 27 da IN SGDME n.º 94/2022); • análise, pela EPC, das sugestões feitas pelas outras áreas envolvidas na contratação (art. 28, I, da IN SGD/ME n.º 94/2022); • atuação da EPC na resposta a questionamentos e impugnações dos licitantes (art. 28, II, da IN SGDME n.º 94/2022); • apoio da EPC na análise e no julgamento das propostas e recursos apresentados pelos licitantes (art. 28, II, da IN SGD/ME n.º 94/2022); • participação da EPC na condução de eventual verificação de amostra do objeto, quando prevista (art. 28, II, da IN SGD/ME n.º 94/2022).; • gerenciamento de riscos, com a elaboração do mapa de gerenciamento de riscos. art. 38, §4º, II, da IN SGD/ME n.º 94/2022. Por fim, os aspectos relevantes da fase de gestão do contrato estão listados a seguir, devendo o candidato mencionar pelo menos dois: • nomeação do gestor e da equipe de fiscalização do contrato, composta por fiscal técnico, fiscal requisitante, fiscal administrativo e, quando necessário, fiscal setorial (art. 29 da IN SGD/ME n.º 94/2022); • início do contrato, com reunião inicial registrada em ata, apresentação do preposto da contratada, entrega dos termos de compromisso e ciência, e definição de questões operacionais (art. 31 da IN SGD/ME n.º 94/2022); • encaminhamento formal de demandas por meio de ordens de serviço ou de fornecimento de bens (art. 32 da IN SGDME n.º 94/2022); • monitoramento e fiscalização da execução contratual (art. 33 da IN SGD/ME n.º 94/2022); • atividades de transição, prorrogação e encerramento contratual (arts. 35 e 36 da IN SGD/ME n.º 94/2022).; • recebimento provisório das entregas da contratada, formalizado em Termo de Recebimento Provisório – TRP a ser elaborado pelo Fiscal Técnico do contrato (art. 33, II, “i”, da IN SGD/ME n.º 94/2022,); • gerenciamento de riscos, com a elaboração do mapa de gerenciamento de riscos. art. 38, §4º, III, da IN SGD/ME n.º 94/2022.",https://cdn.cebraspe.org.br/concursos/tce_ms_25/arquivos/9D84E7DA00CB1E6420C5FA623DFD21125CAE15D164C982C05536423237BFC1BC.pdf,https://cdn.cebraspe.org.br/concursos/tce_ms_25/arquivos/737DF8925BAB03880ECC1029ABB1F3CCFD17897262638E79E1D5466427410693.pdf,"caderno oficial, PDF p. 2","padrão definitivo, PDF pp. 3–4",confirmado,O cabeçalho desta questão no padrão definitivo registra 25/10/2025; o caderno e o restante da prova registram 26/10/2025.,"[""GESTÃO E GOVERNANÇA DE TI"", ""CONTRATAÇÕES DE TI""]","[""aplicação normativa"", ""conceitual""]",médio,sim,não,não,não,sim,não,não,não,sim,"[2021, 2022]","QUESITOS AVALIADOS
Quesito 2.1 – Deveres do fiscal do contrato
Conceito 0 – Não abordou o quesito ou apresentou informações totalmente equivocadas.
Conceito 1 – Abordou corretamente apenas um dos deveres do fiscal na fiscalização de contratos.
Conceito 2 – Abordou corretamente os dois deveres do fiscal na fiscalização de contratos.
Quesito 2.2 – Fase de planejamento da contratação
Conceito 0 – Não mencionou a fase de planejamento da contratação e tampouco abordou seus aspectos relevantes.
Conceito 1 – Mencionou a fase de planejamento da contratação, mas não abordou nenhum de seus aspectos relevantes.
Conceito 2 – Mencionou a fase de planejamento da contratação, mas abordou corretamente apenas um de seus aspectos
relevantes.
Conceito 3 – Mencionou a fase de planejamento da contratação e abordou corretamente pelo menos dois de seus aspectos
relevantes.
Quesito 2.3 – Fase de seleção do fornecedor
Conceito 0 – Não mencionou a fase de seleção do fornecedor e tampouco abordou seus aspectos relevantes.
Conceito 1 – Mencionou a fase de seleção do fornecedor, mas não abordou nenhum de seus aspectos relevantes.
Conceito 2 – Mencionou a fase de seleção do fornecedor, mas abordou corretamente apenas um de seus aspectos relevantes.
Conceito 3 – Mencionou a fase de seleção do fornecedor e abordou corretamente pelo menos dois de seus aspectos relevantes.
Quesito 2.4 – Fase de gestão do contrato
Conceito 0 – Não mencionou a fase de gestão do contrato e tampouco abordou seus aspectos relevantes.
Conceito 1 – Mencionou a fase de gestão do contrato, mas não abordou nenhum de seus aspectos relevantes.
Conceito 2 – Mencionou a fase de gestão do contrato, mas abordou corretamente apenas um de seus aspectos relevantes.
Conceito 3 – Mencionou a fase de gestão do contrato e abordou corretamente pelo menos dois de seus aspectos relevantes.","{""pontuacao_total"": ""15,00"", ""valores_explicitos_no_enunciado"": [""[valor: 5,25 pontos]"", ""[valor: 9,00 pontos]""]}"
tce_ms_2025_ace_ti_q3,tce_ms_2025_ace_ti,2025,Tribunal de Contas do Estado de Mato Grosso do Sul (TCE/MS),Auditor de Controle Externo,Área: Tecnologia da Informação,questão dissertativa,20,"15,00","Uma empresa de comércio eletrônico identificou que, durante os finais de semana, o tempo de resposta do seu site aumenta de forma expressiva, o que gera reclamações de clientes e abertura de diversos chamados no service desk. Além disso, o contrato firmado entre a empresa e seus clientes prevê que o site deve manter 95% de disponibilidade mensal, mas o relatório do último mês evidenciou apenas 91%. Durante análise, verificou-se que não havia informações completas sobre dependências entre serviços e infraestrutura, dificultando a identificação da causa-raiz do problema. A partir da situação hipotética apresentada, redija, com base no ITIL V4, um texto dissertativo a respeito de gestão e segurança de tecnologia da informação. Em seu texto, atenda ao que se pede a seguir. 1 Explique o papel do gerenciamento de problemas e como ele deve atuar para evitar que se repitam as falhas de desempenho do site aos finais de semana. [valor: 5,00 pontos] 2 Discorra sobre o papel do gerenciamento de nível de serviço diante da quebra do acordo de disponibilidade com os clientes. [valor: 5,00 pontos] 3 Explique de que forma o gerenciamento de configuração de serviço poderia ter contribuído para reduzir o impacto e acelerar a solução dos problemas da empresa em apreço. [valor: 4,25 pontos]","[""papel do gerenciamento de problemas e prevenção de recorrência"", ""gerenciamento de nível de serviço diante do SLA descumprido"", ""gerenciamento de configuração para reduzir impacto e acelerar solução""]",Gestão de serviços de TI (ITIL v4),"[""gerenciamento de problemas"", ""nível de serviço"", ""SLA"", ""disponibilidade"", ""gerenciamento de configuração"", ""CMDB"", ""causa-raiz""]","Site com degradação recorrente, SLA de disponibilidade descumprido e dados incompletos de dependências.","[""ITIL v4"", ""SLA"", ""service desk"", ""CMDB""]",específico,direta,"[""GESTÃO E GOVERNANÇA DE TI — 3 Gestão de serviços de TI (ITIL v4).""]","1 O gerenciamento de problemas visa identificar a causa-raiz das falhas recorrentes de desempenho, analisando tendências dos incidentes e propondo soluções definitivas para evitar a sua repetição. Nesse caso, a prática deve investigar se o aumento do tempo de resposta aos finais de semana está relacionado a gargalos de infraestrutura, falhas de configuração ou limitações de capacidade, documentando as causas e recomendando mudanças permanentes, como ajustes em servidores, bancos de dados ou balanceamento de carga. 2 O gerenciamento de nível de serviço é responsável por garantir que os acordos firmados com os clientes sejam cumpridos. Uma vez que o SLA de disponibilidade não foi cumprido, essa prática deve reportar os resultados reais, analisar o impacto da falha sobre a percepção do cliente, negociar ações corretivas e propor ajustes nos acordos ou planos de melhoria, assegurando alinhamento entre as expectativas dos clientes e a capacidade da TI. 3 O gerenciamento de configuração de serviço contribuiria para a redução do impacto e para a aceleração da solução do problema ao manter informações completas e atualizadas sobre os ativos de TI e suas relações na CMDB. Isso permitiria identificar rapidamente quais componentes suportam o site, suas dependências e os possíveis pontos de falha, acelerando a análise, reduzindo o tempo de resolução e fornecendo dados confiáveis para apoiar tanto a investigação do problema quanto a revisão dos níveis de serviço. Dessa forma, a integração das três práticas fortalece a confiabilidade, a transparência e a satisfação do cliente.",https://cdn.cebraspe.org.br/concursos/tce_ms_25/arquivos/9D84E7DA00CB1E6420C5FA623DFD21125CAE15D164C982C05536423237BFC1BC.pdf,https://cdn.cebraspe.org.br/concursos/tce_ms_25/arquivos/737DF8925BAB03880ECC1029ABB1F3CCFD17897262638E79E1D5466427410693.pdf,"caderno oficial, PDF p. 3","padrão definitivo, PDF p. 5",confirmado,,"[""GESTÃO E GOVERNANÇA DE TI""]","[""situação-problema"", ""análise técnica""]",médio,sim,sim,não,não,sim,não,não,não,não,[],"QUESITOS AVALIADOS
Quesito 2.1 – Gerenciamento de problemas
Conceito 0 – Não abordou o quesito ou o fez de forma totalmente equivocada.
Conceito 1 – Explicou o papel do gerenciamento de problemas, mas não o relacionou à situação hipotética em apreço.
Conceito 2 – Explicou o papel do gerenciamento de problemas, mas o relacionou apenas superficialmente à situação hipotética
em apreço.
Conceito 3 – Explicou o papel do gerenciamento de problemas, relacionando-o adequadamente à situação hipotética em
apreço.
Quesito 2.2 – Gerenciamento de nível de serviço
Conceito 0 – Não abordou o quesito ou o fez de forma totalmente equivocada.
Conceito 1 – Discorreu sobre o papel do gerenciamento de nível serviço, mas não o relacionou à situação hipotética em apreço.
Conceito 2 – Discorreu sobre o papel do gerenciamento de nível serviço, mas o relacionou apenas superficialmente à situação
hipotética em apreço.
Conceito 3 – Discorreu sobre o papel do gerenciamento de nível serviço, relacionando-o adequadamente à situação hipotética
em apreço.
Quesito 2.3 – Gerenciamento de configuração de serviço
Conceito 0 – Não abordou o quesito ou o fez de forma totalmente equivocada.
Conceito 1 – Explicou apenas o gerenciamento de configuração de serviço poderia beneficiar a redução do impacto e acelerar a
solução dos problemas da empresa em apreço.
Conceito 2 – Explicou de que forma o gerenciamento de configuração de serviço poderia beneficiar a redução do impacto e
acelerar a solução dos problemas da empresa em apreço.","{""pontuacao_total"": ""15,00"", ""valores_explicitos_no_enunciado"": [""[valor: 5,00 pontos]"", ""[valor: 5,00 pontos]"", ""[valor: 4,25 pontos]""]}"
tce_ms_2025_ace_ti_peca,tce_ms_2025_ace_ti,2025,Tribunal de Contas do Estado de Mato Grosso do Sul (TCE/MS),Auditor de Controle Externo,Área: Tecnologia da Informação,peça de natureza técnica — parecer,60,"55,00","Um órgão da administração pública federal realizou a contratação direta, por inexigibilidade, de uma empresa para desenvolvimento e implantação de um novo sistema de processo eletrônico. O processo foi instruído com estudo técnico preliminar (ETP) genérico, que não detalhava os requisitos da solução nem apresentava um levantamento aprofundado de alternativas no mercado, encerrando-se com uma alegação sucinta de inviabilidade de competição para justificar a inexigibilidade. Na fase de seleção, a análise da proposta técnica da empresa contratada consistiu simplesmente na expressão “De acordo”, dada por um gestor, sem parecer técnico que avaliasse o alinhamento da solução ofertada com os requisitos do órgão. Após seis meses de execução contratual, período no qual os pagamentos estavam sendo realizados com base nas horas trabalhadas pela equipe da contratada (pagamento por esforço), o órgão celebrou um termo aditivo que aumentou o valor global do contrato em 35%, sob a mera justificativa de “novas necessidades funcionais”. A partir da situação hipotética apresentada, elabore um parecer técnico acerca da condução do processo de contratação descrito, com fundamentação jurídica e técnica, à luz da legislação vigente e dos princípios da administração pública. Em seu parecer, analise os seguintes aspectos: 1 escolha da contratação direta por inexigibilidade na situação, abordando três pressupostos legais indispensáveis para sua caracterização; [valor: 16,60 pontos] 2 irregularidade do ETP elaborado no caso, considerando sua finalidade, e princípio administrativo violado na situação; [valor: 10,20 pontos] 3 irregularidade da análise da proposta técnica feita na situação, considerando sua finalidade, e exemplos de itens a serem verificados; [valor: 9,60 pontos] 4 modalidade de pagamento adotada e riscos a ela associados, recomendando outra modalidade de pagamento mais apropriada e esclarecendo a necessidade de cláusulas de nível de serviço (SLA); [valor: 11,85 pontos] 5 legalidade do termo aditivo celebrado, indicando o limite percentual admitido pela legislação vigente para acréscimos contratuais. [valor: 4,00 pontos]","[""inexigibilidade e três pressupostos legais"", ""finalidade e deficiência do ETP e princípio violado"", ""finalidade e deficiência da análise técnica e itens de verificação"", ""pagamento por esforço, riscos, alternativa por resultados e SLA"", ""legalidade do aditivo e limite percentual""]",Parecer sobre contratação direta e execução de contrato de TI,"[""inexigibilidade"", ""ETP"", ""análise de proposta técnica"", ""requisitos funcionais e não funcionais"", ""pagamento por esforço"", ""pontos de função"", ""SLA"", ""acréscimo contratual""]","Contratação direta de sistema com planejamento deficiente, análise técnica insuficiente, pagamento por horas e aditivo de 35%.","[""Lei n.º 14.133/2021"", ""IN SGD/ME n.º 94/2022"", ""Lei n.º 9.784/1999"", ""ITIL"", ""COBIT"", ""SLA"", ""pontos de função""]",específico,direta,"[""ENGENHARIA DE SOFTWARE — 4 Elicitação e gerenciamento de requisitos."", ""GESTÃO E GOVERNANÇA DE TI — 1 Governança corporativa de TI (COBIT 2019, ISO/IEC 38500)."", ""GESTÃO E GOVERNANÇA DE TI — 3 Gestão de serviços de TI (ITIL v4)."", ""GESTÃO E GOVERNANÇA DE TI — 6 Contratações de TI no setor público."", ""CONTRATAÇÕES DE TI — 1 Gestão de contratação de soluções de TI."", ""CONTRATAÇÕES DE TI — 2.1 Lei nº 14.133/2021."", ""CONTRATAÇÕES DE TI — 2.2 Instrução Normativa SGD/ME nº 94/2022.""]","A contratação por inexigibilidade de licitação é medida excepcional e (i) exige a comprovação inequívoca da inviabilidade de competição, conforme o art. 74 da Lei n.º 14.133/2021. Para serviços técnicos especializados, como o desenvolvimento de software , a hipótese mais comum (inciso III do art. 74) demanda a (ii) demonstração da notória especialização do contratado e (iii) a singularidade do objeto a ser contratado. (iv) Uma alegação sucinta de inviabilidade de competição decorrente de um planejamento falho compromete a legalidade do ato, indicando aparente vício na escolha da contratação direta, que deveria ter sido, em regra, precedida do devido processo licitatório (pregão). O estudo técnico preliminar (ETP) é o artefato de planejamento essencial para a (v) fundamentação da necessidade e a busca da solução mais vantajosa para a administração pública. Sua elaboração genérica, sem o levantamento de alternativas de mercado e a definição clara dos requisitos, (vi) fere o princípio da motivação, previsto noa art. 50 da Lei n.º 9.784/1999 Lei n.º 14.133/2021 (art. 5º) e na Constituição Federal (art. 37, caput), representando violação do dever de fundamentação dos atos administrativos. A motivação deve ser explícita, clara e congruente. (vii) Um ETP deficiente resulta em um ato administrativo desprovido da fundamentação legal exigida. (viii) A análise da proposta técnica é um procedimento indeclinável, mesmo em contratações diretas, pois é o momento em que a administração pública verifica se a solução ofertada atende, de fato, aos requisitos definidos no ETP. (ix) A ausência de um parecer técnico fundamentado, substituído por um mero “De acordo”, configura falha grave na instrução processual e viola o dever de diligência do gestor. (x) Tal análise deve avaliar aspectos, como arquitetura da solução, tecnologia, segurança e escalabilidade, aderência ao PDTIC, e análise de requisitos funcionais e não funcionais, garantindo que o objeto a ser contratado seja tecnicamente compatível com a necessidade pública. (xi) O modelo de pagamento por esforço, baseado na remuneração por horas trabalhadas, modelo de contratação que, além de ser vedado pela IN SGD/ME n.º 94/2022 (art. 5º, VIII) sem justificativa e desvinculado de entregas, acarreta riscos elevados de ineficiência (como a ausência de controle de produtividade), de desperdício de recursos públicos (risco de sobrecarga orçamentária) e de desalinhamento entre o interesse da contratada e o da administração pública, que busca o resultado. (xii) O ideal, para contratos de TI, é o pagamento vinculado a produtos ou resultados entregues (a exemplo da remuneração por Pontos de Função - PF). (xiii) Para isso, as cláusulas de nível de serviço (SLA) são o instrumento de controle fundamental (conforme boas práticas de governança, como ITIL e COBIT, e exigido pela IN SGD/ME n.º 94/2022), pois estabelecem métricas objetivas de desempenho e qualidade que condicionam a remuneração ao efetivo atingimento das metas, mitigando o risco de pagar por um serviço que não gera valor público ou retorno efetivo à sociedade. O art. 125 da Lei n.º 14.133/2021 estabelece (xiv) um limite máximo de 25% do valor inicial atualizado do contrato (ou valor global) para acréscimos em contratos de serviços. (xv) Ao extrapolar esse percentual, o gestor praticou ato irregular, passível de anulação e responsabilização, conforme os princípios da legalidade e da responsabilidade administrativa.",https://cdn.cebraspe.org.br/concursos/tce_ms_25/arquivos/9D84E7DA00CB1E6420C5FA623DFD21125CAE15D164C982C05536423237BFC1BC.pdf,https://cdn.cebraspe.org.br/concursos/tce_ms_25/arquivos/737DF8925BAB03880ECC1029ABB1F3CCFD17897262638E79E1D5466427410693.pdf,"caderno oficial, PDF p. 4","padrão definitivo, PDF pp. 6–7",confirmado,,"[""ENGENHARIA DE SOFTWARE"", ""GESTÃO E GOVERNANÇA DE TI"", ""CONTRATAÇÕES DE TI""]","[""estudo de caso"", ""aplicação normativa"", ""peça técnica""]",misto,sim,sim,sim,não,sim,não,não,não,sim,"[1999, 2021, 2022]","QUESITOS AVALIADOS
Quesito 2.1 – Escolha da contratação direta por inexigibilidade e pressupostos legais indispensáveis para a
caracterização da inexigibilidade
Conceito 0 – Não analisou a escolha da contratação direta por inexigibilidade ou afirmou sua regularidade no caso.
Conceito 1 – Abordou, corretamente, apenas um dos aspectos destacados de (i) a (iv) no padrão de resposta.
Conceito 2 – Abordou, corretamente, apenas dois dos aspectos destacados de (i) a (iv) no padrão de resposta.
Conceito 3 – Abordou, corretamente, apenas três dos aspectos destacados de (i) a (iv) no padrão de resposta.
Conceito 4 – Abordou, corretamente, todos os aspectos destacados de (i) a (iv) no padrão de resposta.
Quesito 2.2 – Finalidade do ETP, irregularidade do ETP elaborado e princípio administrativo violado
Conceito 0 – Não analisou o ETP elaborado na situação ou afirmou sua regularidade.
Conceito 1 – Abordou, corretamente, apenas um dos aspectos destacados de (v) a (vii) no padrão de resposta.
Conceito 2 – Abordou, corretamente, apenas dois dos aspectos destacados de (v) a (vii) no padrão de resposta.
Conceito 3 – Abordou, corretamente, todos os aspectos destacados de (v) a (vii) no padrão de resposta.
Quesito 2.3 – Finalidade da análise da proposta técnica, irregularidade da análise realizada e exemplos de itens a serem
verificados
Conceito 0 – Não avaliou a análise da proposta técnica na situação ou afirmou sua regularidade.
Conceito 1 – Abordou, corretamente, apenas um dos aspectos destacados de (viii) a (x) no padrão de resposta.
Conceito 2 – Abordou, corretamente, apenas dois dos aspectos destacados de (viii) a (x) no padrão de resposta.
Conceito 3 – Abordou, corretamente, todos os aspectos destacados de (viii) a (x) no padrão de resposta.
Quesito 2.4 – Inadequação do pagamento por esforço, riscos associados, adequação do pagamento vinculado a produtos
ou resultados entregues e necessidade de cláusulas de nível de serviço (SLA)
Conceito 0 – Não analisou a escolha da modalidade de pagamento por esforço ou afirmou sua adequação ao caso.
Conceito 1 – Abordou, corretamente, apenas um dos aspectos destacados de (xi) a (xiii) no padrão de resposta.
Conceito 2 – Abordou, corretamente, apenas dois dos aspectos destacados de (xi) a (xiii) no padrão de resposta.
Conceito 3 – Abordou, corretamente, todos os aspectos destacados de (xi) a (xiii) no padrão de resposta.
Quesito 2.5 – Ilegalidade do termo aditivo celebrado e limite percentual para acréscimos contratuais previsto na
legislação vigente
Conceito 0 – Não analisou a legalidade do termo aditivo celebrado ou afirmou sua legalidade.
Conceito 1 – Abordou, corretamente, apenas o aspecto (xiv) ou (xv) destacado no padrão de resposta.
Conceito 2 – Abordou, corretamente, os aspectos (xiv) e (xv) destacados no padrão de resposta.","{""pontuacao_total"": ""55,00"", ""valores_explicitos_no_enunciado"": [""[valor: 16,60 pontos]"", ""[valor: 10,20 pontos]"", ""[valor: 9,60 pontos]"", ""[valor: 11,85 pontos]"", ""[valor: 4,00 pontos]""]}"
tce_rn_2026_ti_cargo4,tce_rn_2026_ti,2026,Tribunal de Contas do Estado do Rio Grande do Norte (TCE/RN),Analista Administrativo,Tecnologia da Informação (Desenvolvimento de Sistemas e Inteligência da Informação) — cargo 4,questão dissertativa,30,"20,00","A modelagem de dados é uma etapa fundamental no desenvolvimento de sistemas de informação, pois permite a representação, de forma estruturada e progressiva, dos requisitos do negócio, reduzindo ambiguidades e garantindo maior consistência da implementação desses requisitos. A separação entre modelos conceitual, lógico e físico possibilita maior independência entre as fases de análise, projeto e implementação, o que contribui para a qualidade e a escalabilidade dos sistemas. CONNOLLY, et. al. Database systems: a practical approach to design, implementation, and management. 6. ed. Harlow: Pearson Education, 2015 (traduzido com adaptações). Considerando que o fragmento de texto apresentado tem caráter unicamente motivador, redija texto dissertativo a respeito de modelagem de dados. Ao elaborar seu texto, atenda ao que se pede a seguir. 1 Apresente as características e finalidades dos modelos conceitual, lógico e físico. [valor: 9,00 pontos] 2 Explique como a modelagem adequada contribui para a integridade dos dados e para a redução de inconsistências em sistemas corporativos. [valor: 5,00 pontos] 3 Discorra sobre a relação entre a modelagem física e a otimização de desempenho em bancos de dados, considerando aspectos como índices, particionamento e organização de armazenamento. [valor: 5,00 pontos]","[""características e finalidades dos modelos conceitual, lógico e físico"", ""contribuição da modelagem para integridade e redução de inconsistências"", ""modelagem física e otimização por índices, particionamento e armazenamento""]","Modelagem de dados conceitual, lógica e física","[""integridade"", ""índices"", ""particionamento"", ""armazenamento"", ""desempenho""]",Exposição técnica sobre modelos de dados e seus efeitos na implementação.,"[""modelagem conceitual"", ""modelagem lógica"", ""modelagem física""]",específico,direta,"[""ENGENHARIA DE DADOS — 1.4 Modelagem e normalização de dados."", ""ENGENHARIA DE DADOS — 2 Modelagem de dados (conceitual, lógica e física)."", ""ENGENHARIA DE DADOS — 5 Integridade referencial."", ""ENGENHARIA DE DADOS — 10 Administração de banco de dados."", ""ENGENHARIA DE DADOS — 10.2 Arquitetura e políticas de armazenamento de dados."", ""ENGENHARIA DE DADOS — 10.3 Noções de otimização de performance em larga escala.""]","TRIBUNAL DE CONTAS DO ESTADO DO RIO GRANDE DO
NORTE
CARGO 4: ANALISTA ADMINISTRATIVO – ESPECIALIDADE:
TECNOLOGIA DA INFORMAÇÃO (DESENVOLVIMENTO DE SISTEMAS
E INTELIGÊNCIA DA INFORMAÇÃO)
Prova Discursiva
Aplicação: 12/4/2026
PADRÃO DE RESPOSTA DEFINITIVO
O modelo conceitual tem como objetivo representar a realidade do negócio de forma abstrata, independentemente de
tecnologia, identificando entidades, atributos, relacionamentos e regras de negócio. Essa etapa permite o alinhamento do
entendimento entre usuários e equipe técnica, o que favorece a redução de ambiguidades e a correta captura dos requisitos. Pode
ser representado por diagramas como o modelo entidade-relacionamento (DER), amplamente utilizado na fase de análise. O
modelo lógico, por sua vez, traduz o modelo conceitual para uma estrutura formal compatível com um paradigma de banco de
dados, geralmente o modelo relacional. Nesse nível, são definidas tabelas, chaves primárias e estrangeiras, restrições de
integridade, além de processos de normalização que visam eliminar redundâncias e evitar anomalias. A normalização pode ser
expressa por meio das formas normais (como 1FN, 2FN e 3FN), que tratam dependências funcionais e estruturais. Conforme a
abordagem adotada, o modelo lógico pode também contemplar decisões, como desnormalização controlada, visando atender
requisitos específicos de desempenho. Já o modelo físico corresponde à implementação concreta no sistema gerenciador de
banco de dados (SGBD), envolvendo a definição de tipos de dados, índices, estruturas de armazenamento, particionamento,
compressão e estratégias de acesso. Inclui também a definição de constraints adicionais, como NOT NULL, UNIQUE e regras
de domínio. Nessa etapa, considerações, como volume de dados, concorrência, padrões de consulta e características do hardware
tornam-se determinantes para a eficiência do sistema.
A modelagem adequada contribui diretamente para a integridade dos dados, especialmente por meio da definição de
chaves primárias, que garantem unicidade, e chaves estrangeiras, que asseguram a integridade referencial. A correta aplicação
dessas restrições evita inconsistências, como registros órfãos ou duplicidades indevidas. Além disso, a normalização reduz
redundâncias e previne anomalias de inserção, atualização e exclusão. Esses mecanismos são operacionalizados por constraints
e validações automáticas no SGBD, o que garante consistência ao longo do ciclo de vida dos dados. Por outro lado, em
determinados cenários, pode-se optar por desnormalização controlada, desde que acompanhada de mecanismos que preservem
a consistência.
No contexto de desempenho em larga escala, a modelagem física exerce papel fundamental, pois a criação de índices
adequados pode reduzir significativamente o tempo de resposta de consultas, embora implique custo adicional em operações de
escrita. O particionamento de tabelas permite distribuir grandes volumes de dados, melhorando o desempenho de consultas
segmentadas e facilitando operações de manutenção. A utilização dessas técnicas envolve trade-offs, devendo ser aplicada de
forma criteriosa conforme padrões de acesso e carga do sistema. Estratégias, como uso de tabelas particionadas, clusters,
materialização de visões e ajuste de parâmetros do SGBD também podem ser adotadas para otimização.
QUESITOS AVALIADOS
Quesito 2.1 – Características e finalidades dos modelos conceitual, lógico e físico
Conceito 0 – Não atendeu ao solicitado ou o fez de forma totalmente equivocada.
Conceito 1 – Descreveu corretamente as características e finalidades de apenas um dos seguintes modelos: (i) conceitual; (ii)
lógico; e (iii) físico.
Conceito 2 – Descreveu corretamente as características e finalidades de apenas dois dos modelos enumerados.
Conceito 3 – Descreveu as características e finalidades dos três modelos, mas de forma incompleta ou parcialmente correta.
Conceito 4 – Descreveu, de forma completa e correta, as características e finalidades dos três modelos.
Quesito 2.2 – Contribuição da modelagem adequada para a integridade dos dados e para a redução de inconsistências
em sistemas corporativos
Conceito 0 – Não atendeu ao solicitado ou o fez de forma totalmente equivocada.
Conceito 1 – Descreveu corretamente apenas um dos aspectos a seguir: (i) como a modelagem adequada contribui para a
integridade dos dados; e (ii) como ela contribui para a redução de inconsistências em sistemas corporativos.
Conceito 2 – Descreveu os dois aspectos anteriormente enumerados, mas de forma incompleta ou parcialmente correta.
Conceito 3 – Descreveu, de forma completa e correta, os dois aspectos enumerados.
Quesito 2.3 – Relação entre a modelagem física e a otimização de desempenho em bancos de dados, considerados os
índices, o particionamento e a organização de armazenamento
Conceito 0 – Não atendeu ao solicitado ou o fez de forma totalmente equivocada.
Conceito 1 – Discorreu corretamente sobre a relação entre a modelagem física e a otimização de desempenho em bancos de
dados, mas não considerou nenhum dos seguintes aspectos: (i) índices; (ii) particionamento; (iii) organização de armazenamento.
Conceito 2 – Discorreu corretamente sobre a relação entre a modelagem física e a otimização de desempenho em bancos de
dados e considerou apenas um dos aspectos anteriormente enumerados.
Conceito 3 – Discorreu corretamente sobre a relação entre a modelagem física e a otimização de desempenho em bancos de
dados e considerou apenas dois dos aspectos enumerados.
Conceito 4 – Discorreu corretamente sobre a relação entre a modelagem física e a otimização de desempenho em bancos de
dados e considerou os três aspectos enumerados.",https://cdn.cebraspe.org.br/concursos/tce_rn_25/arquivos/F9AB2EBB7F247C3E24C68D6486CD675EE2C25859F7C88992156F9E560634D4DE.pdf,https://cdn.cebraspe.org.br/concursos/tce_rn_25/arquivos/41F4E6F2F5C71FAD25C216A73511072D11BCCE8923A1BEED88F1E1EC4339B6CD.pdf,"caderno oficial, PDF p. 1","padrão definitivo oficial, PDF p. 1, 2",confirmado,,"[""ENGENHARIA DE DADOS""]","[""conceitual"", ""análise técnica""]",médio,não,não,não,sim,sim,não,não,não,não,[],"QUESITOS AVALIADOS
Quesito 2.1 – Características e finalidades dos modelos conceitual, lógico e físico
Conceito 0 – Não atendeu ao solicitado ou o fez de forma totalmente equivocada.
Conceito 1 – Descreveu corretamente as características e finalidades de apenas um dos seguintes modelos: (i) conceitual; (ii)
lógico; e (iii) físico.
Conceito 2 – Descreveu corretamente as características e finalidades de apenas dois dos modelos enumerados.
Conceito 3 – Descreveu as características e finalidades dos três modelos, mas de forma incompleta ou parcialmente correta.
Conceito 4 – Descreveu, de forma completa e correta, as características e finalidades dos três modelos.
Quesito 2.2 – Contribuição da modelagem adequada para a integridade dos dados e para a redução de inconsistências
em sistemas corporativos
Conceito 0 – Não atendeu ao solicitado ou o fez de forma totalmente equivocada.
Conceito 1 – Descreveu corretamente apenas um dos aspectos a seguir: (i) como a modelagem adequada contribui para a
integridade dos dados; e (ii) como ela contribui para a redução de inconsistências em sistemas corporativos.
Conceito 2 – Descreveu os dois aspectos anteriormente enumerados, mas de forma incompleta ou parcialmente correta.
Conceito 3 – Descreveu, de forma completa e correta, os dois aspectos enumerados.
Quesito 2.3 – Relação entre a modelagem física e a otimização de desempenho em bancos de dados, considerados os
índices, o particionamento e a organização de armazenamento
Conceito 0 – Não atendeu ao solicitado ou o fez de forma totalmente equivocada.
Conceito 1 – Discorreu corretamente sobre a relação entre a modelagem física e a otimização de desempenho em bancos de
dados, mas não considerou nenhum dos seguintes aspectos: (i) índices; (ii) particionamento; (iii) organização de armazenamento.
Conceito 2 – Discorreu corretamente sobre a relação entre a modelagem física e a otimização de desempenho em bancos de
dados e considerou apenas um dos aspectos anteriormente enumerados.
Conceito 3 – Discorreu corretamente sobre a relação entre a modelagem física e a otimização de desempenho em bancos de
dados e considerou apenas dois dos aspectos enumerados.
Conceito 4 – Discorreu corretamente sobre a relação entre a modelagem física e a otimização de desempenho em bancos de
dados e considerou os três aspectos enumerados.","{""pontuacao_total"": ""20,00"", ""valores_explicitos_no_enunciado"": [""[valor: 9,00 pontos]"", ""[valor: 5,00 pontos]"", ""[valor: 5,00 pontos]""]}"
tce_rn_2026_ti_cargo5,tce_rn_2026_ti,2026,Tribunal de Contas do Estado do Rio Grande do Norte (TCE/RN),Analista Administrativo,"Tecnologia da Informação (Infraestrutura, Segurança e Suporte) — cargo 5",questão dissertativa,30,"20,00","Uma empresa possui uma aplicação web crítica hospedada em servidores locais, acessada por usuários internos (rede local) e externos (Internet). Nos últimos meses, foram registrados episódios de indisponibilidade, lentidão no acesso remoto e tentativas de acesso não autorizado. A equipe de TI identificou ausência de segmentação de rede, inexistência de monitoramento estruturado e falhas nas rotinas de backup. Com base na situação hipotética apresentada, redija texto dissertativo com propostas de melhorias para o ambiente em tela, com foco em rede, segurança e continuidade dos serviços. Ao elaborar seu texto, aborde os seguintes aspectos: 1 organização da rede e acesso à aplicação [valor: 7,00 pontos]; 2 segurança e monitoramento da rede e dos servidores web [valor: 6,00 pontos]; 3 backup e outros meios para prover maior disponibilidade da aplicação [valor: 6,00 pontos].","[""organização da rede e acesso à aplicação"", ""segurança e monitoramento da rede e dos servidores web"", ""backup e disponibilidade da aplicação""]","Infraestrutura, segurança e continuidade de aplicação web","[""segmentação de rede"", ""monitoramento"", ""servidores web"", ""backup"", ""alta disponibilidade""]","Aplicação local crítica com indisponibilidade, lentidão, acessos indevidos e falhas de backup.","[""segmentação de rede"", ""backup""]",específico,parcial,"[""ARQUITETURA DE SOFTWARE — 15 Arquitetura de sistemas web e web standards (W3C)."", ""GESTÃO E GOVERNANÇA DE TI — 10 Cibersegurança e continuidade de negócios (ISO 27001/22301, 27002, NIST).""]","TRIBUNAL DE CONTAS DO ESTADO DO RIO GRANDE DO
NORTE
CARGO 5: ANALISTA ADMINISTRATIVO – ESPECIALIDADE:
TECNOLOGIA DA INFORMAÇÃO (INFRAESTRUTURA, SEGURANÇA E
SUPORTE)
Prova Discursiva
Aplicação: 12/4/2026
PADRÃO DE RESPOSTA DEFINITIVO
No que se refere à organização da rede e ao acesso à aplicação, espera-se que o(a) candidato(a) proponha segmentação
lógica da rede, com separação entre rede interna, servidores e acesso externo (ex.: uso de DMZ para a aplicação web). Devem
ser indicados planejamento de endereçamento IP (sub-redes/VLANs) e controle de acesso por meio de políticas em firewall e(ou)
ACL. Também é desejável mencionar publicação segura da aplicação (ex.: Proxy Reverso e NAT) e acesso remoto protegido
(ex.: VPN).
Acerca de segurança e monitoramento, espera-se que o(a) candidato(a) proponha uma arquitetura mínima de segurança
com firewall de rede e(ou) firewall de aplicação (WAF) para controle de tráfego. Devem ser propostos mecanismos de detecção
e(ou) prevenção de intrusões (IDS/IPS). Em relação ao monitoramento, espera-se a indicação do uso de ferramentas baseadas
em SNMP para coleta de métricas e registro de logs para análise de eventos, a fim de possibilitar a identificação de incidentes e
suporte à auditoria.
A respeito de backup e disponibilidade da aplicação, espera-se a definição de uma política de backup periódico, com
armazenamento seguro e realização de testes de restauração. Para disponibilidade, o(a) candidato(a) deve propor ao menos uma
medida, como redundância de servidores, uso de virtualização ou balanceamento de carga básico. Também é desejável citar
armazenamento confiável (ex.: RAID) como suporte à continuidade do serviço.
QUESITOS AVALIADOS
Quesito 2.1 – Organização da rede e acesso à aplicação
Conceito 0 – Não abordou o aspecto ou o fez de forma totalmente equivocada.
Conceito 1 – Abordou adequadamente apenas um dos seguintes aspectos: (i) segmentação lógica da rede; (ii) planejamento de
endereçamento IP; (iii) controle de acesso por meio de políticas em firewall e(ou) ACL; e (iv) publicação segura da aplicação e
acesso remoto protegido.
Conceito 2 – Abordou adequadamente apenas dois dos aspectos enumerados.
Conceito 3 – Abordou adequadamente apenas três dos aspectos enumerados.
Conceito 4 – Abordou adequadamente os quatro aspectos enumerados.
Quesito 2.2 – Segurança e monitoramento da rede e dos servidores web
Conceito 0 – Não abordou o aspecto ou o fez de forma totalmente equivocada.
Conceito 1 – Abordou adequadamente apenas um dos seguintes aspectos: (i) arquitetura mínima de segurança com firewall de
rede e(ou) firewall de aplicação (WAF) para controle de tráfego; (ii) mecanismos de detecção e(ou) prevenção de intrusões
(IDS/IPS); (iii) uso de ferramentas baseadas em SNMP; e (iv) registro de logs.
Conceito 2 – Abordou adequadamente apenas dois dos aspectos enumerados.
Conceito 3 – Abordou adequadamente apenas três dos aspectos enumerados.
Conceito 4 – Abordou adequadamente os quatro aspectos enumerados.
Quesito 2.3 – Backup e outros meios para prover maior disponibilidade da aplicação
Conceito 0 – Não abordou o aspecto ou o fez de forma totalmente equivocada.
Conceito 1 – Abordou adequadamente apenas um dos seguintes aspectos: (i) definição de uma política de backup periódico, com
armazenamento seguro e realização de testes de restauração; (ii) uma medida, como redundância de servidores, uso de
virtualização ou balanceamento de carga básico; e (iii) armazenamento confiável (ex.: RAID) como suporte à continuidade do
serviço.
Conceito 2 – Abordou adequadamente apenas dois dos aspectos enumerados.
Conceito 3 – Abordou adequadamente os três aspectos enumerados.",https://cdn.cebraspe.org.br/concursos/tce_rn_25/arquivos/E4812F1B53F384FED7E798C663DF4E89AF23E06A9F74410E650CD34D497C083C.pdf,https://cdn.cebraspe.org.br/concursos/tce_rn_25/arquivos/1BEFA4A254459CBD9B0F2E662F34DA543A810D2054B78FB55ABC21A7416D44C9.pdf,"caderno oficial, PDF p. 1","padrão definitivo oficial, PDF p. 1",confirmado,"Correspondência parcial: redes e rotinas de backup não estão detalhadas no edital, embora arquitetura web, cibersegurança e continuidade estejam presentes.","[""ARQUITETURA DE SOFTWARE"", ""GESTÃO E GOVERNANÇA DE TI""]","[""situação-problema"", ""projeto/arquitetura""]",médio,não,sim,sim,não,não,não,não,não,não,[],"QUESITOS AVALIADOS
Quesito 2.1 – Organização da rede e acesso à aplicação
Conceito 0 – Não abordou o aspecto ou o fez de forma totalmente equivocada.
Conceito 1 – Abordou adequadamente apenas um dos seguintes aspectos: (i) segmentação lógica da rede; (ii) planejamento de
endereçamento IP; (iii) controle de acesso por meio de políticas em firewall e(ou) ACL; e (iv) publicação segura da aplicação e
acesso remoto protegido.
Conceito 2 – Abordou adequadamente apenas dois dos aspectos enumerados.
Conceito 3 – Abordou adequadamente apenas três dos aspectos enumerados.
Conceito 4 – Abordou adequadamente os quatro aspectos enumerados.
Quesito 2.2 – Segurança e monitoramento da rede e dos servidores web
Conceito 0 – Não abordou o aspecto ou o fez de forma totalmente equivocada.
Conceito 1 – Abordou adequadamente apenas um dos seguintes aspectos: (i) arquitetura mínima de segurança com firewall de
rede e(ou) firewall de aplicação (WAF) para controle de tráfego; (ii) mecanismos de detecção e(ou) prevenção de intrusões
(IDS/IPS); (iii) uso de ferramentas baseadas em SNMP; e (iv) registro de logs.
Conceito 2 – Abordou adequadamente apenas dois dos aspectos enumerados.
Conceito 3 – Abordou adequadamente apenas três dos aspectos enumerados.
Conceito 4 – Abordou adequadamente os quatro aspectos enumerados.
Quesito 2.3 – Backup e outros meios para prover maior disponibilidade da aplicação
Conceito 0 – Não abordou o aspecto ou o fez de forma totalmente equivocada.
Conceito 1 – Abordou adequadamente apenas um dos seguintes aspectos: (i) definição de uma política de backup periódico, com
armazenamento seguro e realização de testes de restauração; (ii) uma medida, como redundância de servidores, uso de
virtualização ou balanceamento de carga básico; e (iii) armazenamento confiável (ex.: RAID) como suporte à continuidade do
serviço.
Conceito 2 – Abordou adequadamente apenas dois dos aspectos enumerados.
Conceito 3 – Abordou adequadamente os três aspectos enumerados.","{""pontuacao_total"": ""20,00"", ""valores_explicitos_no_enunciado"": [""[valor: 7,00 pontos]"", ""[valor: 6,00 pontos]"", ""[valor: 6,00 pontos]""]}"
tce_rn_2026_ti_cargo12,tce_rn_2026_ti,2026,Tribunal de Contas do Estado do Rio Grande do Norte (TCE/RN),Auditor de Controle Externo,Tecnologia da Informação — cargo 12,estudo de caso,45,"30,00","Estudo de caso Durante auditoria realizada pelo tribunal de contas do estado X (TCE/X) em um sistema eletrônico de prestação de contas de um município jurisdicionado, foram identificadas fragilidades nos mecanismos de autenticação utilizados para acesso à plataforma. O sistema adotava exclusivamente autenticação por usuário e senha, sem políticas de complexidade ou de renovação periódica, além de não empregar mecanismos adicionais, como autenticação multifator. Em análise mais aprofundada, verificou-se que credenciais de acesso de servidores públicos haviam sido comprometidas, o que possibilitou o envio de informações adulteradas ao sistema e impactou a confiabilidade dos dados utilizados para fiscalização. O relatório técnico apontou a ausência de uso de certificados digitais, tokens de autenticação ou mecanismos biométricos, bem como falhas na gestão de identidade e controle de acesso. A administração municipal argumentou que a adoção de autenticação por senha era suficiente e que a implementação de outros mecanismos implicaria aumento de custos e complexidade operacional. Por outro lado, a equipe de auditoria destacou a necessidade de adoção de práticas mais robustas, alinhadas a padrões de segurança da informação, para garantir autenticidade, integridade e não repúdio das informações prestadas ao TCE/X. A partir da situação hipotética apresentada, redija um texto dissertativo acerca dos métodos de autenticação em sistemas de informação. Em seu texto, atenda ao que se pede a seguir. 1 Discorra acerca da adoção de outros métodos de autenticação (tokens, certificados digitais e biometria) no sistema da situação em questão, destacando suas características, vantagens e limitações relativas ao contexto apresentado. [valor: 15,00 pontos] 2 Analise os riscos associados ao uso exclusivo de autenticação baseada em senhas, relacionando-os com o caso apresentado e com princípios de segurança da informação. [valor: 7,50 pontos] 3 Descreva a importância da adoção da autenticação multifator (MFA) e de mecanismos mais robustos de autenticação para garantir a confiabilidade, rastreabilidade e segurança dos dados no sistema da situação em tela. [valor: 6,00 pontos]","[""tokens, certificados digitais e biometria: características, vantagens e limitações"", ""riscos do uso exclusivo de senhas"", ""importância de MFA e autenticação robusta""]",Métodos de autenticação e controle de acesso,"[""senhas"", ""tokens"", ""certificados digitais"", ""biometria"", ""MFA"", ""identidade""]",Auditoria encontra credenciais comprometidas e adulteração de dados em sistema de prestação de contas.,"[""MFA"", ""certificados digitais"", ""tokens"", ""biometria""]",específico,parcial,"[""GESTÃO E GOVERNANÇA DE TI — 10 Cibersegurança e continuidade de negócios (ISO 27001/22301, 27002, NIST).""]","TRIBUNAL DE CONTAS DO ESTADO DO RIO GRANDE DO
NORTE
CARGO 12: AUDITOR DE CONTROLE EXTERNO – ESPECIALIDADE:
TECNOLOGIA DA INFORMAÇÃO
Prova Discursiva – Estudo de caso
Aplicação: 11/4/2026
PADRÃO DE RESPOSTA DEFINITIVO
Os métodos de autenticação representam um dos principais mecanismos de controle de acesso em sistemas de
informação, sendo fundamentais para garantir que apenas usuários devidamente autorizados possam acessar recursos sensíveis.
Esses métodos podem ser classificados em fatores de autenticação, tais como posse (tokens e certificados digitais) e inerência
(biometria), sendo recomendada a combinação entre eles para maior segurança. Também podem ser descritos como: algo que o
usuário sabe, algo que possui e algo que é. Os tokens, por sua vez, constituem um fator de posse, podendo ser dispositivos físicos
ou aplicações que geram códigos temporários (OTP – one-time password), frequentemente utilizados em autenticação de dois
fatores. Esses mecanismos aumentam significativamente a segurança, pois exigem que o usuário tenha um elemento adicional
além da senha. Apresentam limitações como custos de implementação, dependência de dispositivo e risco de extravio ou
interceptação. Os certificados digitais, baseados em criptografia de chave pública, permitem a autenticação forte do usuário,
além de garantir propriedades, como autenticidade, integridade e não repúdio das informações, sendo amplamente utilizados em
ambientes governamentais e sistemas que exigem elevado grau de confiabilidade. Dependem de infraestrutura de certificação
(autoridade certificadora) e gestão de chaves, o que implica custos e complexidade operacional. Já a biometria utiliza
características físicas ou comportamentais do indivíduo, como impressão digital, reconhecimento facial ou de íris, oferecendo
maior dificuldade de falsificação, embora traga desafios relacionados a privacidade, armazenamento seguro dos dados
biométricos e possibilidade de falsos positivos ou negativos. Pode demandar dispositivos específicos e custos de implantação e
manutenção.
No caso apresentado, a utilização exclusiva de autenticação baseada em senha demonstra uma falha crítica na política
de segurança do sistema auditado. A ausência de mecanismos adicionais de proteção aliada à inexistência de políticas robustas
de complexidade, expiração e gestão de credenciais aumenta significativamente a superfície de ataque. Esse cenário favorece
ataques, como força bruta, phishing e engenharia social. O comprometimento de credenciais permite acessos indevidos,
possibilitando a inserção ou alteração de dados de forma maliciosa, o que afeta diretamente a integridade e a confiabilidade das
informações prestadas ao órgão de controle. Tal cenário evidencia violação dos princípios fundamentais da segurança da
informação — confidencialidade, integridade e disponibilidade —, além de impactar a rastreabilidade e a responsabilização dos
usuários, compromete também a autenticidade e o não repúdio das ações realizadas, elementos essenciais em sistemas de
prestação de contas públicas.
Nesse contexto, a adoção de autenticação multifator (MFA) torna-se indispensável, pois combina dois ou mais fatores
de autenticação, reduzindo significativamente o risco de acesso indevido, mesmo em caso de comprometimento de um dos
fatores. Por exemplo, a combinação de senha com token ou certificado digital aumenta a robustez do processo de autenticação,
enquanto a inclusão de biometria pode reforçar ainda mais a segurança. Em ambientes governamentais, como o sistema em tela,
a implementação de MFA é especialmente relevante para garantir a autenticidade dos usuários, a integridade das informações e
o não repúdio das ações realizadas, permitindo maior confiabilidade nos dados utilizados para fiscalização e tomada de decisão.
Além disso, a adoção de mecanismos mais robustos de autenticação deve ser acompanhada por práticas de gestão de identidade
e acesso (IAM), inclusive controle de privilégios, segregação de funções, auditoria de logs e monitoramento contínuo. Inclui a
aplicação do princípio do privilégio mínimo e modelos como RBAC ou ABAC. A utilização de certificados digitais, por exemplo,
permite vincular, de forma inequívoca, a identidade do usuário às operações realizadas, enquanto tokens e biometria dificultam
ataques baseados em roubo de credenciais. Ainda, políticas de segurança alinhadas a normas como as ISO/IEC 27001 e 27002
contribuem para a implementação de controles adequados.
QUESITOS AVALIADOS
Quesito 2.1 ‒ Métodos de autenticação
Quesito 2.1.1 – Tokens
Conceito 0 – Não discorreu sobre tokens ou o fez de forma totalmente equivocada.
Conceito 1 – Abordou corretamente apenas um dos aspectos (características, vantagens ou limitações) em relação a tokens.
Conceito 2 – Abordou corretamente apenas dois dos aspectos em relação a tokens.
Conceito 3 – Abordou corretamente os três aspectos em relação a tokens.
Quesito 2.1.2 – Certificados digitais
Conceito 0 – Não discorreu sobre certificados digitais ou o fez de forma totalmente equivocada.
Conceito 1 – Abordou corretamente apenas um dos aspectos (características, vantagens ou limitações) em relação a certificados
digitais.
Conceito 2 – Abordou corretamente apenas dois dos aspectos em relação a certificados digitais.
Conceito 3 – Abordou corretamente os três aspectos em relação a certificados digitais.
Quesito 2.1.3 – Biometria
Conceito 0 – Não discorreu sobre biometria ou o fez de forma totalmente equivocada.
Conceito 1 – Abordou corretamente apenas um dos aspectos (características, vantagens ou limitações) em relação à biometria.
Conceito 2 – Abordou corretamente apenas dois dos aspectos em relação à biometria.
Conceito 3 – Abordou corretamente os três aspectos em relação à biometria.
Quesito 2.2 ‒ Riscos associados ao uso exclusivo de autenticação baseada em senhas
Conceito 0 – Não discorreu sobre os riscos associados ao uso exclusivo de autenticação baseada em senhas ou o fez de forma
totalmente equivocada.
Conceito 1 – Analisou corretamente os riscos associados ao uso exclusivo de autenticação baseada em senhas, mas não os
relacionou com o caso apresentado nem com princípios de segurança da informação.
Conceito 2 – Analisou corretamente os riscos associados ao uso exclusivo de autenticação baseada em senhas, mas os relacionou
apenas com o caso apresentado ou apenas com princípios de segurança da informação.
Conceito 3 – Analisou corretamente os riscos associados ao uso exclusivo de autenticação baseada em senhas e os relacionou
tanto com o caso apresentado quanto com princípios de segurança da informação.
Quesito 2.3 ‒ Importância da autenticação multifator (MFA) e de mecanismos mais robustos de autenticação
Conceito 0 – Não abordou o quesito ou o fez de forma totalmente equivocada.
Conceito 1 – Abordou o quesito de forma superficial, sem desenvolvimento.
Conceito 2 – Desenvolveu o quesito de forma parcialmente inconsistente ou desconectada da situação apresentada.
Conceito 3 – Desenvolveu o quesito de forma correta e contextualizada com a situação apresentada.",https://cdn.cebraspe.org.br/concursos/tce_rn_25/arquivos/B51E59EEEFF8976480BFD7DD1119016CF48AF3D729EEDE6BC2165149DF0DF0DB.pdf,https://cdn.cebraspe.org.br/concursos/tce_rn_25/arquivos/A4A95EA22A5DD7C0CC1A241F29E10BE9D56549296FAE18D5913AA25A2D1B6F18.pdf,"caderno oficial, PDF p. 1","padrão definitivo oficial, PDF p. 1, 2",confirmado,"Correspondência parcial: o edital cobre cibersegurança e autenticação única, mas não enumera os métodos cobrados.","[""GESTÃO E GOVERNANÇA DE TI""]","[""estudo de caso"", ""análise técnica""]",médio,não,sim,não,sim,sim,não,não,não,não,[],"QUESITOS AVALIADOS
Quesito 2.1 ‒ Métodos de autenticação
Quesito 2.1.1 – Tokens
Conceito 0 – Não discorreu sobre tokens ou o fez de forma totalmente equivocada.
Conceito 1 – Abordou corretamente apenas um dos aspectos (características, vantagens ou limitações) em relação a tokens.
Conceito 2 – Abordou corretamente apenas dois dos aspectos em relação a tokens.
Conceito 3 – Abordou corretamente os três aspectos em relação a tokens.
Quesito 2.1.2 – Certificados digitais
Conceito 0 – Não discorreu sobre certificados digitais ou o fez de forma totalmente equivocada.
Conceito 1 – Abordou corretamente apenas um dos aspectos (características, vantagens ou limitações) em relação a certificados
digitais.
Conceito 2 – Abordou corretamente apenas dois dos aspectos em relação a certificados digitais.
Conceito 3 – Abordou corretamente os três aspectos em relação a certificados digitais.
Quesito 2.1.3 – Biometria
Conceito 0 – Não discorreu sobre biometria ou o fez de forma totalmente equivocada.
Conceito 1 – Abordou corretamente apenas um dos aspectos (características, vantagens ou limitações) em relação à biometria.
Conceito 2 – Abordou corretamente apenas dois dos aspectos em relação à biometria.
Conceito 3 – Abordou corretamente os três aspectos em relação à biometria.
Quesito 2.2 ‒ Riscos associados ao uso exclusivo de autenticação baseada em senhas
Conceito 0 – Não discorreu sobre os riscos associados ao uso exclusivo de autenticação baseada em senhas ou o fez de forma
totalmente equivocada.
Conceito 1 – Analisou corretamente os riscos associados ao uso exclusivo de autenticação baseada em senhas, mas não os
relacionou com o caso apresentado nem com princípios de segurança da informação.
Conceito 2 – Analisou corretamente os riscos associados ao uso exclusivo de autenticação baseada em senhas, mas os relacionou
apenas com o caso apresentado ou apenas com princípios de segurança da informação.
Conceito 3 – Analisou corretamente os riscos associados ao uso exclusivo de autenticação baseada em senhas e os relacionou
tanto com o caso apresentado quanto com princípios de segurança da informação.
Quesito 2.3 ‒ Importância da autenticação multifator (MFA) e de mecanismos mais robustos de autenticação
Conceito 0 – Não abordou o quesito ou o fez de forma totalmente equivocada.
Conceito 1 – Abordou o quesito de forma superficial, sem desenvolvimento.
Conceito 2 – Desenvolveu o quesito de forma parcialmente inconsistente ou desconectada da situação apresentada.
Conceito 3 – Desenvolveu o quesito de forma correta e contextualizada com a situação apresentada.","{""pontuacao_total"": ""30,00"", ""valores_explicitos_no_enunciado"": [""[valor: 15,00 pontos]"", ""[valor: 7,50 pontos]"", ""[valor: 6,00 pontos]""]}"
tce_mg_2026_ace_cc_q1,tce_mg_2026_ace_cc,2026,Tribunal de Contas do Estado de Minas Gerais (TCE/MG),Analista de Controle Externo,Ciência da Computação — cargo 1,questão dissertativa,60,"10,00","Questão 1 Considerando que o regime de fiscalização contábil, financeira, orçamentária, operacional e patrimonial do estado de Minas Gerais é um sistema complexo e dual, estabelecido constitucionalmente com vistas a garantir um “governo honesto, obediente à lei e eficaz”, redija um texto dissertativo a respeito do controle da administração pública no estado. Em seu texto, atenda ao que se pede a seguir, com base na Constituição do Estado de Minas Gerais e na Lei Complementar estadual n.º 102/2008. 1 Diferencie as modalidades de controle previstas na Constituição do Estado de Minas Gerais. [valor: 1,50 ponto] 2 Indique no mínimo três aspectos dos atos geradores de receita ou de despesa pública que são objeto da fiscalização contábil, financeira, orçamentária, operacional e patrimonial. [valor: 1,50 ponto] 3 Explique a distinção constitucional entre a competência do TCE/MG de apreciar as contas do governador do estado e a sua competência de julgar as contas dos demais administradores, apontando as potenciais consequências do julgamento das contas dos administradores. [valor: 3,00 pontos] 4 Explique o mecanismo da tomada de contas especial, indicando as hipóteses em que ela ocorre e o dever da autoridade administrativa competente em relação à sua instauração. [valor: 3,50 pontos]","[""modalidades de controle"", ""objetos da fiscalização"", ""apreciação e julgamento de contas"", ""tomada de contas especial""]",Controle da administração pública em Minas Gerais,"[""controle externo"", ""fiscalização"", ""contas de governo"", ""contas de gestão"", ""tomada de contas especial""]",Exposição normativa sobre o sistema de controle estadual.,"[""Constituição do Estado de Minas Gerais"", ""Lei Complementar estadual n.º 102/2008""]",geral,inexistente,[],"TRIBUNAL DE CONTAS DO ESTADO DE MINAS GERAIS
(TCE/MG)
CARGOS DE 1 A 5: ANALISTA DE CONTROLE EXTERNO
Prova Discursiva – Questão 1
Aplicação: 25/1/2026
PADRÃO DE RESPOSTA DEFINITIVO
O estado de Minas Gerais estabelece, em sua Constituição, um regime rigoroso de fiscalização, fundamentado no direito
da sociedade a um governo honesto, obediente à lei e eficaz. A fiscalização da administração pública em Minas Gerais é exercida
em três frentes: primeiramente, (i) pelo controle interno, que é exercido de forma integrada pelo próprio Poder ou pela entidade
envolvida, seja direta ou indireta. Em segundo lugar, (ii) pelo controle externo, cuja competência primária é da Assembleia
Legislativa de Minas Gerais (ALMG), com o auxílio técnico do Tribunal de Contas de Minas Gerais (TCE/MG). Por fim, (iii)
pelo controle direto, garantido ao cidadão e às associações representativas, mediante o amplo e irrestrito exercício do direito de
petição e representação perante qualquer órgão. A sociedade também tem o direito de denunciar irregularidade ou ilegalidade de
ato de agente público, diretamente à ALMG ou ao TCE/MG (art. 73, incisos I, II e III, da Constituição do Estado de Minas
Gerais).
O objeto da fiscalização contábil, financeira, orçamentária, operacional e patrimonial transcende a mera legalidade
formal. A Constituição do Estado de Minas Gerais (CE/MG) exige a verificação (iv) da legalidade, (v) da legitimidade, (vi) da
economicidade e (vii) da razoabilidade de qualquer ato que gere receita ou despesa (art. 74, §1.º, inciso I, da CE/MG).
A fiscalização deve alcançar (viii) a fidelidade funcional do agente responsável por valores públicos (art. 74, §1.º, inciso II, da
CE/MG), bem como (ix) o cumprimento de programas de trabalho (art. 74, §1.º, inciso III, da CE/MG). A inobservância da
economicidade e da razoabilidade pode caracterizar ilegalidade ou ilegitimidade administrativa.
O TCE/MG, como órgão auxiliar da ALMG, exerce competências centrais de controle. Há uma distinção fundamental
no tratamento das contas: (x) em relação ao governador do estado, o TCE/MG tem a competência de apreciar as contas anuais,
emitindo sobre elas um parecer prévio no prazo de sessenta dias (art. 76, inciso I, da CE/MG). Este parecer subsidia o
julgamento final, que é de responsabilidade da ALMG. (xi) Em relação aos administradores e demais responsáveis por dinheiro,
bens ou valores públicos (em qualquer Poder ou entidade da administração indireta), o Tribunal tem a competência de julgar as
contas (art. 76, inciso II, da CE/MG). Ao julgar as contas, (xii) o Tribunal decidirá se elas são regulares, regulares com ressalvas
ou irregulares. Quando as contas forem julgadas regulares ou regulares com ressalvas, os administradores receberão as
respectivas quitações; mas, nas regulares com ressalvas, o Tribunal determinará a adoção das medidas necessárias à correção das
impropriedades ou faltas identificadas, de modo a prevenir a reincidência. Quando as contas forem julgadas irregulares, o
Tribunal poderá aplicar multa aos gestores, bem como, se for o caso, condená-los em débito (art. 48 c/c art. 49, 50 e 51, da LC
estadual n.º 102/2008).
(xiii) A tomada de contas especial é o processo de responsabilização instaurado para apurar fatos e quantificar o dano
nos casos de (xiv) omissão do dever de prestar contas; (xv) falta de comprovação da aplicação de recursos repassados pelo estado
ou pelo município; (xvi) ocorrência de desfalque ou desvio de dinheiro, bens ou valores públicos; e (xvii) prática de qualquer ato
ilegal, ilegítimo ou antieconômico de que possa resultar dano ao erário (art. 47, incisos de I a IV, da LC estadual n.º 102/2008).
A autoridade administrativa competente (xviii) tem o dever, sob pena de responsabilidade solidária, de adotar providências para
a instauração da tomada de contas especial (art. 47, caput, da LC estadual n.º 102/2008).
QUESITOS AVALIADOS
Quesito 2.1 – Estrutura do controle
Conceito 0 – Não abordou o aspecto ou o fez de forma totalmente equivocada.
Conceito 1 – Discorreu corretamente sobre apenas um dos aspectos enumerados de (i) a (iii) no padrão de resposta, ou outros
que estejam presentes na Constituição de Minas Gerais.
Conceito 2 – Discorreu corretamente sobre apenas dois dos aspectos enumerados de (i) a (iii) no padrão de resposta, ou outros
que estejam presentes na Constituição de Minas Gerais.
Conceito 3 – Discorreu corretamente sobre os três aspectos enumerados de (i) a (iii) no padrão de resposta.
Quesito 2.2 – Objeto do controle
Conceito 0 – Não abordou o aspecto ou o fez de forma totalmente equivocada.
Conceito 1 – Discorreu corretamente sobre apenas um dos aspectos enumerados de (iv) a (ix) no padrão de resposta.
Conceito 2 – Discorreu corretamente sobre dois dos seis dos aspectos enumerados de (iv) a (ix) no padrão de resposta.
Conceito 3 – Discorreu corretamente sobre três ou mais dos seis aspectos enumerados de (iv) a (ix) no padrão de resposta.
Quesito 2.3 – Competências decisórias do TCE/MG
Conceito 0 – Não abordou o aspecto ou o fez de forma totalmente equivocada.
Conceito 1 – Discorreu corretamente sobre apenas um dos aspectos enumerados de (x) a (xii) no padrão de resposta.
Conceito 2 – Discorreu corretamente sobre apenas dois dos aspectos enumerados de (x) a (xii) no padrão de resposta.
Conceito 3 – Discorreu corretamente sobre os três aspectos enumerados de (x) a (xii) no padrão de resposta.
Quesito 2.4 – Tomada de contas especial
Conceito 0 – Não abordou o aspecto ou o fez de forma totalmente equivocada.
Conceito 1 – Discorreu corretamente sobre apenas um dos aspectos enumerados de (xiii) a (xviii) no padrão de resposta.
Conceito 2 – Discorreu corretamente sobre apenas dois dos seis aspectos enumerados de (xiii) a (xviii) no padrão de resposta.
Conceito 3 – Discorreu corretamente sobre apenas três dos seis aspectos enumerados de (xiii) a (xviii) no padrão de resposta.
Conceito 4 – Discorreu corretamente sobre quatro ou mais dos seis aspectos enumerados de (xiii) a (xviii) no padrão de resposta.",https://cdn.cebraspe.org.br/concursos/tce_mg_25/arquivos/BD2CA7B4C0692568A4CBE06C5D1343C0B822874EF710889E0663F31DAC0B88A7.pdf,https://cdn.cebraspe.org.br/concursos/tce_mg_25/arquivos/57A21750DC72DDA4D36B60BAE7302E3CD96D8FBF7F9976BCB559CBF530D90989.pdf,"caderno oficial, PDF p. 1","padrão definitivo oficial, PDF p. 1, 2",confirmado,,[],"[""aplicação normativa"", ""conceitual""]",médio,sim,não,não,não,sim,não,não,não,sim,[2008],"QUESITOS AVALIADOS
Quesito 2.1 – Estrutura do controle
Conceito 0 – Não abordou o aspecto ou o fez de forma totalmente equivocada.
Conceito 1 – Discorreu corretamente sobre apenas um dos aspectos enumerados de (i) a (iii) no padrão de resposta, ou outros
que estejam presentes na Constituição de Minas Gerais.
Conceito 2 – Discorreu corretamente sobre apenas dois dos aspectos enumerados de (i) a (iii) no padrão de resposta, ou outros
que estejam presentes na Constituição de Minas Gerais.
Conceito 3 – Discorreu corretamente sobre os três aspectos enumerados de (i) a (iii) no padrão de resposta.
Quesito 2.2 – Objeto do controle
Conceito 0 – Não abordou o aspecto ou o fez de forma totalmente equivocada.
Conceito 1 – Discorreu corretamente sobre apenas um dos aspectos enumerados de (iv) a (ix) no padrão de resposta.
Conceito 2 – Discorreu corretamente sobre dois dos seis dos aspectos enumerados de (iv) a (ix) no padrão de resposta.
Conceito 3 – Discorreu corretamente sobre três ou mais dos seis aspectos enumerados de (iv) a (ix) no padrão de resposta.
Quesito 2.3 – Competências decisórias do TCE/MG
Conceito 0 – Não abordou o aspecto ou o fez de forma totalmente equivocada.
Conceito 1 – Discorreu corretamente sobre apenas um dos aspectos enumerados de (x) a (xii) no padrão de resposta.
Conceito 2 – Discorreu corretamente sobre apenas dois dos aspectos enumerados de (x) a (xii) no padrão de resposta.
Conceito 3 – Discorreu corretamente sobre os três aspectos enumerados de (x) a (xii) no padrão de resposta.
Quesito 2.4 – Tomada de contas especial
Conceito 0 – Não abordou o aspecto ou o fez de forma totalmente equivocada.
Conceito 1 – Discorreu corretamente sobre apenas um dos aspectos enumerados de (xiii) a (xviii) no padrão de resposta.
Conceito 2 – Discorreu corretamente sobre apenas dois dos seis aspectos enumerados de (xiii) a (xviii) no padrão de resposta.
Conceito 3 – Discorreu corretamente sobre apenas três dos seis aspectos enumerados de (xiii) a (xviii) no padrão de resposta.
Conceito 4 – Discorreu corretamente sobre quatro ou mais dos seis aspectos enumerados de (xiii) a (xviii) no padrão de resposta.","{""pontuacao_total"": ""10,00"", ""valores_explicitos_no_enunciado"": [""[valor: 1,50 ponto]"", ""[valor: 1,50 ponto]"", ""[valor: 3,00 pontos]"", ""[valor: 3,50 pontos]""]}"
tce_mg_2026_ace_cc_q2,tce_mg_2026_ace_cc,2026,Tribunal de Contas do Estado de Minas Gerais (TCE/MG),Analista de Controle Externo,Ciência da Computação — cargo 1,questão dissertativa,60,"10,00","Questão 2 A integração eficiente de dados provenientes de múltiplas fontes é um desafio central em qualquer organização que busca tomada de decisão baseada em informações confiáveis. Técnicas como ETL (extract, transform, load), ELT (extract, load, transform), transferência de arquivos e integração via base de dados permitem consolidar, transformar e disponibilizar dados de forma estruturada para análises estratégicas. A escolha adequada da técnica de ingestão impacta diretamente na qualidade, na velocidade e na consistência da informação. R. Kimball e M. Ross. The Data Warehouse Toolkit, 2013 (com adaptações). Considerando que o fragmento de texto acima tem caráter unicamente motivador, redija um texto a respeito de técnicas de integração e ingestão de dados no contexto de administração e tecnologias de banco de dados. Em seu texto, atenda ao que se pede a seguir. 1 Diferencie ETL e ELT, mencionando cenários típicos de aplicação de cada abordagem, as vantagens e desvantagens de cada uma e os impactos que elas têm sobre desempenho e armazenamento. [valor: 3,25 pontos] 2 Analise as técnicas denominadas transferência de arquivos e integração via base de dados, destacando suas particularidades e riscos e abordando as boas práticas para garantir integridade e consistência dos dados. [valor: 3,25 pontos] 3 Proponha um fluxo de integração de dados que seja adequado a uma organização que recebe informações de múltiplas fontes heterogêneas, justificando a escolha da técnica de ingestão para cada tipo de dado e considerando performance, confiabilidade e escalabilidade. [valor: 3,00 pontos]","[""diferenças entre ETL e ELT"", ""transferência de arquivos e integração via base de dados"", ""proposta de fluxo para fontes heterogêneas""]",Técnicas de integração e ingestão de dados,"[""ETL"", ""ELT"", ""transferência de arquivos"", ""integração via banco"", ""integridade"", ""escalabilidade""]",Escolha de técnicas para integrar múltiplas fontes heterogêneas.,"[""ETL"", ""ELT""]",específico,direta,"[""ENGENHARIA DE DADOS — 1.3 Coleta, tratamento, armazenamento, integração e recuperação de dados."", ""ENGENHARIA DE DADOS — 11 Técnicas de integração e ingestão de dados (ETL/ELT, transferência de arquivos, integração via base de dados).""]","TRIBUNAL DE CONTAS DO ESTADO DE MINAS GERAIS
(TCE/MG)
CARGO 1: ANALISTA DE CONTROLE EXTERNO – ESPECIALIDADE:
CIÊNCIA DA COMPUTAÇÃO
Prova Discursiva – Questão 2
Aplicação: 25/1/2026
PADRÃO DE RESPOSTA DEFINITIVO
1 ETL (extract, transform, load) é uma abordagem em que os dados são extraídos das fontes, transformados em um
ambiente intermediário (normalização, limpeza, padronização) e carregados no destino final, geralmente em um data warehouse.
Já o ELT (extract, load, transform) é uma abordagem em que os dados são extraídos, carregados diretamente no destino (por
exemplo, data lake ou data warehouse moderno) e transformados posteriormente, usando-se o poder computacional do destino.
Uma vantagem em se utilizar ETL é que esta abordagem permite controle rigoroso acerca da qualidade e consistência dos dados
antes do carregamento, sendo adequada para cenários em que o destino tem capacidade limitada de processamento. Já em relação
ao ELT, um benefício é o aproveitamento da capacidade de processamento do banco de dados moderno ou do data lake, o que
reduz a necessidade de servidores intermediários, sendo mais rápido para grandes volumes de dados. Uma desvantagem do ETL
é que essa abordagem pode demandar maior tempo de processamento e infraestrutura adicional para a transformação dos dados.
Outra desvantagem do ELT é que essa abordagem, também, pode exigir maior capacidade computacional do destino e
planejamento adequado de recursos para transformações pesadas. No que se refere aos cenários de aplicação típicos, a abordagem
ETL é aplicada em data warehouses corporativos com dados estruturados provenientes de ERPs, CRMs e sistemas legados; em
contrapartida, o ELT é aplicado em big data e ambientes em nuvem com data lakes, nos quais os dados semiestruturados e não
estruturados são carregados para análise posterior. Acrescenta-se que, no ETL, as transformações prévias tendem a reduzir o
volume final armazenado, por meio de filtragem, consolidação e deduplicação, enquanto no ELT ocorre o carregamento inicial
dos dados brutos, o que pode demandar maior espaço de armazenamento no destino. Ambas as abordagens podem ser
implementadas em batch, near real-time ou streaming, dependendo dos requisitos de latência, volume e arquitetura adotada.
2 A técnica transferência de arquivos envolve o envio de arquivos de texto, CSV, XML ou JSON entre sistemas para
ingestão em um banco de dados ou data lake. Algumas de suas particularidades incluem o fato de ser simples de implementar e
adequada para sistemas legados. Entre os riscos, estão a possibilidade de inconsistências na hipótese de os arquivos serem
corrompidos ou não padronizados; e a dependência de processos manuais. Boas práticas incluem automatizar a transferência via
scripts ou pipelines, validar integridade e garantir versionamento dos arquivos.
A técnica integração via base de dados é realizada, utilizando-se de conexões diretas entre bancos de dados, views,
procedures ou ferramentas de replicação. Algumas de suas particularidades incluem o fato de que permite atualização em tempo
real ou quase real, mantém integridade referencial e evita redundância. Entre os riscos, estão a maior complexidade de
configuração e a dependência de compatibilidade entre SGBDs e protocolos de conexão. Boas práticas incluem monitorar
performance, aplicar regras de consistência e segurança e utilizar logs para auditoria. Na transferência de arquivos, podem ser
utilizados ambientes de Object Storage (ex.: data lake em nuvem) como zona de pouso (landing zone), favorecendo
escalabilidade, reprocessamento e versionamento. Boas práticas adicionais incluem uso de checksums ou hash para verificação
de integridade, criptografia em trânsito e em repouso e validação de origem da fonte emissora. Na integração via base de dados,
além de conexões diretas, pode-se empregar técnicas de replicação e Change Data Capture (CDC), que capturam alterações
diretamente dos logs transacionais, reduzindo impacto nos sistemas de origem e permitindo integração quase em tempo real. Em
bancos relacionais, a integridade é garantida pelas propriedades ACID, caracterizando uma particularidade relevante dessa
técnica. Também pode ser considerada a integração via APIs como forma indireta de acesso aos dados, o que proporciona
desacoplamento, controle de acesso e padronização das requisições.
3 Para uma organização que recebe dados de múltiplas fontes heterogêneas, como sistemas financeiros, operacionais e
externos (APIs ou planilhas), reunidos em um data warehouse, um fluxo de integração eficiente pode ser o seguinte:
• extração (extract) – dados estruturados do ERP e CRM serão extraídos via ETL, aproveitando-se a capacidade do data
warehouse moderno; dados não estruturados (logs, arquivos JSON, imagens) serão enviados para um data lake;
• transformação (transform) – para dados estruturados, normalização, limpeza e agregações serão aplicadas no data
warehouse; para dados semiestruturados, padronização e enriquecimento serão aplicados em pipelines no data lake;
• carregamento (load): dados limpos e transformados serão carregados no data warehouse para relatórios e análises
corporativas; dados não estruturados serão mantidos no data lake para exploração futura e(ou) treinamento de
aprendizagem de máquina; e
• governança e monitoramento: o DBA implementará controle de integridade, auditoria e monitoramento de performance,
o que garante confiabilidade e escalabilidade. Devem ser realizados backups periódicos, logs e versionamento de dados
para garantir recuperação em caso de falhas.
A justificativa da escolha desse fluxo de integração reside no fato de que o ELT é utilizado para dados volumosos,
aproveitando processamento no destino. Já o ETL é usado para dados críticos e sensíveis, o que garante consistência antes do
carregamento. Além disso, combinar data lake e data warehouse permite flexibilidade analítica e suporte a múltiplos tipos de
dados, sem comprometer performance ou governança.
O candidato pode propor outros fluxos de integração, desde que sejam adequados ao contexto da organização,
considerem performance, confiabilidade e escalabilidade e que estejam acompanhados de justificativa técnica válida. Outros
fluxos arquiteturais podem ser aceitos, desde que tecnicamente justificados, como arquiteturas baseadas em streaming (event-
driven), Lambda ou Kappa, combinando processamento em lote e em tempo real. A escolha das técnicas de ingestão pode variar
conforme o tipo de fonte (APIs, arquivos, bases relacionais, eventos), volume e requisitos de latência. Decisões como uso de
processamento incremental, paralelismo, separação em camadas (staging e curada), monitoramento, controle de falhas e
observabilidade também caracterizam atendimento aos critérios de performance, confiabilidade e escalabilidade. O uso de
processamento paralelo e distribuído, ingestão incremental, separação em camadas e governança centralizada caracteriza
atendimento aos critérios de performance, confiabilidade e escalabilidade. Ambientes NoSQL e data lakes podem ser adotados
para dados não estruturados e semiestruturados, mantendo integração posterior com ambientes analíticos estruturados.
QUESITOS AVALIADOS
Quesito 2.1 – Distinção entre ETL e ELT
Conceito 0 – Não respondeu ao quesito ou apresentou resposta totalmente equivocada.
Conceito 1 – Abordou as diferenças entre ETL e ELT de maneira bastante superficial e sem incluir qualquer um dos aspectos
requisitados (cenários de aplicação, vantagens e desvantagens e impactos sobre desempenho e armazenamento).
Conceito 2 – Abordou as diferenças entre ETL e ELT, porém com a inclusão de apenas um dos três aspectos requisitados
(cenários de aplicação, vantagens e desvantagens ou impactos sobre desempenho e armazenamento).
Conceito 3 – Abordou as diferenças entre ETL e ELT, mas abordou apenas dois dos três aspectos requisitados.
Conceito 4 – Abordou as diferenças entre ETL e ELT de forma bem fundamentada, abordando todos os aspectos requisitados.
Quesito 2.2 – Transferência de arquivos e integração via base de dados
Conceito 0 – Não respondeu ao quesito ou apresentou resposta totalmente equivocada.
Conceito 1 – Analisou de maneira parcialmente correta apenas uma das duas técnicas e não destacou nenhum dos aspectos
requisitados (particularidades, riscos e boas práticas).
Conceito 2 – Analisou de maneira parcialmente correta apenas uma das técnicas e apresentou os aspectos requisitados
(particularidades, riscos e boas práticas) de forma pouco fundamentada OU analisou de maneira parcialmente correta as duas
técnicas, mas não abordou os aspectos requisitados de nenhuma delas.
Conceito 3 – Analisou de maneira parcialmente correta as duas técnicas, mas sem abordar os aspectos requisitados, OU analisou
corretamente apenas uma das técnicas, porém abordou os aspectos requisitados de forma pouco fundamentada.
Conceito 4 – Analisou corretamente as duas técnicas, porém abordou os aspectos requisitados (particularidades, riscos e boas
práticas) de forma bem fundamentada para apenas umas das técnicas OU abordou os aspectos requisitados de forma pouco
fundamentada para ambas as técnicas.
Conceito 5 – Analisou corretamente as duas técnicas e abordou de forma bem fundamentada os aspectos requisitados
(particularidades, riscos e boas práticas) das duas técnicas.
Quesito 2.3 – Fluxo de integração
Conceito 0 – Não respondeu ao quesito ou apresentou resposta totalmente equivocada.
Conceito 1 – Propôs corretamente um fluxo de integração de dados para uma organização que recebe informações de múltiplas
fontes heterogêneas, não justificou a escolha da técnica de ingestão para cada tipo de dado e nem considerou performance,
confiabilidade e escalabilidade.
Conceito 2 – Propôs corretamente um fluxo de integração de dados para uma organização que recebe informações de múltiplas
fontes heterogêneas, justificou a escolha da técnica de ingestão para cada tipo de dado, mas não considerou performance,
confiabilidade e escalabilidade.
Conceito 3 – Propôs corretamente um fluxo de integração de dados para uma organização que recebe informações de múltiplas
fontes heterogêneas, justificando a escolha da técnica de ingestão para cada tipo de dado e considerando performance,
confiabilidade e escalabilidade.",https://cdn.cebraspe.org.br/concursos/tce_mg_25/arquivos/BD2CA7B4C0692568A4CBE06C5D1343C0B822874EF710889E0663F31DAC0B88A7.pdf,https://cdn.cebraspe.org.br/concursos/tce_mg_25/arquivos/57A21750DC72DDA4D36B60BAE7302E3CD96D8FBF7F9976BCB559CBF530D90989.pdf,"caderno oficial, PDF p. 4","padrão definitivo oficial, PDF p. 3, 4",confirmado,,"[""ENGENHARIA DE DADOS""]","[""conceitual"", ""análise técnica"", ""projeto/arquitetura""]",médio,não,sim,sim,sim,sim,não,não,não,não,[],"QUESITOS AVALIADOS
Quesito 2.1 – Distinção entre ETL e ELT
Conceito 0 – Não respondeu ao quesito ou apresentou resposta totalmente equivocada.
Conceito 1 – Abordou as diferenças entre ETL e ELT de maneira bastante superficial e sem incluir qualquer um dos aspectos
requisitados (cenários de aplicação, vantagens e desvantagens e impactos sobre desempenho e armazenamento).
Conceito 2 – Abordou as diferenças entre ETL e ELT, porém com a inclusão de apenas um dos três aspectos requisitados
(cenários de aplicação, vantagens e desvantagens ou impactos sobre desempenho e armazenamento).
Conceito 3 – Abordou as diferenças entre ETL e ELT, mas abordou apenas dois dos três aspectos requisitados.
Conceito 4 – Abordou as diferenças entre ETL e ELT de forma bem fundamentada, abordando todos os aspectos requisitados.
Quesito 2.2 – Transferência de arquivos e integração via base de dados
Conceito 0 – Não respondeu ao quesito ou apresentou resposta totalmente equivocada.
Conceito 1 – Analisou de maneira parcialmente correta apenas uma das duas técnicas e não destacou nenhum dos aspectos
requisitados (particularidades, riscos e boas práticas).
Conceito 2 – Analisou de maneira parcialmente correta apenas uma das técnicas e apresentou os aspectos requisitados
(particularidades, riscos e boas práticas) de forma pouco fundamentada OU analisou de maneira parcialmente correta as duas
técnicas, mas não abordou os aspectos requisitados de nenhuma delas.
Conceito 3 – Analisou de maneira parcialmente correta as duas técnicas, mas sem abordar os aspectos requisitados, OU analisou
corretamente apenas uma das técnicas, porém abordou os aspectos requisitados de forma pouco fundamentada.
Conceito 4 – Analisou corretamente as duas técnicas, porém abordou os aspectos requisitados (particularidades, riscos e boas
práticas) de forma bem fundamentada para apenas umas das técnicas OU abordou os aspectos requisitados de forma pouco
fundamentada para ambas as técnicas.
Conceito 5 – Analisou corretamente as duas técnicas e abordou de forma bem fundamentada os aspectos requisitados
(particularidades, riscos e boas práticas) das duas técnicas.
Quesito 2.3 – Fluxo de integração
Conceito 0 – Não respondeu ao quesito ou apresentou resposta totalmente equivocada.
Conceito 1 – Propôs corretamente um fluxo de integração de dados para uma organização que recebe informações de múltiplas
fontes heterogêneas, não justificou a escolha da técnica de ingestão para cada tipo de dado e nem considerou performance,
confiabilidade e escalabilidade.
Conceito 2 – Propôs corretamente um fluxo de integração de dados para uma organização que recebe informações de múltiplas
fontes heterogêneas, justificou a escolha da técnica de ingestão para cada tipo de dado, mas não considerou performance,
confiabilidade e escalabilidade.
Conceito 3 – Propôs corretamente um fluxo de integração de dados para uma organização que recebe informações de múltiplas
fontes heterogêneas, justificando a escolha da técnica de ingestão para cada tipo de dado e considerando performance,
confiabilidade e escalabilidade.","{""pontuacao_total"": ""10,00"", ""valores_explicitos_no_enunciado"": [""[valor: 3,25 pontos]"", ""[valor: 3,25 pontos]"", ""[valor: 3,00 pontos]""]}"
tce_rs_2025_auditor_ti_p3,tce_rs_2025_auditor_ti,2025,Tribunal de Contas do Estado do Rio Grande do Sul (TCE/RS),Auditor de Controle Externo,Tecnologia da Informação — cargo 4,questão dissertativa,15,"20,00","No ciclo das finanças públicas, a atuação do TCE/RS se projeta sobre a conformidade e o desempenho da gestão, envolvendo diversas modalidades de trabalhos que repercutem na responsabilização de agentes e no exame das contas do chefe do Poder Executivo estadual. Considerando o texto precedente como meramente motivador, explique as competências do TCE/RS no controle externo e a interface com a Assembleia Legislativa do Estado do Rio Grande do Sul [valor: 10,00 pontos], esclarecendo, ainda, a distinção entre o parecer prévio sobre as contas de governo e o julgamento das contas de gestão [valor: 9,00 pontos].","[""competências do TCE/RS e interface com a Assembleia Legislativa"", ""distinção entre parecer prévio e julgamento de contas""]",Competências do TCE/RS no controle externo,"[""contas de governo"", ""contas de gestão"", ""parecer prévio""]",Exposição sobre controle externo no ciclo das finanças públicas.,"[""TCE/RS""]",geral,inexistente,[],"TRIBUNAL DE CONTAS DO ESTADO DO RIO GRANDE DO SUL
CONHECIMENTOS GERAIS PARA OS CARGOS DE 1 A 4
AUDITOR DE CONTROLE EXTERNO (ACE)
Prova Discursiva P3
Aplicação: 19/10/2025
PADRÃO DE RESPOSTA DEFINITIVO
O Tribunal de Contas do Rio Grande do Sul (TCE/RS) exerce o controle externo como órgão auxiliar da Assembleia
Legislativa do Rio Grande do Sul (ALRS), atuando com autonomia e independência funcional. A fiscalização, a cargo da ALRS
com auxílio do TCE/RS, abrange a gestão contábil, financeira, orçamentária, operacional e patrimonial (CFOOP), verificando a
legalidade, a legitimidade, a economicidade e os resultados. As competências do TCE/RS são adaptadas ao Estado obedecendo
às regras da Constituição Estadual, por simetria ao art. 71 da Constituição Federal de 1988, e da legislação orgânica, fiscalizando
legalidade, legitimidade, economicidade e resultados.
Nas contas de governo, relativas ao chefe do Poder Executivo estadual, o O TCE/RS realiza exame macrofiscal e de
cumprimento de metas, emitindo deve emitir parecer prévio sobre as contas do Governador e dos Prefeitos Municipais, de
natureza opinativa e conclusiva, que instrui o julgamento político pela ALRS, observado o quórum e os parâmetros fixados no
ordenamento jurídico estadual respectiva Casa Legislativa.
Quanto às O julgamento das contas de gestão, é um ato técnico e decisório do próprio TCE/RS, que recai sobre os julga
administradores e ordenadores de despesa, apurando com foco na responsabilidade individual, com pronunciamentos de natureza
decisória, cabendo-lhe. Este julgamento pode resultar na aplicaçãor de multas e imputaçãor de débito, com eficácia de título
executivo após o trânsito na esfera administrativa.
Para instruir suas deliberações, apoia-se em auditorias e inspeções in loco, requisições de informações e diligências,
monitora determinações e pode expedir medidas cautelares para prevenir dano, fixando prazos para saneamento, glosando
despesas e comunicando o Ministério Público, quando pertinente. Devem ser observados o contraditório, a ampla defesa, a
motivação e a proporcionalidade, vedada a substituição do mérito administrativo do gestor.
QUESITOS AVALIADOS
Quesito 2.1 – Competências do TCE/RS no controle externo e interface com a ALRS
Conceito 0 – Não abordou nenhum dos seguintes aspectos nucleares, ou o fez incorretamente: (i) TCE/RS como órgão de auxílio
da ALRS, atuando com autonomia/independência (sem subordinação hierárquica); (ii) competências técnico-fiscalizatórias do
TCE/RS no controle externo fiscalização dos aspectos Contábil, Financeiro, Orçamentário e ou Patrimonial (CFOOP); (iii)
fiscalização quanto à legalidade, à legitimidade, à economicidade e/ou aos resultados; (iv) fundamento por simetria ao art. 71 da
CF/88 e em normas estaduais (CE/RS e Lei Orgânica) emissão de parecer prévio opinativo pelo TCE/RS; (v) remissão do parecer
prévio à ALRS competência de julgar as contas dos administradores/responsáveis por bens/valores públicos (Contas de Gestão);
(vi) julgamento político das contas de governo pela ALRS competência de apreciar, para fins de registro, atos de pessoal
(admissão/aposentadoria/pensão); e (vii) outras competências essenciais (ex.: aplicar sanções/multas, sustar atos/contratos, ou
realizar auditorias/inspeções).
Conceito 1 – Abordou, de forma correta e desenvolvida, apenas um dos aspectos citados.
Conceito 2 – Abordou, de forma correta e desenvolvida, apenas dois dos aspectos citados.
Conceito 3 – Abordou, de forma correta e desenvolvida, apenas três dos aspectos citados.
Conceito 4 – Abordou, de forma correta e desenvolvida, apenas quatro dos aspectos citados.
Conceito 5 – Abordou, de forma correta e desenvolvida, apenas cinco dos aspectos citados.
Conceito 6 – Abordou, de forma correta e desenvolvida, todos os seis ou mais dos aspectos citados.
Quesito 2.2 – Distinção entre o parecer prévio sobre as contas de governo e o julgamento das contas de gestão
Conceito 0 – Não abordou nenhum dos seguintes aspectos nucleares, ou o fez incorretamente: (i) caráter opinativo do parecer
prévio das contas de governo; natureza do parecer prévio (contas de Governo) é opinativa (não decisória); (ii) foco do parecer:
exame macrofiscal de políticas e resultados natureza do julgamento (contas de gestão) é decisória (com caráter jurisdicional
administrativo); (iii) julgamento técnico das contas de gestão pelo TCE/RS, com caráter decisório parecer prévio (contas de
Governo) deve ser conclusivo (aprova/reprova); (iv) foco do julgamento: exame dos atos de administração e despesas e apuração
de responsabilidade órgão julgador final (contas de Governo) é o Poder Legislativo (ALRS/Câmara Municipal); (v) possibilidade
de multas, glosas e imputação de débito sujeito passivo (contas de Governo) é o Chefe do Poder Executivo (Governador e/ou
Prefeito); (vi) sujeito passivo (contas de Gestão) são administradores e ordenadores de despesa (qualquer pessoa que use recursos
públicos); (vii) foco da análise (contas de Governo) é macrofiscal (políticas, metas, orçamento global); e (viii) consequência
principal (contas de Gestão) é a imposição de sanções (multa, débito, glosa).
Conceito 1 – Abordou, de forma correta e desenvolvida, apenas um dos aspectos citados.
Conceito 2 – Abordou, de forma correta e desenvolvida, apenas dois dos aspectos citados.
Conceito 3 – Abordou, de forma correta e desenvolvida, apenas três dos aspectos citados.
Conceito 4 – Abordou, de forma correta e desenvolvida, apenas quatro dos aspectos citados.
Conceito 5 – Abordou, de forma correta e desenvolvida, todos os apenas cinco dos aspectos citados.
Conceito 6 – Abordou, de forma correta e desenvolvida, seis ou mais dos aspectos citados.",https://cdn.cebraspe.org.br/concursos/tce_rs_25/arquivos/20A94A6217EB1821BC8B483AB5B58476AC7C0B164D1B9ED0AA352E2EF2EC8017.pdf,https://cdn.cebraspe.org.br/concursos/tce_rs_25/arquivos/240C0EFE7C3BBBF36D674F04D1F7FF8540F69090BC2127AEA9B783B7D4961174.pdf,"caderno oficial, PDF p. 1","padrão definitivo oficial, PDF p. 1, 2",confirmado,,[],"[""conceitual"", ""aplicação normativa""]",médio,sim,não,não,sim,sim,não,não,não,sim,[],"QUESITOS AVALIADOS
Quesito 2.1 – Competências do TCE/RS no controle externo e interface com a ALRS
Conceito 0 – Não abordou nenhum dos seguintes aspectos nucleares, ou o fez incorretamente: (i) TCE/RS como órgão de auxílio
da ALRS, atuando com autonomia/independência (sem subordinação hierárquica); (ii) competências técnico-fiscalizatórias do
TCE/RS no controle externo fiscalização dos aspectos Contábil, Financeiro, Orçamentário e ou Patrimonial (CFOOP); (iii)
fiscalização quanto à legalidade, à legitimidade, à economicidade e/ou aos resultados; (iv) fundamento por simetria ao art. 71 da
CF/88 e em normas estaduais (CE/RS e Lei Orgânica) emissão de parecer prévio opinativo pelo TCE/RS; (v) remissão do parecer
prévio à ALRS competência de julgar as contas dos administradores/responsáveis por bens/valores públicos (Contas de Gestão);
(vi) julgamento político das contas de governo pela ALRS competência de apreciar, para fins de registro, atos de pessoal
(admissão/aposentadoria/pensão); e (vii) outras competências essenciais (ex.: aplicar sanções/multas, sustar atos/contratos, ou
realizar auditorias/inspeções).
Conceito 1 – Abordou, de forma correta e desenvolvida, apenas um dos aspectos citados.
Conceito 2 – Abordou, de forma correta e desenvolvida, apenas dois dos aspectos citados.
Conceito 3 – Abordou, de forma correta e desenvolvida, apenas três dos aspectos citados.
Conceito 4 – Abordou, de forma correta e desenvolvida, apenas quatro dos aspectos citados.
Conceito 5 – Abordou, de forma correta e desenvolvida, apenas cinco dos aspectos citados.
Conceito 6 – Abordou, de forma correta e desenvolvida, todos os seis ou mais dos aspectos citados.
Quesito 2.2 – Distinção entre o parecer prévio sobre as contas de governo e o julgamento das contas de gestão
Conceito 0 – Não abordou nenhum dos seguintes aspectos nucleares, ou o fez incorretamente: (i) caráter opinativo do parecer
prévio das contas de governo; natureza do parecer prévio (contas de Governo) é opinativa (não decisória); (ii) foco do parecer:
exame macrofiscal de políticas e resultados natureza do julgamento (contas de gestão) é decisória (com caráter jurisdicional
administrativo); (iii) julgamento técnico das contas de gestão pelo TCE/RS, com caráter decisório parecer prévio (contas de
Governo) deve ser conclusivo (aprova/reprova); (iv) foco do julgamento: exame dos atos de administração e despesas e apuração
de responsabilidade órgão julgador final (contas de Governo) é o Poder Legislativo (ALRS/Câmara Municipal); (v) possibilidade
de multas, glosas e imputação de débito sujeito passivo (contas de Governo) é o Chefe do Poder Executivo (Governador e/ou
Prefeito); (vi) sujeito passivo (contas de Gestão) são administradores e ordenadores de despesa (qualquer pessoa que use recursos
públicos); (vii) foco da análise (contas de Governo) é macrofiscal (políticas, metas, orçamento global); e (viii) consequência
principal (contas de Gestão) é a imposição de sanções (multa, débito, glosa).
Conceito 1 – Abordou, de forma correta e desenvolvida, apenas um dos aspectos citados.
Conceito 2 – Abordou, de forma correta e desenvolvida, apenas dois dos aspectos citados.
Conceito 3 – Abordou, de forma correta e desenvolvida, apenas três dos aspectos citados.
Conceito 4 – Abordou, de forma correta e desenvolvida, apenas quatro dos aspectos citados.
Conceito 5 – Abordou, de forma correta e desenvolvida, todos os apenas cinco dos aspectos citados.
Conceito 6 – Abordou, de forma correta e desenvolvida, seis ou mais dos aspectos citados.","{""pontuacao_total"": ""20,00"", ""valores_explicitos_no_enunciado"": [""[valor: 10,00 pontos]"", ""[valor: 9,00 pontos]""]}"
tce_rs_2025_auditor_ti_p4,tce_rs_2025_auditor_ti,2025,Tribunal de Contas do Estado do Rio Grande do Sul (TCE/RS),Auditor de Controle Externo,Tecnologia da Informação — cargo 4,questão dissertativa,15,"20,00","Órgãos de controle geralmente lidam com processos eletrônicos e bases de dados que contêm dados pessoais e informações sigilosas, cuja fidedignidade e continuidade dependem da aplicação adequada dos princípios de segurança da informação, bem como demandam o uso de controles técnicos — como criptografia em trânsito e em repouso, assinatura digital etc. — e, principalmente, devem estar em conformidade com a Lei Geral de Proteção de Dados Pessoais (LGPD). Nesse cenário, exige-se do auditor uma visão integrada entre requisitos legais e soluções tecnológicas. Considerando o texto precedente como unicamente motivador, redija um texto dissertativo acerca de segurança da informação, atendendo ao que se pede a seguir. 1 Defina as propriedades da disponibilidade, da integridade, da confidencialidade, da autenticidade e do não repúdio no contexto da segurança da informação. [valor: 10,00 pontos] 2 Correlacione a criptografia (em trânsito e em repouso), a assinatura digital e a autenticação multifator (MFA) às referidas propriedades. [valor: 9,00 pontos]","[""propriedades da segurança da informação"", ""correlação de criptografia, assinatura digital e MFA com as propriedades""]",Propriedades e controles de segurança da informação,"[""confidencialidade"", ""integridade"", ""disponibilidade"", ""autenticidade"", ""não repúdio"", ""criptografia"", ""assinatura digital"", ""MFA""]",Proteção de processos eletrônicos e dados pessoais em órgãos de controle.,"[""LGPD"", ""criptografia"", ""assinatura digital"", ""MFA""]",específico,direta,"[""GESTÃO E GOVERNANÇA DE TI — 10 Cibersegurança e continuidade de negócios (ISO 27001/22301, 27002, NIST).""]","TRIBUNAL DE CONTAS DO ESTADO DO RIO GRANDE DO SUL
CARGO 4: AUDITOR DE CONTROLE EXTERNO (ACE)
ESPECIALIDADE: TECNOLOGIA DA INFORMAÇÃO
Prova Discursiva P4
Aplicação: 19/10/2025
PADRÃO DE RESPOSTA DEFINITIVO
A segurança da informação visa à preservação da confidencialidade, da integridade e da disponibilidade da informação.
Adicionalmente, outras propriedades, tais como autenticidade, responsabilidade, não repúdio e confiabilidade, podem estar
envolvidas.
Disponibilidade é a propriedade que garante que a informação esteja acessível e utilizável, sob demanda, por pessoas,
sistemas ou órgãos autorizados. Integridade é a propriedade que assegura que a informação não foi alterada ou destruída de forma
não autorizada ou acidental. Confidencialidade é a propriedade que assegura que a informação não esteja disponível nem seja
revelada a pessoas, sistemas, órgãos ou entidades não autorizados. Autenticidade é a propriedade que assegura que a informação
foi produzida, expedida, modificada ou destruída por pessoa, equipamento, sistema, órgão ou entidade identificável, garantindo
a origem e a validade da informação. Não repúdio é a propriedade segundo a qual o envio ou o conteúdo da informação não pode
ser negado por seu emissor (ou receptor), podendo-se provar a ocorrência de um evento ou de uma ação, bem como as entidades
que o(a) originaram.
A criptografia (em trânsito e em repouso) se relaciona-se primariamente com a confidencialidade. A criptografia em
trânsito, quando autenticada (ex.: TLS/SSL), também se relaciona com a integridade, a autenticidade e o não repúdio.
A criptografia em repouso, além se relaciona com da confidencialidade, do armazenamento pode relacionar-se com a integridade
(quando utiliza mecanismos de verificação, como checksums, MACs ou assinaturas internas) e com a disponibilidade (ao
proteger os dados contra perda ou corrupção).
Já a A assinatura digital está relacionada à integridade, à autenticidade, e ao não repúdio e à disponibilidade (ao facilitar
o acesso contínuo e remoto a documentos) enquanto o duplo-fator de autenticação (MFA) se relaciona à autenticidade do usuário.
A autenticação multifator (MFA) relaciona-se com múltiplas propriedades, conforme o contexto: (1) no contexto de
controle de acesso, relaciona-se primariamente com a disponibilidade (garantindo que informações fiquem acessíveis apenas a
usuários autenticados) e com a confidencialidade (restringindo acesso a credenciais legítimas); (2) no contexto de produção e
emissão de informações, relaciona-se com a autenticidade da informação produzida pelo usuário autenticado e com o não repúdio
(fornecendo evidência de que a ação foi realizada por pessoa específica).
QUESITOS AVALIADOS
Quesito 2.1 – Disponibilidade
Conceito 0 – Não abordou o quesito ou o fez de forma totalmente equivocada.
Conceito 1 – Definiu as propriedades da disponibilidade de forma parcialmente correta ou incompleta.
Conceito 2 – Definiu corretamente as propriedades da disponibilidade.
Quesito 2.2 – Integridade
Conceito 0 – Não abordou o quesito ou o fez de forma totalmente equivocada.
Conceito 1 – Definiu as propriedades da integridade de forma parcialmente correta ou incompleta.
Conceito 2 – Definiu corretamente as propriedades da integridade.
Quesito 2.3 – Confidencialidade
Conceito 0 – Não abordou o quesito ou o fez de forma totalmente equivocada.
Conceito 1 – Definiu as propriedades da confidencialidade de forma parcialmente correta ou incompleta.
Conceito 2 – Definiu corretamente as propriedades da confidencialidade.
Quesito 2.4 – Autenticidade
Conceito 0 – Não abordou o quesito ou o fez de forma totalmente equivocada.
Conceito 1 – Definiu as propriedades da autenticidade de forma parcialmente correta ou incompleta.
Conceito 2 – Definiu corretamente as propriedades da autenticidade, abordando a garantia de origem (entidade identificável)
e/ou a finalidade da autenticidade no contexto de controle e auditoria (validade jurídica, valor probatório).
Quesito 2.5 – Não repúdio
Conceito 0 – Não abordou o quesito ou o fez de forma totalmente equivocada.
Conceito 1 – Definiu as propriedades do não repúdio de forma parcialmente correta ou incompleta.
Conceito 2 – Definiu corretamente as propriedades do não repúdio.
Quesito 2.6 – Correlação entre os mecanismos técnicos e as propriedades da segurança da informação
Conceito 0 – Não abordou o quesito ou o fez de forma totalmente equivocada.
Conceito 1 – Correlacionou, corretamente, apenas um mecanismo à(s) propriedade(s) correspondente(s). A correlação será
considerada correta se for tecnicamente fundamentada, considerando a natureza multidimensional dos mecanismos.
Conceito 2 – Correlacionou, corretamente, apenas dois mecanismos à(s) propriedade(s) correspondente(s). A correlação será
considerada correta se for tecnicamente fundamentada, considerando a natureza multidimensional dos mecanismos.
Conceito 3 – Correlacionou, corretamente, apenas três mecanismos à(s) propriedade(s) correspondente(s). A correlação será
considerada correta se for tecnicamente fundamentada, considerando a natureza multidimensional dos mecanismos.
Conceito 4 – Correlacionou, corretamente, os quatro mecanismos à(s) propriedade(s) correspondente(s). A correlação será
considerada correta se for tecnicamente fundamentada, considerando a natureza multidimensional dos mecanismos.",https://cdn.cebraspe.org.br/concursos/tce_rs_25/arquivos/50010D3AA45DE313D7F398190F24FD83D0BD6A9133312104CE2499CF770EC387.pdf,https://cdn.cebraspe.org.br/concursos/tce_rs_25/arquivos/248965FA539108F622B4408875D19534A21A101C9B39AB6527B384C57B77E602.pdf,"caderno oficial, PDF p. 1","padrão definitivo oficial, PDF p. 1, 2",confirmado,,"[""GESTÃO E GOVERNANÇA DE TI""]","[""conceitual""]",médio,não,não,não,não,sim,não,não,não,não,[],"QUESITOS AVALIADOS
Quesito 2.1 – Disponibilidade
Conceito 0 – Não abordou o quesito ou o fez de forma totalmente equivocada.
Conceito 1 – Definiu as propriedades da disponibilidade de forma parcialmente correta ou incompleta.
Conceito 2 – Definiu corretamente as propriedades da disponibilidade.
Quesito 2.2 – Integridade
Conceito 0 – Não abordou o quesito ou o fez de forma totalmente equivocada.
Conceito 1 – Definiu as propriedades da integridade de forma parcialmente correta ou incompleta.
Conceito 2 – Definiu corretamente as propriedades da integridade.
Quesito 2.3 – Confidencialidade
Conceito 0 – Não abordou o quesito ou o fez de forma totalmente equivocada.
Conceito 1 – Definiu as propriedades da confidencialidade de forma parcialmente correta ou incompleta.
Conceito 2 – Definiu corretamente as propriedades da confidencialidade.
Quesito 2.4 – Autenticidade
Conceito 0 – Não abordou o quesito ou o fez de forma totalmente equivocada.
Conceito 1 – Definiu as propriedades da autenticidade de forma parcialmente correta ou incompleta.
Conceito 2 – Definiu corretamente as propriedades da autenticidade, abordando a garantia de origem (entidade identificável)
e/ou a finalidade da autenticidade no contexto de controle e auditoria (validade jurídica, valor probatório).
Quesito 2.5 – Não repúdio
Conceito 0 – Não abordou o quesito ou o fez de forma totalmente equivocada.
Conceito 1 – Definiu as propriedades do não repúdio de forma parcialmente correta ou incompleta.
Conceito 2 – Definiu corretamente as propriedades do não repúdio.
Quesito 2.6 – Correlação entre os mecanismos técnicos e as propriedades da segurança da informação
Conceito 0 – Não abordou o quesito ou o fez de forma totalmente equivocada.
Conceito 1 – Correlacionou, corretamente, apenas um mecanismo à(s) propriedade(s) correspondente(s). A correlação será
considerada correta se for tecnicamente fundamentada, considerando a natureza multidimensional dos mecanismos.
Conceito 2 – Correlacionou, corretamente, apenas dois mecanismos à(s) propriedade(s) correspondente(s). A correlação será
considerada correta se for tecnicamente fundamentada, considerando a natureza multidimensional dos mecanismos.
Conceito 3 – Correlacionou, corretamente, apenas três mecanismos à(s) propriedade(s) correspondente(s). A correlação será
considerada correta se for tecnicamente fundamentada, considerando a natureza multidimensional dos mecanismos.
Conceito 4 – Correlacionou, corretamente, os quatro mecanismos à(s) propriedade(s) correspondente(s). A correlação será
considerada correta se for tecnicamente fundamentada, considerando a natureza multidimensional dos mecanismos.","{""pontuacao_total"": ""20,00"", ""valores_explicitos_no_enunciado"": [""[valor: 10,00 pontos]"", ""[valor: 9,00 pontos]""]}"
tce_pr_2024_auditor_informatica_q1,tce_pr_2024_auditor_informatica,2024,Tribunal de Contas do Estado do Paraná (TCE/PR),Auditor de Controle Externo,Informática — cargo 5,questão dissertativa,15,"5,00","QUESTÃO 1 O padrão TCP/IP foi criado pelo Departamento de Defesa dos Estados Unidos da América para permitir a transmissão precisa e correta de dados entre dispositivos de rede. Esse padrão é, na verdade, uma implementação específica do modelo OSI, voltado para a Internet, e foi criado por conta da necessidade de padronização de outras tecnologias de rede. Assim, o TCP/IP concentra-se especialmente no estabelecimento de protocolos-padrão específicos. Considerando o modelo TCP/IP, disserte sobre as diferenças entre os tipos de endereçamento IPv4 e IPv6 nos seguintes aspectos: 1 tamanho de endereço; [valor: 0,75 ponto] 2 padrão de nomenclatura; [valor: 2,00 pontos] 3 possíveis tipos de endereçamento de pacotes. [valor: 2,00 pontos] QUESTÃO 1 –","[""tamanho de endereços IPv4 e IPv6"", ""nomenclatura"", ""tipos de endereçamento de pacotes""]",Endereçamento IPv4 e IPv6,"[""TCP/IP"", ""IPv4"", ""IPv6"", ""unicast"", ""multicast"", ""broadcast"", ""anycast""]",Comparação técnica dos protocolos de endereçamento.,"[""TCP/IP"", ""IPv4"", ""IPv6""]",específico,inexistente,[],"TRIBUNAL DE CONTAS DO ESTADO DO PARANÁ (TCE-PR)
CARGO 5: AUDITOR DE CONTROLE EXTERNO
ÁREA: INFORMÁTICA
Prova Discursiva – Questão 1
Aplicação: 11/08/2024
PADRÃO DE RESPOSTA DEFINITIVO
Em relação ao tamanho de endereço, o IPv4 diferencia-se do IPv6 por ser composto de endereços de 32 bits, enquanto
o segundo é composto por endereços de 128 bits.
O padrão de nomenclatura do IPv4 é de endereço IP numérico: quatro lotes de números de três dígitos decimais ou
quatro octetos, com oito dígitos binários cada, separados por pontos finais. Ou endereço com comprimento de 32 bits divididos
em quatro grupos de 8 bits, cada (octeto), separados por ponto “.”
O padrão de nomenclatura do IPv6 é de endereço alfanumérico: oito lotes de números hexadecimais de quatro caracteres,
separados por dois-pontos. Os endereços com comprimento de 128 bits possuem e são escritos como uma sequência de valores
hexadecimais. Cada 4 bits é representado por um único dígito hexadecimal, totalizando 32 valores hexadecimais em grupos de
4 dígitos, separados por dois pontos “:”
O endereçamento de pacotes do IPv4 pode ser unicast, broadcast e multicast, e o endereçamento de pacotes do IPv6
pode ser unicast, multicast e anycast.
QUESITOS AVALIADOS
QUESITO 2.1
Conceito 0 – Não mencionou o tamanho de endereço do IPv4 nem do IPv6.
Conceito 1 – Mencionou, corretamente, o tamanho de endereço apenas do IPv4 ou do IPv6, de forma clara, concisa e coesa.
Conceito 2 – Mencionou, corretamente, o tamanho de endereço do IPv4 e do IPv6, de forma clara, concisa e coesa.
QUESITO 2.2
Conceito 0 – Não abordou o padrão de nomenclatura do IPv4 nem do IPv6.
Conceito 1 – Limitou-se a mencionar apenas que o padrão de nomenclatura do IPv4 é numérico ou que o padrão de nomenclatura
do IPv6 é alfanumérico.
Conceito 2 – Mencionou que o padrão de nomenclatura do IPv4 é numérico e que o padrão de nomenclatura do IPv6 é
alfanumérico, porém não descreveu nenhum deles.
Conceito 3 – Mencionou que o padrão de nomenclatura do IPv4 é numérico e que o padrão de nomenclatura do IPv6 é
alfanumérico, porém descreveu, de forma correta, clara e coesa, apenas um deles.
Conceito 4 – Mencionou que o padrão de nomenclatura do IPv4 é numérico e que o padrão de nomenclatura do IPv6 é
alfanumérico, porém os descreveu de forma parcialmente correta ou incompleta, com comprometimento dos aspectos de
concisão, coesão textual e clareza, demonstrando parcial capacidade de análise e argumentação.
Conceito 5 – Mencionou que o padrão de nomenclatura do IPv4 é numérico e que o padrão de nomenclatura do IPv6 é
alfanumérico, descrevendo ambos corretamente, de forma clara, concisa e coesa, demonstrando adequada capacidade de análise
e argumentação.
QUESITO 2.3
Conceito 0 – Não mencionou nenhum tipo de endereçamento de pacotes do IPv4.
Conceito 1 – Mencionou, corretamente, de forma clara, concisa e coesa, apenas um tipo de endereçamento de pacotes do IPv4.
Conceito 2 – Mencionou, corretamente, de forma clara, concisa e coesa, apenas dois tipos de endereçamento de pacotes do IPv4.
Conceito 3 – Mencionou, corretamente, de forma clara, concisa e coesa, os três tipos de endereçamento de pacotes do IPv4.
QUESITO 2.4
Conceito 0 – Não mencionou nenhum tipo de endereçamento de pacotes do IPv6.
Conceito 1 – Mencionou, corretamente, de forma clara, concisa e coesa, apenas um tipo de endereçamento de pacotes do IPv6.
Conceito 2 – Mencionou, corretamente, de forma clara, concisa e coesa, apenas dois tipos de endereçamento de pacotes do IPv6.
Conceito 3 – Mencionou, corretamente, de forma clara, concisa e coesa, os três tipos de endereçamento de pacotes do IPv6.",https://cdn.cebraspe.org.br/concursos/tce_pr_24_auditor/arquivos/TCEPR_CARGO_5_DISC.PDF,https://cdn.cebraspe.org.br/concursos/tce_pr_24_auditor/arquivos/TCEPR_PADRO_DEFINITIVO_DE_RESPOSTAS_CARGO_5.PDF,"caderno oficial, PDF p. 1","padrão definitivo oficial, PDF p. 1, 2",confirmado,,[],"[""conceitual""]",médio,não,não,não,sim,sim,não,não,não,não,[],"QUESITOS AVALIADOS
QUESITO 2.1
Conceito 0 – Não mencionou o tamanho de endereço do IPv4 nem do IPv6.
Conceito 1 – Mencionou, corretamente, o tamanho de endereço apenas do IPv4 ou do IPv6, de forma clara, concisa e coesa.
Conceito 2 – Mencionou, corretamente, o tamanho de endereço do IPv4 e do IPv6, de forma clara, concisa e coesa.
QUESITO 2.2
Conceito 0 – Não abordou o padrão de nomenclatura do IPv4 nem do IPv6.
Conceito 1 – Limitou-se a mencionar apenas que o padrão de nomenclatura do IPv4 é numérico ou que o padrão de nomenclatura
do IPv6 é alfanumérico.
Conceito 2 – Mencionou que o padrão de nomenclatura do IPv4 é numérico e que o padrão de nomenclatura do IPv6 é
alfanumérico, porém não descreveu nenhum deles.
Conceito 3 – Mencionou que o padrão de nomenclatura do IPv4 é numérico e que o padrão de nomenclatura do IPv6 é
alfanumérico, porém descreveu, de forma correta, clara e coesa, apenas um deles.
Conceito 4 – Mencionou que o padrão de nomenclatura do IPv4 é numérico e que o padrão de nomenclatura do IPv6 é
alfanumérico, porém os descreveu de forma parcialmente correta ou incompleta, com comprometimento dos aspectos de
concisão, coesão textual e clareza, demonstrando parcial capacidade de análise e argumentação.
Conceito 5 – Mencionou que o padrão de nomenclatura do IPv4 é numérico e que o padrão de nomenclatura do IPv6 é
alfanumérico, descrevendo ambos corretamente, de forma clara, concisa e coesa, demonstrando adequada capacidade de análise
e argumentação.
QUESITO 2.3
Conceito 0 – Não mencionou nenhum tipo de endereçamento de pacotes do IPv4.
Conceito 1 – Mencionou, corretamente, de forma clara, concisa e coesa, apenas um tipo de endereçamento de pacotes do IPv4.
Conceito 2 – Mencionou, corretamente, de forma clara, concisa e coesa, apenas dois tipos de endereçamento de pacotes do IPv4.
Conceito 3 – Mencionou, corretamente, de forma clara, concisa e coesa, os três tipos de endereçamento de pacotes do IPv4.
QUESITO 2.4
Conceito 0 – Não mencionou nenhum tipo de endereçamento de pacotes do IPv6.
Conceito 1 – Mencionou, corretamente, de forma clara, concisa e coesa, apenas um tipo de endereçamento de pacotes do IPv6.
Conceito 2 – Mencionou, corretamente, de forma clara, concisa e coesa, apenas dois tipos de endereçamento de pacotes do IPv6.
Conceito 3 – Mencionou, corretamente, de forma clara, concisa e coesa, os três tipos de endereçamento de pacotes do IPv6.","{""pontuacao_total"": ""5,00"", ""valores_explicitos_no_enunciado"": [""[valor: 0,75 ponto]"", ""[valor: 2,00 pontos]"", ""[valor: 2,00 pontos]""]}"
tce_pr_2024_auditor_informatica_q2,tce_pr_2024_auditor_informatica,2024,Tribunal de Contas do Estado do Paraná (TCE/PR),Auditor de Controle Externo,Informática — cargo 5,questão dissertativa,15,"5,00","QUESTÃO 2 Tendo em vista que o processamento de dados envolve uma série de atividades executadas de maneira ordenada, resultando em um arranjo de informações úteis para determinado objetivo, redija um texto dissertativo atendendo ao que se pede a seguir. 1 Descreva como funciona o processamento em lote. [valor: 1,25 ponto] 2 Descreva como funciona o processamento em tempo real. [valor: 1,25 ponto] 3 Cite uma situação em que o processamento em lote é o mais indicado e uma situação em que o processamento em tempo real é o mais indicado. [valor: 2,25 pontos] QUESTÃO 2 –","[""processamento em lote"", ""processamento em tempo real"", ""situação indicada para cada modalidade""]",Processamento de dados em lote e em tempo real,"[""batch"", ""tempo real""]",Comparação de modalidades de processamento de dados.,"[""processamento em lote"", ""processamento em tempo real""]",específico,apenas relacionada,"[""ENGENHARIA DE DADOS — 1 Dado, informação, conhecimento e inteligência."", ""ENGENHARIA DE DADOS — 1.3 Coleta, tratamento, armazenamento, integração e recuperação de dados.""]","TRIBUNAL DE CONTAS DO ESTADO DO PARANÁ (TCE-PR)
CARGO 5: AUDITOR DE CONTROLE EXTERNO
ÁREA: INFORMÁTICA
Prova Discursiva – Questão 2
Aplicação: 11/08/2024
PADRÃO DE RESPOSTA DEFINITIVO
O processamento em lote é o método de coleta, armazenamento e processamento de grandes volumes de dados em
intervalos regulares ou sob demanda. É uma forma eficiente de processar grandes volumes de dados, em que um grupo de
transações é coletado durante um período de tempo. Os dados são coletados, inseridos e processados e, em seguida, os
resultados do lote são produzidos. É adequado para cenários em que a qualidade, a integridade e a consistência dos dados são
mais importantes do que a velocidade e a atualização.
O processamento em tempo real é o método que processa os dados assim que eles são gerados ou recebidos, com
mínimo ou nenhum atraso. É utilizado em ambiente onde um grande número de eventos (geralmente externos) deve ser aceito
e processado em um curto espaço de tempo. O processamento em tempo real requer transações rápidas e é caracterizado pelo
fornecimento de resposta imediata. Essa abordagem é adequada para cenários em que a pontualidade, a capacidade de resposta
e a disponibilidade dos dados são mais importantes do que o volume e a precisão.
QUESITOS AVALIADOS
QUESITO 2.1
Conceito 0 – Não descreveu o processamento em lote.
Conceito 1 – Descreveu o processamento em lote de forma parcialmente correta ou incompleta, com comprometimento dos
aspectos de coesão, concisão e(ou) clareza, demonstrando parcial capacidade de análise e argumentação.
Conceito 2 – Descreveu corretamente o processamento em lote, observando os aspectos de concisão, coesão textual e clareza e
demonstrando adequada capacidade de análise e argumentação.
QUESITO 2.2
Conceito 0 – Não descreveu o processamento em tempo real.
Conceito 1 – Descreveu o processamento em tempo real de forma parcialmente correta ou incompleta, com comprometimento
dos aspectos de coesão, concisão e(ou) clareza, demonstrando parcial capacidade de análise e argumentação.
Conceito 2 – Descreveu corretamente o processamento em tempo real, observando os aspectos de concisão, coesão textual e
clareza e demonstrando adequada capacidade de análise e argumentação.
QUESITO 2.3
Conceito 0 – Não citou nenhuma situação em que se indicam o processamento em lote e o processamento em tempo real.
Conceito 1 – Citou apenas uma situação em que se indica um dos tipos de processamento em questão, com comprometimento
dos aspectos de coesão, concisão e clareza, demonstrando parcial capacidade de análise e argumentação.
Conceito 2 – Citou duas situações, uma para cada tipo de processamento em questão, observando os aspectos de concisão,
coesão textual e clareza e demonstrando adequada capacidade de análise e argumentação.",https://cdn.cebraspe.org.br/concursos/tce_pr_24_auditor/arquivos/TCEPR_CARGO_5_DISC.PDF,https://cdn.cebraspe.org.br/concursos/tce_pr_24_auditor/arquivos/TCEPR_PADRO_DEFINITIVO_DE_RESPOSTAS_CARGO_5.PDF,"caderno oficial, PDF p. 2","padrão definitivo oficial, PDF p. 3",confirmado,,"[""ENGENHARIA DE DADOS""]","[""conceitual""]",médio,não,não,não,sim,sim,não,não,não,não,[],"QUESITOS AVALIADOS
QUESITO 2.1
Conceito 0 – Não descreveu o processamento em lote.
Conceito 1 – Descreveu o processamento em lote de forma parcialmente correta ou incompleta, com comprometimento dos
aspectos de coesão, concisão e(ou) clareza, demonstrando parcial capacidade de análise e argumentação.
Conceito 2 – Descreveu corretamente o processamento em lote, observando os aspectos de concisão, coesão textual e clareza e
demonstrando adequada capacidade de análise e argumentação.
QUESITO 2.2
Conceito 0 – Não descreveu o processamento em tempo real.
Conceito 1 – Descreveu o processamento em tempo real de forma parcialmente correta ou incompleta, com comprometimento
dos aspectos de coesão, concisão e(ou) clareza, demonstrando parcial capacidade de análise e argumentação.
Conceito 2 – Descreveu corretamente o processamento em tempo real, observando os aspectos de concisão, coesão textual e
clareza e demonstrando adequada capacidade de análise e argumentação.
QUESITO 2.3
Conceito 0 – Não citou nenhuma situação em que se indicam o processamento em lote e o processamento em tempo real.
Conceito 1 – Citou apenas uma situação em que se indica um dos tipos de processamento em questão, com comprometimento
dos aspectos de coesão, concisão e clareza, demonstrando parcial capacidade de análise e argumentação.
Conceito 2 – Citou duas situações, uma para cada tipo de processamento em questão, observando os aspectos de concisão,
coesão textual e clareza e demonstrando adequada capacidade de análise e argumentação.","{""pontuacao_total"": ""5,00"", ""valores_explicitos_no_enunciado"": [""[valor: 1,25 ponto]"", ""[valor: 1,25 ponto]"", ""[valor: 2,25 pontos]""]}"
tce_pr_2024_auditor_informatica_q3,tce_pr_2024_auditor_informatica,2024,Tribunal de Contas do Estado do Paraná (TCE/PR),Auditor de Controle Externo,Informática — cargo 5,questão dissertativa,15,"5,00","QUESTÃO 3 O presidente da assembleia legislativa do estado X prestou suas contas anuais ao Tribunal de Contas do Estado X (TCE), que, após o devido processamento, decidiu julgá-las irregulares em razão de inúmeras infrações à norma legal, desvios de valores públicos e desvios de finalidade na aplicação de recursos públicos, que foram constatados a partir de licitações e contratações fraudulentas, da admissão de servidores públicos sem concurso público e da realização de despesas sem comprovação. Diante disso, o TCE aplicou ao presidente da assembleia legislativa as sanções de multa administrativa, multa proporcional ao dano e restituição de valores, bem como formulou recomendações e determinações para que a Casa Legislativa saneasse as ilegalidades e adotasse providências para que não houvesse novas ocorrências. Inconformado com a decisão do TCE, o presidente da assembleia legislativa interpôs recurso no âmbito do próprio TCE, suscitando a nulidade da decisão, ao argumento de que, segundo a jurisprudência do Supremo Tribunal Federal (STF), a competência para o julgamento das contas do chefe do Poder Legislativo é do próprio parlamento, cabendo ao TCE apenas a emissão de parecer prévio sobre o seu conteúdo. A partir da situação hipotética precedente, responda, de forma fundamentada, se a decisão do Tribunal de Contas do Estado X (TCE) foi acertada [valor: 1,95 pontos] e discorra acerca da natureza jurídica das contas do presidente da assembleia legislativa [valor: 2,80 pontos]. QUESTÃO 3 –","[""acerto da decisão do TCE"", ""natureza jurídica das contas do presidente da assembleia""]",Julgamento de contas do chefe do Poder Legislativo,"[""tribunal de contas"", ""contas de gestão"", ""sanções""]",Presidente de assembleia recorre de contas julgadas irregulares.,"[""jurisprudência do STF""]",geral,inexistente,[],"TRIBUNAL DE CONTAS DO ESTADO DO PARANÁ (TCE-PR)
CARGO 5: AUDITOR DE CONTROLE EXTERNO
ÁREA: INFORMÁTICA
Prova Discursiva – Questão 3
Aplicação: 11/08/2024
PADRÃO DE RESPOSTA DEFINITIVO
Na situação hipotética, as contas do presidente da assembleia legislativa possuem (i) a natureza jurídica de contas de
gestão, também chamadas contas de ordenadores de despesa, pois (ii) são prestadas por pessoa diversa do chefe do Poder
Executivo e, conforme informações do caso, versam sobre (iii) atos de administração e gerência de recursos públicos. relativos
a (iv) licitações, (v) aos contratos administrativos, (vi) a gestão de pessoal e a (vii) execução de despesa pública.
Portanto, no que diz respeito à competência, a decisão do TCE foi acertada, uma vez que (viii) (iv) o Tribunal de Contas
é o órgão competente para julgar as contas do presidente da assembleia legislativa, uma vez que caracterizam contas de gestão.
As contas de gestão (ix) (v) sujeitam-se a uma avaliação técnica referente ao aspecto contábil, financeiro, orçamentário,
operacional e patrimonial, e o seu julgamento compete ao Tribunal de Contas, conforme art. 71, II, da Constituição Federal de
1988.
QUESITOS AVALIADOS
QUESITO 2.1
Conceito 0 – Não abordou a natureza jurídica das contas da assembleia legislativa ou o fez de forma totalmente equivocada, sem
atender aos aspectos de coesão, concisão e clareza, demonstrando falta de capacidade de análise e argumentação.
Conceito 1 – Abordou apenas um dos aspectos (i), (ii), (iii), (iv), (v), (vi) ou (vii) destacados no padrão de resposta, de forma
concisa, coesa e clara, demonstrando capacidade de análise e argumentação correta.
Conceito 2 – Abordou apenas dois dos aspectos citados, de forma concisa, coesa e clara, demonstrando capacidade de análise e
argumentação correta.
Conceito 3 – Abordou apenas três dos aspectos citados, de forma concisa, coesa e clara, demonstrando capacidade de análise e
argumentação correta.
Conceito 4 – Abordou apenas quatro dos aspectos citados, de forma concisa, coesa e clara, demonstrando capacidade de análise
e argumentação correta.
Conceito 5 – Abordou apenas cinco dos aspectos citados, de forma concisa, coesa e clara, demonstrando capacidade de análise
e argumentação correta.
Conceito 6 – Abordou apenas seis dos aspectos citados, de forma concisa, coesa e clara, demonstrando capacidade de análise e
argumentação correta.
Conceito 7 – Abordou corretamente os sete aspectos citados, de forma concisa, coesa e clara, demonstrando capacidade de análise
e argumentação correta.
Conceito 1 – Respondeu, corretamente, que a (i) natureza jurídica das contas do presidente da ALE era de contas de gestão, no
entanto, não fundamentou sua resposta ou o fez incorretamente, sem atendimento aos aspectos de concisão, coesão textual e
clareza e sem demonstrar capacidade de análise e argumentação.
Conceito 2 – Respondeu, corretamente, que a (i) natureza jurídica das contas do presidente da ALE era de contas de gestão, mas
mencionou apenas um dos aspectos (ii) e (iii) destacados no padrão de resposta, de forma concisa, coesa e clara, demonstrando
capacidade de análise e argumentação correta.
Conceito 3 – Respondeu, corretamente, que a (i) natureza jurídica das contas do presidente da ALE era de contas de gestão,
mencionando, em sua fundamentação, os dois aspectos citados no padrão de resposta, de forma concisa, coesa e clara,
demonstrando capacidade de análise e argumentação correta.
QUESITO 2.2
Conceito 0 – Não respondeu acerca da decisão do TCE ou respondeu que a decisão do TCE não foi acertada.
Conceito 1 – Respondeu, corretamente, que a decisão do TCE foi acertada, no entanto não fundamentou sua resposta ou o fez
incorretamente, sem atendimento aos aspectos de concisão, coesão textual e clareza e sem demonstrar capacidade de análise e
argumentação.
Conceito 2 – Respondeu, corretamente, que a decisão do TCE foi acertada, mas mencionou apenas um dos aspectos (viii) e (ix)
(iv) e (v) destacados no padrão de resposta, de forma concisa, coesa e clara, demonstrando capacidade de análise e argumentação
correta.
Conceito 3 – Respondeu, corretamente, que a decisão do TCE foi acertada, mencionando, em sua fundamentação, os dois
aspectos citados no padrão de resposta, de forma concisa, coesa e clara, demonstrando capacidade de análise e argumentação
correta.",https://cdn.cebraspe.org.br/concursos/tce_pr_24_auditor/arquivos/TCEPR_CARGO_5_DISC.PDF,https://cdn.cebraspe.org.br/concursos/tce_pr_24_auditor/arquivos/TCEPR_PADRO_DEFINITIVO_DE_RESPOSTAS_CARGO_5.PDF,"caderno oficial, PDF p. 3","padrão definitivo oficial, PDF p. 4, 5",confirmado,,[],"[""situação-problema"", ""aplicação normativa""]",médio,sim,sim,não,não,sim,não,não,não,sim,[],"QUESITOS AVALIADOS
QUESITO 2.1
Conceito 0 – Não abordou a natureza jurídica das contas da assembleia legislativa ou o fez de forma totalmente equivocada, sem
atender aos aspectos de coesão, concisão e clareza, demonstrando falta de capacidade de análise e argumentação.
Conceito 1 – Abordou apenas um dos aspectos (i), (ii), (iii), (iv), (v), (vi) ou (vii) destacados no padrão de resposta, de forma
concisa, coesa e clara, demonstrando capacidade de análise e argumentação correta.
Conceito 2 – Abordou apenas dois dos aspectos citados, de forma concisa, coesa e clara, demonstrando capacidade de análise e
argumentação correta.
Conceito 3 – Abordou apenas três dos aspectos citados, de forma concisa, coesa e clara, demonstrando capacidade de análise e
argumentação correta.
Conceito 4 – Abordou apenas quatro dos aspectos citados, de forma concisa, coesa e clara, demonstrando capacidade de análise
e argumentação correta.
Conceito 5 – Abordou apenas cinco dos aspectos citados, de forma concisa, coesa e clara, demonstrando capacidade de análise
e argumentação correta.
Conceito 6 – Abordou apenas seis dos aspectos citados, de forma concisa, coesa e clara, demonstrando capacidade de análise e
argumentação correta.
Conceito 7 – Abordou corretamente os sete aspectos citados, de forma concisa, coesa e clara, demonstrando capacidade de análise
e argumentação correta.
Conceito 1 – Respondeu, corretamente, que a (i) natureza jurídica das contas do presidente da ALE era de contas de gestão, no
entanto, não fundamentou sua resposta ou o fez incorretamente, sem atendimento aos aspectos de concisão, coesão textual e
clareza e sem demonstrar capacidade de análise e argumentação.
Conceito 2 – Respondeu, corretamente, que a (i) natureza jurídica das contas do presidente da ALE era de contas de gestão, mas
mencionou apenas um dos aspectos (ii) e (iii) destacados no padrão de resposta, de forma concisa, coesa e clara, demonstrando
capacidade de análise e argumentação correta.
Conceito 3 – Respondeu, corretamente, que a (i) natureza jurídica das contas do presidente da ALE era de contas de gestão,
mencionando, em sua fundamentação, os dois aspectos citados no padrão de resposta, de forma concisa, coesa e clara,
demonstrando capacidade de análise e argumentação correta.
QUESITO 2.2
Conceito 0 – Não respondeu acerca da decisão do TCE ou respondeu que a decisão do TCE não foi acertada.
Conceito 1 – Respondeu, corretamente, que a decisão do TCE foi acertada, no entanto não fundamentou sua resposta ou o fez
incorretamente, sem atendimento aos aspectos de concisão, coesão textual e clareza e sem demonstrar capacidade de análise e
argumentação.
Conceito 2 – Respondeu, corretamente, que a decisão do TCE foi acertada, mas mencionou apenas um dos aspectos (viii) e (ix)
(iv) e (v) destacados no padrão de resposta, de forma concisa, coesa e clara, demonstrando capacidade de análise e argumentação
correta.
Conceito 3 – Respondeu, corretamente, que a decisão do TCE foi acertada, mencionando, em sua fundamentação, os dois
aspectos citados no padrão de resposta, de forma concisa, coesa e clara, demonstrando capacidade de análise e argumentação
correta.","{""pontuacao_total"": ""5,00"", ""valores_explicitos_no_enunciado"": [""[valor: 1,95 pontos]"", ""[valor: 2,80 pontos]""]}"
tce_pr_2024_auditor_informatica_q4,tce_pr_2024_auditor_informatica,2024,Tribunal de Contas do Estado do Paraná (TCE/PR),Auditor de Controle Externo,Informática — cargo 5,questão dissertativa,15,"5,00","QUESTÃO 4 Defina risco de auditoria [valor: 2,00 pontos] e esclareça qual deve ser a resposta do auditor aos riscos avaliados, em atenção à possibilidade de aumento dos riscos de distorção relevante [valor: 2,75 pontos]. QUESTÃO 4 –","[""definição de risco de auditoria"", ""resposta do auditor aos riscos avaliados""]",Risco de auditoria,"[""distorção relevante"", ""resposta do auditor""]",Exposição conceitual de auditoria.,"[""risco de auditoria""]",geral,inexistente,[],"TRIBUNAL DE CONTAS DO ESTADO DO PARANÁ (TCE-PR)
CARGO 5: AUDITOR DE CONTROLE EXTERNO
ÁREA: INFORMÁTICA
Prova Discursiva – Questão 4
Aplicação: 11/08/2024
PADRÃO DE RESPOSTA DEFINITIVO
O risco da auditoria é o risco de que o relatório de auditoria — ou especificamente a conclusão ou opinião do auditor —
possa ser inadequado às circunstâncias da auditoria. Pode ser definido como a possibilidade de o auditor emitir uma opinião
tecnicamente inadequada em relação ao objeto da análise. Esse risco é uma função dos riscos de distorção relevante (risco
inerente e risco de controle) e do risco de detecção.
O auditor deve obter evidência de auditoria apropriada e suficiente relativamente aos riscos avaliados de distorção
relevante, concebendo e implementando respostas adequadas a esses riscos. Quanto maior for o risco, mais extensos tendem a
ser os procedimentos de auditoria exigidos, e mais persuasiva deve ser a evidência.
O auditor deve definir e implementar respostas gerais para responder aos riscos de distorção relevante ao nível das
demonstrações contábeis, bem como procedimentos adicionais de auditoria cuja natureza, época e extensão levem em conta os
riscos de distorção relevante ao nível das afirmações (testes de controle/observância e procedimentos substantivos).
Quanto maior for o risco de distorção relevante avaliado pelo auditor, menor deve ser o risco de detecção aceitável,
exigindo, assim, evidências de auditoria mais persuasivas. Além disso, o risco de detecção está diretamente relacionado à
natureza, à época e à extensão dos procedimentos de auditoria, que devem ser ajustados para manter o risco de auditoria em um
nível aceitavelmente baixo.
QUESITOS AVALIADOS
QUESITO 2.1
Conceito 0 – Não definiu risco de auditoria ou o fez de forma totalmente equivocada, sem atender aos aspectos de coesão,
concisão e clareza, demonstrando falta de capacidade de análise e argumentação.
Conceito 1 – Definiu risco de auditoria de forma superficial, sem atender aos aspectos de concisão, coesão textual e clareza,
demonstrando precária capacidade de análise e argumentação.
Conceito 2 – Definiu risco de auditoria de forma insuficiente ou com alguma inconsistência, com comprometimento de até dois
dos aspectos de concisão, coesão textual e clareza, demonstrando parcial capacidade de análise e argumentação.
Conceito 3 – Definiu risco de auditoria corretamente, observando os aspectos de concisão, coesão textual e clareza e
demonstrando capacidade de análise e argumentação correta.
QUESITO 2.2
Conceito 0 – Não abordou a resposta do auditor aos riscos avaliados ou o fez inadequadamente, sem atender aos aspectos de
coesão, concisão e clareza, demonstrando falta de capacidade de análise e argumentação.
Conceito 1 – Abordou, de forma superficial, a resposta do auditor aos riscos avaliados, sem atender aos aspectos de concisão,
coesão textual e clareza, demonstrando precária capacidade de análise e argumentação.
Conceito 2 – Abordou a resposta do auditor aos riscos avaliados, de forma incompleta (quanto às evidências ou quanto aos
procedimentos) ou com alguma(s) inconsistência(s), com comprometimento de até dois dos aspectos de concisão, coesão textual
e clareza, demonstrando parcial capacidade de análise e argumentação.
Conceito 3 – Abordou a resposta do auditor aos riscos avaliados, de forma correta e completa (quanto às evidências e quanto aos
procedimentos), observando os aspectos de concisão, coesão textual e clareza e demonstrando capacidade de análise e
argumentação correta.",https://cdn.cebraspe.org.br/concursos/tce_pr_24_auditor/arquivos/TCEPR_CARGO_5_DISC.PDF,https://cdn.cebraspe.org.br/concursos/tce_pr_24_auditor/arquivos/TCEPR_PADRO_DEFINITIVO_DE_RESPOSTAS_CARGO_5.PDF,"caderno oficial, PDF p. 4","padrão definitivo oficial, PDF p. 6",confirmado,,[],"[""conceitual"", ""aplicação normativa""]",médio,sim,não,não,não,sim,não,não,não,não,[],"QUESITOS AVALIADOS
QUESITO 2.1
Conceito 0 – Não definiu risco de auditoria ou o fez de forma totalmente equivocada, sem atender aos aspectos de coesão,
concisão e clareza, demonstrando falta de capacidade de análise e argumentação.
Conceito 1 – Definiu risco de auditoria de forma superficial, sem atender aos aspectos de concisão, coesão textual e clareza,
demonstrando precária capacidade de análise e argumentação.
Conceito 2 – Definiu risco de auditoria de forma insuficiente ou com alguma inconsistência, com comprometimento de até dois
dos aspectos de concisão, coesão textual e clareza, demonstrando parcial capacidade de análise e argumentação.
Conceito 3 – Definiu risco de auditoria corretamente, observando os aspectos de concisão, coesão textual e clareza e
demonstrando capacidade de análise e argumentação correta.
QUESITO 2.2
Conceito 0 – Não abordou a resposta do auditor aos riscos avaliados ou o fez inadequadamente, sem atender aos aspectos de
coesão, concisão e clareza, demonstrando falta de capacidade de análise e argumentação.
Conceito 1 – Abordou, de forma superficial, a resposta do auditor aos riscos avaliados, sem atender aos aspectos de concisão,
coesão textual e clareza, demonstrando precária capacidade de análise e argumentação.
Conceito 2 – Abordou a resposta do auditor aos riscos avaliados, de forma incompleta (quanto às evidências ou quanto aos
procedimentos) ou com alguma(s) inconsistência(s), com comprometimento de até dois dos aspectos de concisão, coesão textual
e clareza, demonstrando parcial capacidade de análise e argumentação.
Conceito 3 – Abordou a resposta do auditor aos riscos avaliados, de forma correta e completa (quanto às evidências e quanto aos
procedimentos), observando os aspectos de concisão, coesão textual e clareza e demonstrando capacidade de análise e
argumentação correta.","{""pontuacao_total"": ""5,00"", ""valores_explicitos_no_enunciado"": [""[valor: 2,00 pontos]"", ""[valor: 2,75 pontos]""]}"
tce_pr_2024_auditor_informatica_peca,tce_pr_2024_auditor_informatica,2024,Tribunal de Contas do Estado do Paraná (TCE/PR),Auditor de Controle Externo,Informática — cargo 5,peça técnica — parecer,60,"20,00","PARECER A área de tecnologia da informação de um órgão integrante do Sistema de Administração dos Recursos de Tecnologia da Informação (SISP) verificou a necessidade de adquirir equipamentos do tipo servidor, estimados em R$ 500 mil e enquadrados como bens comuns. Para tanto, as áreas administrativa e de tecnologia da informação, responsáveis pela contratação, tiveram dificuldades em estabelecer os procedimentos corretos a serem adotados, pois tiveram interpretações distintas acerca da aplicação da Lei n.º 14.133/2021 (Lei de Licitações e Contratos Administrativos) e da Instrução Normativa SGD/ME n.º 94/2022, que dispõe sobre o processo de contratação de soluções de tecnologia da informação e comunicação (TIC). A área de tecnologia da informação, para dar celeridade ao processo, compôs a equipe de planejamento da contratação com apenas três servidores dessa área. A área de tecnologia da informação deseja nortear todo o processo com base na Instrução Normativa SGD/ME n.º 94/2022, enquanto a área administrativa alega que as contratações devem ser feitas exclusivamente de acordo com a Lei n.º 14.133/2021. A área de tecnologia da informação cogitou realizar uma dispensa de licitação, porém a área administrativa, por sua vez, alegou que isso contrariaria o disposto na Lei n.º 14.133/2021. A área de tecnologia da informação convidou três empresas que já trabalham com ela para elaborarem uma proposta de orçamento para o processo de contratação, e a área administrativa discordou de tal decisão, sob o argumento de que a pesquisa de preço deveria ter sido feita exclusivamente pelo integrante administrativo. Com base nas informações apresentadas na situação hipotética acima, elabore um parecer consultivo respondendo, de maneira fundamentada, aos seguintes questionamentos. 1 Foi correta a composição da equipe de planejamento da contratação da maneira como foi realizada pela área de tecnologia da informação? [valor: 3,00 pontos] Como o processo de instituição dessa equipe deve ocorrer? [valor: 3,00 pontos] 2 Qual legislação/norma deve nortear a contratação em questão? Quais são as fases dessas contratações de soluções de TIC? [valor: 4,00 pontos] 3 Há fundamento legal para a dispensa de licitação na situação apresentada? Como deve ser conduzida a contratação em questão? [valor: 5,00 pontos] 4 Por quem deve ser feita a pesquisa de preço? O que deve ser observado na pesquisa direta? [valor: 4,00 pontos]","[""composição e instituição da equipe de planejamento"", ""normas e fases da contratação"", ""dispensa e condução da contratação"", ""pesquisa de preços""]",Contratação de equipamentos de TI no SISP,"[""equipe de planejamento"", ""dispensa"", ""pesquisa de preços"", ""ETP"", ""fases da contratação""]",Divergências entre áreas administrativa e de TI na compra de servidores.,"[""Lei n.º 14.133/2021"", ""IN SGD/ME n.º 94/2022"", ""SISP""]",específico,direta,"[""GESTÃO E GOVERNANÇA DE TI — 6 Contratações de TI no setor público."", ""CONTRATAÇÕES DE TI — 1 Gestão de contratação de soluções de TI."", ""CONTRATAÇÕES DE TI — 2 Legislação aplicável à contratação de bens e serviços de TI e suas alterações."", ""CONTRATAÇÕES DE TI — 2.1 Lei nº 14.133/2021."", ""CONTRATAÇÕES DE TI — 2.2 Instrução Normativa SGD/ME nº 94/2022."", ""CONTRATAÇÕES DE TI — 2.3 Instrução Normativa SEGES/ME nº 65/2021.""]","TRIBUNAL DE CONTAS DO ESTADO DO PARANÁ (TCE-PR)
CARGO 5: AUDITOR DE CONTROLE EXTERNO
ÁREA: INFORMÁTICA
Prova Discursiva – Parecer
Aplicação: 11/08/2024
PADRÃO DE RESPOSTA DEFINITIVO
Trata-se da elaboração de parecer consultivo para dirimir dúvidas a respeito de procedimentos específicos referentes
à contratação de solução de tecnologia da informação e comunicação (TIC).
A área de tecnologia da informação errou ao indicar três integrantes dela para compor a equipe de planejamento da
contratação, pois, de acordo com o inciso IV do art. 2.º da IN SGD/ME n.º 94/2022, a equipe de planejamento da contratação
deve ser composta por: (1) integrante requisitante: servidor representante da área requisitante da solução, indicado pela
autoridade competente dessa área; (2) integrante técnico: servidor representante da área de TIC, indicado pela autoridade
competente dessa área; e (3) integrante administrativo: servidor representante da área administrativa, indicado pela autoridade
competente dessa área.
Ainda, de acordo com o art. 10 da IN SGD/ME n.º 94/2022, a equipe de planejamento da contratação deve ser
instituída pela autoridade competente da área administrativa, o que deve ocorrer após: (1) a área requisitante enviar para a área
de TIC o documento de formalização de demanda, indicando o integrante requisitante; (2) a área de TIC avaliar o documento
de formalização da demanda e indicar o integrante técnico; (3) a área administrativa indicar o integrante administrativo e
decidir motivadamente pelo prosseguimento da contratação; e (4) ser publicado o ato de instituição da equipe de planejamento
da contratação pela área administrativa. De forma complementar, cabe destacar que, ainda, de acordo com o § 2º do art. 10
supramencionado, os integrantes da Equipe de Planejamento da Contratação devem ter ciência expressa das suas indicações e
das suas respectivas atribuições antes de serem formalmente designados.
Quanto ao uso das legislações, ambas as áreas, administrativa e de tecnologia da informação, estão erradas, pois não
se pode utilizar, de maneira exclusiva, nenhuma das duas legislações. Elas devem ser usadas em conjunto, pois os processos de
contratação de soluções de TIC devem ser realizados de acordo com a Instrução Normativa SGD/ME nº 94, de 23 de dezembro
de 2022, e instruídos à luz da Lei n.º 14.133/2021 (Lei de Licitações e Contratos Administrativos).
Dessa forma, a realização do processo de contratação de TIC deve ser feita de acordo com a Instrução
Normativa SGD/ME n.º 94, de 23 de dezembro de 2022, porém a instrução do processo deve ser feita pela Lei n.º 14.133/2021
(Lei de Licitações e Contratos Administrativos).
Em relação às fases do processo de contratação de TIC, de acordo com o art. 8.º da IN SGD/ME n.º 94/2022, as
contratações de soluções de TIC deverão seguir as fases de: (1) planejamento da contratação; (2) seleção de fornecedor; e (3)
gestão do contrato.
Não é possível realizar a dispensa de licitação como fora cogitado pela área de tecnologia da informação, pois o
objeto da contratação são equipamentos do tipo servidor, para uso interno, estimados, inicialmente em R$ 500 mil, e, nesse
caso, é obrigatória a utilização da modalidade pregão, de acordo com o parágrafo único do art. 25 da IN SGD/ME n.º 94/2022,
que determina ser obrigatória a utilização da modalidade pregão para as contratações de que trata essa IN sempre que a solução
de TIC for enquadrada como bem ou serviço comum.
Por fim, quanto à pesquisa de preço, cabe destacar que, de acordo com o art. 20 da IN SGD/ME n.º 94/2022, a
estimativa de preço da contratação deve ser realizada pelo integrante técnico com o apoio do integrante administrativo para
elaboração do orçamento detalhado, composta por preços unitários e consoante a IN SEGES/ME n.º 65/2021, que versa sobre
o procedimento administrativo para a realização de pesquisa de preços para a aquisição de bens e contratação de serviços em
geral.
Quanto às empresas convidadas pela área de tecnologia da informação, conforme previsto no art. 23, § 1º, inciso IV,
da Lei n.º 14.133/2021, a pesquisa direta deve ser feita com, no mínimo, três fornecedores, mediante solicitação formal de
cotação, desde que seja apresentada justificativa da escolha desses fornecedores e que não tenham sido obtidos orçamentos
com mais de 6 meses de antecedência da data de divulgação do edital.
Adicionalmente, cabe informar que, de acordo com o § 1° do art. 20 da IN SGD/ME n.º 94/2022, a estimativa de
preço derivada exclusivamente de propostas de fornecedores somente deverá ser utilizada, mediante justificativa, nos casos em
que não for possível obter preços de contratações similares de outros entes públicos ou do Painel de Preços.
QUESITOS AVALIADOS
QUESITO 2.1
Conceito 0 – Não respondeu ou o fez de maneira totalmente equivocada, sem atender aos aspectos de coesão, concisão e
clareza, demonstrando falta de capacidade de análise e argumentação.
Conceito 0 – O candidato não respondeu à questão ou a sua resposta foi totalmente incorreta, não reconhecendo a composição
equivocada da equipe de planejamento.
Conceito 1 – Respondeu ter sido equivocada a composição da equipe de planejamento, ou seja, estava incorreta, mas não
fundamentou sua resposta ou o fez de forma totalmente equivocada, mas não mencionou os integrantes corretos ou o fez de
maneira incorreta, sem atender aos aspectos de concisão, coesão textual e clareza, demonstrando precária capacidade de análise
e argumentação.
Conceito 2 – Respondeu ter sido equivocada a composição da equipe de planejamento, ou seja, estava incorreta, mencionando
apenas parte de seus integrantes, sem abordar as respectivas definições normativas e sem atender aos aspectos de concisão,
coesão textual e clareza, demonstrando precária capacidade de análise e argumentação.
Conceito 3 – Respondeu ter sido equivocada a composição da equipe de planejamento, ou seja, estava incorreta, mencionando,
de forma clara, coesa e concisa, todos os seus integrantes, sem abordar as respectivas definições normativas, demonstrando
precária capacidade de análise e argumentação.
Conceito 4 – Respondeu ter sido equivocada a composição da equipe de planejamento, ou seja, estava incorreta, mencionando
e definindo, corretamente, apenas um dos integrantes, com comprometimento de no máximo um dos aspectos de coesão,
concisão e clareza, demonstrando parcial capacidade de análise e argumentação.
Conceito 5 – Respondeu ter sido equivocada a composição da equipe de planejamento, ou seja, estava incorreta, mencionando
e definindo, corretamente, apenas dois dos seus integrantes, com comprometimento de no máximo um dos aspectos de coesão,
concisão e clareza, demonstrando parcial capacidade de análise e argumentação.
Conceito 6 – Respondeu ter sido equivocada a composição da equipe de planejamento, ou seja, estava incorreta, mencionando
e definindo, corretamente, os três integrantes, sem comprometimento de nenhum dos aspectos de coesão, concisão e clareza,
demonstrando adequada capacidade de análise e argumentação.
QUESITO 2.2
Conceito 0 – Não respondeu ou o fez de maneira totalmente equivocada, sem atender aos aspectos de coesão, concisão e
clareza, demonstrando falta de capacidade de análise e argumentação.
Conceito 1 – Respondeu que a equipe de contratação deve ser instituída pela autoridade competente da área administrativa,
mas não explicou como deve ocorrer essa instituição, demonstrando precária capacidade de análise e argumentação.
Conceito 2 – Respondeu que a equipe de contratação deve ser instituída pela autoridade competente da área administrativa,
explicando, de forma incompleta ou parcialmente correta, como deve ocorrer essa instituição, com comprometimento de no
máximo um dos aspectos de coesão, concisão e clareza, demonstrando parcial capacidade de análise e argumentação.
Conceito 3 – Respondeu que a equipe de contratação será instituída pela autoridade competente da área administrativa,
explicando, de forma completa e integralmente correta, como deve ocorrer essa instituição, sem comprometimento de nenhum
dos aspectos de coesão, concisão e clareza, demonstrando adequada capacidade de análise e argumentação.
QUESITO 2.3
Conceito 0 – Não respondeu ou o fez de maneira totalmente equivocada, sem atender aos aspectos de coesão, concisão e
clareza, demonstrando falta de capacidade de análise e argumentação.
Conceito 1 – Abordou, corretamente, a relação entre a IN n.º 94/2022 e a Lei n.º 14.133/2021, porém com comprometimento
de até dois dos aspectos de coesão, concisão e clareza, sem citar nenhuma das fases das contratações de soluções de TIC,
demonstrando precária capacidade de análise e argumentação; ou limitou-se a citar as fases dessas contratações, sem explicar a
aplicabilidade da lei e da norma, demonstrando precária capacidade de análise e argumentação.
Conceito 2 – Abordou, corretamente, a relação entre a IN n.º 94/2022 e a Lei n.º 14.133/2021, com comprometimento de no
máximo um dos aspectos de coesão, concisão e clareza, e citou, parcialmente, as fases das contratações de soluções de TIC,
demonstrando parcial capacidade de análise e argumentação.
Conceito 3 – Abordou, corretamente, a relação entre a IN n.º 94/2022 e a Lei n.º 14.133/2021, sem comprometimento de
nenhum dos aspectos de coesão, concisão e clareza, e citou, integralmente, as fases das contratações de soluções de TIC,
demonstrando adequada capacidade de análise e argumentação.
QUESITO 2.4
Conceito 0 – Não respondeu ou o fez de maneira totalmente equivocada, sem atender aos aspectos de coesão, concisão e
clareza, demonstrando falta de capacidade de análise e argumentação.
Conceito 1 – Respondeu que não é possível a dispensa de licitação, mas não fundamentou sua resposta ou indicou modalidade
de licitação incorreta para o procedimento licitatório, demonstrando precária capacidade de análise e argumentação.
Conceito 2 – Respondeu que não é possível a dispensa de licitação, indicando, de forma clara, concisa e coesa, a modalidade
de licitação correta (pregão) a ser utilizada no procedimento licitatório, mas não fundamentou sua resposta ou o fez de forma
equivocada, demonstrando precária capacidade de análise e argumentação.
Conceito 3 – Respondeu que não é possível a dispensa de licitação, indicando, de forma clara, concisa e coesa, a modalidade
de licitação correta (pregão) a ser utilizada no procedimento licitatório, fundamentando sua resposta de maneira insuficiente ou
parcialmente correta, demonstrando parcial capacidade de análise e argumentação.
Conceito 4 – Respondeu que não é possível a dispensa de licitação, indicando, de forma clara, concisa e coesa, a modalidade
de licitação correta (pregão) a ser utilizada no procedimento licitatório, fundamentando sua resposta de maneira suficiente e
correta, demonstrando adequada capacidade de análise e argumentação.
QUESITO 2.5
Conceito 0 – Não respondeu ou o fez de maneira totalmente equivocada, sem atender aos aspectos de coesão, concisão e
clareza, demonstrando falta de capacidade de análise e argumentação.
Conceito 1 – Respondeu apenas parte dos responsáveis pela pesquisa de preço, sem abordar as especificidades da pesquisa
direta, demonstrando precária capacidade de análise e argumentação.
Conceito 2 – Respondeu, corretamente, quem são os responsáveis pela pesquisa de preço, com comprometimento de até dois
dos aspectos de concisão, coesão e clareza, sem abordar as especificidades da pesquisa direta, demonstrando precária
capacidade de análise e argumentação; ou abordou, parcialmente, as especificidades da pesquisa direta, com comprometimento
de até dois dos aspectos de concisão, coesão e clareza, mas não mencionou nenhum dos responsáveis pela pesquisa de preço.
Conceito 3 – Respondeu, de forma insuficiente ou parcialmente correta, os responsáveis pela pesquisa de preço e as
especificidades da pesquisa direta, com comprometimento de no máximo um dos aspectos de coesão, concisão e clareza,
demonstrando parcial capacidade de análise e argumentação.
Conceito 4 – Respondeu, de forma completa e integralmente correta, os responsáveis pela pesquisa de preço e as
especificidades da pesquisa direta, sem comprometimento de nenhum dos aspectos de coesão, concisão e clareza,
demonstrando adequada capacidade de análise e argumentação.",https://cdn.cebraspe.org.br/concursos/tce_pr_24_auditor/arquivos/TCEPR_CARGO_5_DISC.PDF,https://cdn.cebraspe.org.br/concursos/tce_pr_24_auditor/arquivos/TCEPR_PADRO_DEFINITIVO_DE_RESPOSTAS_CARGO_5.PDF,"caderno oficial, PDF p. 5","padrão definitivo oficial, PDF p. 7, 8, 9",confirmado,,"[""GESTÃO E GOVERNANÇA DE TI"", ""CONTRATAÇÕES DE TI""]","[""situação-problema"", ""aplicação normativa"", ""peça técnica""]",misto,sim,sim,sim,não,sim,não,não,não,sim,"[2021, 2022]","QUESITOS AVALIADOS
QUESITO 2.1
Conceito 0 – Não respondeu ou o fez de maneira totalmente equivocada, sem atender aos aspectos de coesão, concisão e
clareza, demonstrando falta de capacidade de análise e argumentação.
Conceito 0 – O candidato não respondeu à questão ou a sua resposta foi totalmente incorreta, não reconhecendo a composição
equivocada da equipe de planejamento.
Conceito 1 – Respondeu ter sido equivocada a composição da equipe de planejamento, ou seja, estava incorreta, mas não
fundamentou sua resposta ou o fez de forma totalmente equivocada, mas não mencionou os integrantes corretos ou o fez de
maneira incorreta, sem atender aos aspectos de concisão, coesão textual e clareza, demonstrando precária capacidade de análise
e argumentação.
Conceito 2 – Respondeu ter sido equivocada a composição da equipe de planejamento, ou seja, estava incorreta, mencionando
apenas parte de seus integrantes, sem abordar as respectivas definições normativas e sem atender aos aspectos de concisão,
coesão textual e clareza, demonstrando precária capacidade de análise e argumentação.
Conceito 3 – Respondeu ter sido equivocada a composição da equipe de planejamento, ou seja, estava incorreta, mencionando,
de forma clara, coesa e concisa, todos os seus integrantes, sem abordar as respectivas definições normativas, demonstrando
precária capacidade de análise e argumentação.
Conceito 4 – Respondeu ter sido equivocada a composição da equipe de planejamento, ou seja, estava incorreta, mencionando
e definindo, corretamente, apenas um dos integrantes, com comprometimento de no máximo um dos aspectos de coesão,
concisão e clareza, demonstrando parcial capacidade de análise e argumentação.
Conceito 5 – Respondeu ter sido equivocada a composição da equipe de planejamento, ou seja, estava incorreta, mencionando
e definindo, corretamente, apenas dois dos seus integrantes, com comprometimento de no máximo um dos aspectos de coesão,
concisão e clareza, demonstrando parcial capacidade de análise e argumentação.
Conceito 6 – Respondeu ter sido equivocada a composição da equipe de planejamento, ou seja, estava incorreta, mencionando
e definindo, corretamente, os três integrantes, sem comprometimento de nenhum dos aspectos de coesão, concisão e clareza,
demonstrando adequada capacidade de análise e argumentação.
QUESITO 2.2
Conceito 0 – Não respondeu ou o fez de maneira totalmente equivocada, sem atender aos aspectos de coesão, concisão e
clareza, demonstrando falta de capacidade de análise e argumentação.
Conceito 1 – Respondeu que a equipe de contratação deve ser instituída pela autoridade competente da área administrativa,
mas não explicou como deve ocorrer essa instituição, demonstrando precária capacidade de análise e argumentação.
Conceito 2 – Respondeu que a equipe de contratação deve ser instituída pela autoridade competente da área administrativa,
explicando, de forma incompleta ou parcialmente correta, como deve ocorrer essa instituição, com comprometimento de no
máximo um dos aspectos de coesão, concisão e clareza, demonstrando parcial capacidade de análise e argumentação.
Conceito 3 – Respondeu que a equipe de contratação será instituída pela autoridade competente da área administrativa,
explicando, de forma completa e integralmente correta, como deve ocorrer essa instituição, sem comprometimento de nenhum
dos aspectos de coesão, concisão e clareza, demonstrando adequada capacidade de análise e argumentação.
QUESITO 2.3
Conceito 0 – Não respondeu ou o fez de maneira totalmente equivocada, sem atender aos aspectos de coesão, concisão e
clareza, demonstrando falta de capacidade de análise e argumentação.
Conceito 1 – Abordou, corretamente, a relação entre a IN n.º 94/2022 e a Lei n.º 14.133/2021, porém com comprometimento
de até dois dos aspectos de coesão, concisão e clareza, sem citar nenhuma das fases das contratações de soluções de TIC,
demonstrando precária capacidade de análise e argumentação; ou limitou-se a citar as fases dessas contratações, sem explicar a
aplicabilidade da lei e da norma, demonstrando precária capacidade de análise e argumentação.
Conceito 2 – Abordou, corretamente, a relação entre a IN n.º 94/2022 e a Lei n.º 14.133/2021, com comprometimento de no
máximo um dos aspectos de coesão, concisão e clareza, e citou, parcialmente, as fases das contratações de soluções de TIC,
demonstrando parcial capacidade de análise e argumentação.
Conceito 3 – Abordou, corretamente, a relação entre a IN n.º 94/2022 e a Lei n.º 14.133/2021, sem comprometimento de
nenhum dos aspectos de coesão, concisão e clareza, e citou, integralmente, as fases das contratações de soluções de TIC,
demonstrando adequada capacidade de análise e argumentação.
QUESITO 2.4
Conceito 0 – Não respondeu ou o fez de maneira totalmente equivocada, sem atender aos aspectos de coesão, concisão e
clareza, demonstrando falta de capacidade de análise e argumentação.
Conceito 1 – Respondeu que não é possível a dispensa de licitação, mas não fundamentou sua resposta ou indicou modalidade
de licitação incorreta para o procedimento licitatório, demonstrando precária capacidade de análise e argumentação.
Conceito 2 – Respondeu que não é possível a dispensa de licitação, indicando, de forma clara, concisa e coesa, a modalidade
de licitação correta (pregão) a ser utilizada no procedimento licitatório, mas não fundamentou sua resposta ou o fez de forma
equivocada, demonstrando precária capacidade de análise e argumentação.
Conceito 3 – Respondeu que não é possível a dispensa de licitação, indicando, de forma clara, concisa e coesa, a modalidade
de licitação correta (pregão) a ser utilizada no procedimento licitatório, fundamentando sua resposta de maneira insuficiente ou
parcialmente correta, demonstrando parcial capacidade de análise e argumentação.
Conceito 4 – Respondeu que não é possível a dispensa de licitação, indicando, de forma clara, concisa e coesa, a modalidade
de licitação correta (pregão) a ser utilizada no procedimento licitatório, fundamentando sua resposta de maneira suficiente e
correta, demonstrando adequada capacidade de análise e argumentação.
QUESITO 2.5
Conceito 0 – Não respondeu ou o fez de maneira totalmente equivocada, sem atender aos aspectos de coesão, concisão e
clareza, demonstrando falta de capacidade de análise e argumentação.
Conceito 1 – Respondeu apenas parte dos responsáveis pela pesquisa de preço, sem abordar as especificidades da pesquisa
direta, demonstrando precária capacidade de análise e argumentação.
Conceito 2 – Respondeu, corretamente, quem são os responsáveis pela pesquisa de preço, com comprometimento de até dois
dos aspectos de concisão, coesão e clareza, sem abordar as especificidades da pesquisa direta, demonstrando precária
capacidade de análise e argumentação; ou abordou, parcialmente, as especificidades da pesquisa direta, com comprometimento
de até dois dos aspectos de concisão, coesão e clareza, mas não mencionou nenhum dos responsáveis pela pesquisa de preço.
Conceito 3 – Respondeu, de forma insuficiente ou parcialmente correta, os responsáveis pela pesquisa de preço e as
especificidades da pesquisa direta, com comprometimento de no máximo um dos aspectos de coesão, concisão e clareza,
demonstrando parcial capacidade de análise e argumentação.
Conceito 4 – Respondeu, de forma completa e integralmente correta, os responsáveis pela pesquisa de preço e as
especificidades da pesquisa direta, sem comprometimento de nenhum dos aspectos de coesão, concisão e clareza,
demonstrando adequada capacidade de análise e argumentação.","{""pontuacao_total"": ""20,00"", ""valores_explicitos_no_enunciado"": [""[valor: 3,00 pontos]"", ""[valor: 3,00 pontos]"", ""[valor: 4,00 pontos]"", ""[valor: 5,00 pontos]"", ""[valor: 4,00 pontos]""]}"
tce_ac_2024_analista_ti_q1,tce_ac_2024_analista_ti,2024,Tribunal de Contas do Estado do Acre (TCE/AC),Analista de Tecnologia da Informação,Gestão de Dados; Infraestrutura de TI; Planejamento de TI; Projetos de TI; Segurança da Informação; Sistemas de Informação — cargos 6 a 11,questão dissertativa,30,"20,00","Internet: Getty Images. No âmbito da administração pública, o controle institucional é exercido por órgãos que têm a competência legal de fiscalizar a aplicação dos recursos públicos, como é o caso da Controladoria-Geral da União (CGU), por exemplo. Além da CGU e dos sistemas de controle interno dos estados e municípios, o controle institucional também é exercido por órgãos como o Ministério Público (em nível federal e estadual), os tribunais de contas dos estados e os dos municípios, a Polícia Federal, as polícias estaduais, os Poderes Legislativo e Judiciário e determinadas organizações privadas. Internet: <repositorio.enap.gov.br> (com adaptações). O controle social das ações dos governantes e funcionários públicos é importante para assegurar que os recursos públicos sejam bem empregados em benefício da coletividade. É a participação da sociedade no acompanhamento e na verificação das ações da gestão pública na execução das políticas públicas, por meio da avaliação de seus objetivos, processos e resultados. Internet: <portaldatransparencia.gov.br> (com adaptações). Considerando que os textos apresentados anteriormente têm caráter unicamente motivador, redija um texto dissertativo acerca do seguinte tema. A INTELIGÊNCIA ARTIFICIAL (IA) COMO ALIADA NO CONTROLE INSTITUCIONAL E SOCIAL DA APLICAÇÃO DOS RECURSOS PÚBLICOS No desenvolvimento do seu texto, aborde aos seguintes aspectos: 1 gestão pública e eficiência na aplicação dos recursos públicos; [valor: 5,00 pontos] 2 IA como aliada no controle institucional da aplicação dos recursos públicos; [valor: 7,00 pontos] 3 IA como aliada no controle social da aplicação dos recursos públicos. [valor: 7,00 pontos]","[""gestão pública e eficiência"", ""IA no controle institucional"", ""IA no controle social""]",Inteligência artificial no controle institucional e social,"[""gestão pública"", ""eficiência"", ""controle institucional"", ""controle social""]",Discussão de aplicações de IA à fiscalização de recursos públicos.,"[""inteligência artificial""]",geral,direta,"[""INTELIGÊNCIA ARTIFICIAL — 1 Inteligência artificial: fundamentos e aplicações.""]","TRIBUNAL DE CONTAS DO ESTADO DO ACRE (TCEAC)
PARTE COMUM PARA OS CARGOS 1 AO 13
Prova Discursiva
Aplicação: 01/09/2024
PADRÃO DE RESPOSTA DEFINITIVO
O(A) candidato(a) deveria redigir um texto a respeito do tema proposto, podendo fazê-lo de múltiplas maneiras, desde
que atendidos os aspectos propostos no comando.
Espera-se que, em seu texto, o(a) candidato(a) conceitue gestão pública, liste algumas características e as relacione com
a aplicação ou ações que os gestores devem adotar na aplicação e no controle dos recursos públicos, por meio de exemplos
práticos, no âmbito da administração pública e da sociedade, segmento mais afetado quando os gestores são ineficientes. É
importante que se aborde a importância do gestor neste processo.
Espera-se que seja discutida de que maneira a IA pode ser uma aliada no controle efetivo da aplicação dos recursos
públicos, tendo em vista à quantidade de instituições públicas e de pessoal que trabalham na administração pública.
O(A) candidato(a) deve discorrer sobre o uso da IA pela sociedade no controle dos investimentos públicos e apresente
exemplos práticos da participação da sociedade neste processo.
QUESITOS AVALIADOS
QUESITO 2.1 Gestão pública e eficiência na aplicação dos recursos públicos
Conceito 0 – Não abordou o aspecto ou abordou outro assunto.
Conceito 1 – Discorreu sobre gestão pública e/ou sobre a eficiência na aplicação dos recursos públicos, mas não estabeleceu a
relação entre elas.
Conceito 2 – Discorreu sobre gestão pública e sobre a eficiência na aplicação dos recursos públicos e estabeleceu a relação entre
elas, de forma pouco consistente ou insuficiente.
Conceito 3 – Discorreu adequadamente sobre gestão pública e sobre a eficiência na aplicação dos recursos públicos e estabeleceu
a relação entre elas, de forma consistente e suficiente.
QUESITO 2.2 IA como aliada no controle institucional da aplicação dos recursos públicos
Conceito 0 – Não abordou o aspecto ou discorreu sobre a IA de um modo mais abrangente e geral do que o solicitado.
Conceito 1 – Discorreu sobre a IA como aliada no controle institucional da aplicação dos recursos públicos, mas de forma pouco
consistente ou insuficiente.
Conceito 2 – Discorreu adequadamente sobre a IA como aliada no controle institucional da aplicação dos recursos públicos.
QUESITO 2.3 IA como aliada no controle social da aplicação dos recursos públicos
Conceito 0 – Não abordou o aspecto ou discorreu sobre a IA de um modo mais abrangente e geral do que o solicitado.
Conceito 1 – Discorreu sobre a IA como aliada no controle social da aplicação dos recursos públicos, mas de forma pouco
consistente ou insuficiente.
Conceito 2 – Discorreu adequadamente sobre a IA como aliada no controle social da aplicação dos recursos públicos.",https://cdn.cebraspe.org.br/concursos/tce_ac_24/arquivos/993_TCE_AC_001_DISC.PDF,https://cdn.cebraspe.org.br/concursos/tce_ac_24/arquivos/PADRO_DEFINITIVO_DE_RESPOSTA___CARGOS_1_A_13.PDF,"caderno oficial, PDF p. 1","padrão definitivo oficial, PDF p. 1",confirmado,,"[""INTELIGÊNCIA ARTIFICIAL""]","[""conceitual"", ""análise técnica""]",médio,não,sim,não,não,sim,não,não,não,não,[],"QUESITOS AVALIADOS
QUESITO 2.1 Gestão pública e eficiência na aplicação dos recursos públicos
Conceito 0 – Não abordou o aspecto ou abordou outro assunto.
Conceito 1 – Discorreu sobre gestão pública e/ou sobre a eficiência na aplicação dos recursos públicos, mas não estabeleceu a
relação entre elas.
Conceito 2 – Discorreu sobre gestão pública e sobre a eficiência na aplicação dos recursos públicos e estabeleceu a relação entre
elas, de forma pouco consistente ou insuficiente.
Conceito 3 – Discorreu adequadamente sobre gestão pública e sobre a eficiência na aplicação dos recursos públicos e estabeleceu
a relação entre elas, de forma consistente e suficiente.
QUESITO 2.2 IA como aliada no controle institucional da aplicação dos recursos públicos
Conceito 0 – Não abordou o aspecto ou discorreu sobre a IA de um modo mais abrangente e geral do que o solicitado.
Conceito 1 – Discorreu sobre a IA como aliada no controle institucional da aplicação dos recursos públicos, mas de forma pouco
consistente ou insuficiente.
Conceito 2 – Discorreu adequadamente sobre a IA como aliada no controle institucional da aplicação dos recursos públicos.
QUESITO 2.3 IA como aliada no controle social da aplicação dos recursos públicos
Conceito 0 – Não abordou o aspecto ou discorreu sobre a IA de um modo mais abrangente e geral do que o solicitado.
Conceito 1 – Discorreu sobre a IA como aliada no controle social da aplicação dos recursos públicos, mas de forma pouco
consistente ou insuficiente.
Conceito 2 – Discorreu adequadamente sobre a IA como aliada no controle social da aplicação dos recursos públicos.","{""pontuacao_total"": ""20,00"", ""valores_explicitos_no_enunciado"": [""[valor: 5,00 pontos]"", ""[valor: 7,00 pontos]"", ""[valor: 7,00 pontos]""]}"
tcdf_2023_ace_sistemas_q1,tcdf_2023_ace_sistemas,2023,Tribunal de Contas do Distrito Federal (TCDF),Auditor de Controle Externo – Área Especializada,Tecnologia da Informação – Orientação Sistemas de TI — cargo 3,questão dissertativa,20,"10,00","QUESTÃO 1 A segurança da informação é um componente essencial da governança de TI, pois garante a proteção dos ativos de informação da organização, como dados, sistemas e aplicações. Vários são os documentos de referência que gestores podem utilizar para direcionar a aplicação de controles, processos, práticas e sugestões em instituições que utilizam a informática como meio de geração, armazenamento e divulgação de informações, com o objetivo de prover segurança ao acesso a essas informações. Considerando o texto apresentado como meramente motivador, redija um texto dissertativo em atendimento ao que se pede a seguir. 1 Descreva o processo DSS05 — Serviços de Segurança Gerenciados — e o seu objetivo, com base no COBIT 2019, correlacionando-o a riscos. [valor: 3,00 pontos] 2 Com base no ITIL v4, descreva o objetivo da prática de gerenciamento de incidentes e defina incidentes. [valor: 3,50 pontos] 3 Discorra, com base no OWASP (Open Web Application Security Project), sobre referência insegura a objeto e sobre eavesdropping. [valor: 3,00 pontos] QUESTÃO 1 –","[""COBIT 2019 DSS05 e riscos"", ""ITIL v4 gerenciamento de incidentes"", ""OWASP: referência insegura a objeto e eavesdropping""]","Governança, serviços e segurança de TI","[""COBIT 2019 DSS05"", ""ITIL v4"", ""incidentes"", ""OWASP"", ""IDOR"", ""eavesdropping""]",Exposição integrada de referências de governança e segurança.,"[""COBIT 2019"", ""ITIL v4"", ""OWASP""]",específico,parcial,"[""GESTÃO E GOVERNANÇA DE TI — 1 Governança corporativa de TI (COBIT 2019, ISO/IEC 38500)."", ""GESTÃO E GOVERNANÇA DE TI — 3 Gestão de serviços de TI (ITIL v4)."", ""GESTÃO E GOVERNANÇA DE TI — 10 Cibersegurança e continuidade de negócios (ISO 27001/22301, 27002, NIST).""]","TRIBUNAL DE CONTAS DO DISTRITO FEDERAL
CARGO 3: AUDITOR DE CONTROLE EXTERNO – ÁREA
ESPECIALIZADA
ESPECIALIDADE TECNOLOGIA DA INFORMAÇÃO
ORIENTAÇÃO SISTEMAS DE TI
Prova Discursiva P4 – Questão 1
Aplicação: 17/12/2023
PADRÃO DE RESPOSTA DEFINITIVO
2.1 COBIT 2019 – DSS05 – Serviços de Segurança Gerenciados
Descrição: processo do Domínio Entregar, Servir e Suportar (DSS) que visa proteger as informações da empresa para
manter o nível de risco de segurança da informação aceitável para a empresa de acordo com a política de segurança. Estabelecer
e manter funções de segurança da informação e privilégios de acesso. Realizar monitoramento de segurança.
Objetivo: minimizar o impacto comercial de vulnerabilidades e incidentes operacionais de segurança da informação.
Obs.: não deve haver decréscimo de nota caso o candidato não insira em sua resposta o domínio do processo.
2.2 ITIL 4 – Prática de gerenciamento de incidentes
Objetivo da prática: o objetivo da prática de gerenciamento de incidentes é minimizar o impacto negativo dos incidentes,
restaurando a operação normal do serviço o mais rápido possível.
Definição de incidente: uma interrupção não planejada de um serviço ou redução na qualidade de um serviço.
2.3 OWASP – IDOR e eavesdropping
Referência insegura a objetos (insecure direct object references — IDOR). Os bugs do tipo IDOR permitem que
invasores manipulem aplicativos através de uma referência insegura a objetos, como uma entrada a banco de dados, uma busca,
etc. IDOR inseguras ocorrem quando um aplicativo fornece acesso direto a objetos com base na entrada fornecida pelo usuário.
Como resultado dessa vulnerabilidade, os invasores podem ignorar a autorização e acessar recursos diretamente no sistema,
como registros ou arquivos de banco de dados. Referências diretas inseguras a objetos permitem que invasores ignorem a
autorização e acessem recursos diretamente, modificando o valor de um parâmetro usado para apontar diretamente para um
objeto.
Eavesdropping: um ataque de espionagem ocorre quando um hacker intercepta, exclui ou modifica dados transmitidos
entre dois dispositivos. A espionagem, também conhecida como sniffing ou snooping, depende de comunicações de rede
inseguras para acessar dados em trânsito entre dispositivos.
Os riscos habituais da comunicação insegura estão relacionados com a integridade dos dados, a confidencialidade dos
dados e a integridade da origem. A possibilidade de os dados serem alterados durante o trânsito, sem que a alteração seja
detectável (por exemplo, através de um ataque man-in-the-middle) é um exemplo desse risco. A possibilidade de dados
confidenciais serem expostos, aprendidos ou derivados pela observação das comunicações conforme elas acontecem (ou seja,
espionagem) ou pela gravação da conversa conforme ela acontece e atacando-a mais tarde (ataque offline) também é um problema
de comunicação insegura.
QUESITOS AVALIADOS
QUESITO 2.1
Conceito 0 – Não descreveu o processo nem o seu objetivo ou o fez de forma totalmente equivocada.
Conceito 1 – Descreveu, de maneira precária, apenas o processo OU apenas o objetivo.
Conceito 2 – Descreveu, de maneira precária, tanto o processo quanto o seu objetivo.
Conceito 3 – Descreveu de maneira satisfatória apenas o processo OU apenas o objetivo.
Conceito 4 – Descreveu de maneira satisfatória tanto o processo quanto o seu objetivo.
QUESITO 2.2
Conceito 0 – Não descreveu o objetivo da prática de gerenciamento de incidentes nem definiu incidentes ou o fez de forma
totalmente equivocada.
Conceito 1 – Apenas descreveu, de maneira precária, o objetivo da prática de gerenciamento de incidentes OU apenas definiu
incidentes de maneira precária.
Conceito 2 – Descreveu, de maneira precária, o objetivo da prática de gerenciamento de incidentes e definiu incidentes de
maneira precária.
Conceito 3 – Apenas descreveu, de maneira satisfatória, o objetivo da prática de gerenciamento de incidentes OU apenas
definiu incidentes corretamente.
Conceito 4 – Descreveu, de maneira satisfatória, o objetivo da prática de gerenciamento de incidentes E definiu incidentes
corretamente.
QUESITO 2.3
Conceito 0 – Não discorreu sobre IDOR nem sobre eavesdropping ou o fez de forma totalmente equivocada.
Conceito 1 – Discorreu de maneira precária apenas sobre IDOR OU apenas sobre eavesdropping.
Conceito 2 – Discorreu de maneira precária sobre IDOR E sobre eavesdropping.
Conceito 3 – Discorreu de maneira satisfatória apenas sobre IDOR OU apenas sobre eavesdropping.
Conceito 4 – Discorreu de maneira satisfatória sobre IDOR E sobre eavesdropping.",https://cdn.cebraspe.org.br/concursos/tc_df_23/arquivos/897_TCDF_DISC_003.PDF,https://cdn.cebraspe.org.br/concursos/tc_df_23/arquivos/TC_DF_23_PADRO_DE_RESPOSTA_DEFINITIVO_CARGO_03.PDF,"caderno oficial, PDF p. 1","padrão definitivo oficial, PDF p. 1, 2",confirmado,"Correspondência parcial: COBIT 2019, ITIL v4 e cibersegurança constam do edital; os tópicos OWASP específicos não constam.","[""GESTÃO E GOVERNANÇA DE TI""]","[""conceitual""]",médio,sim,não,não,não,sim,não,não,não,não,[],"QUESITOS AVALIADOS
QUESITO 2.1
Conceito 0 – Não descreveu o processo nem o seu objetivo ou o fez de forma totalmente equivocada.
Conceito 1 – Descreveu, de maneira precária, apenas o processo OU apenas o objetivo.
Conceito 2 – Descreveu, de maneira precária, tanto o processo quanto o seu objetivo.
Conceito 3 – Descreveu de maneira satisfatória apenas o processo OU apenas o objetivo.
Conceito 4 – Descreveu de maneira satisfatória tanto o processo quanto o seu objetivo.
QUESITO 2.2
Conceito 0 – Não descreveu o objetivo da prática de gerenciamento de incidentes nem definiu incidentes ou o fez de forma
totalmente equivocada.
Conceito 1 – Apenas descreveu, de maneira precária, o objetivo da prática de gerenciamento de incidentes OU apenas definiu
incidentes de maneira precária.
Conceito 2 – Descreveu, de maneira precária, o objetivo da prática de gerenciamento de incidentes e definiu incidentes de
maneira precária.
Conceito 3 – Apenas descreveu, de maneira satisfatória, o objetivo da prática de gerenciamento de incidentes OU apenas
definiu incidentes corretamente.
Conceito 4 – Descreveu, de maneira satisfatória, o objetivo da prática de gerenciamento de incidentes E definiu incidentes
corretamente.
QUESITO 2.3
Conceito 0 – Não discorreu sobre IDOR nem sobre eavesdropping ou o fez de forma totalmente equivocada.
Conceito 1 – Discorreu de maneira precária apenas sobre IDOR OU apenas sobre eavesdropping.
Conceito 2 – Discorreu de maneira precária sobre IDOR E sobre eavesdropping.
Conceito 3 – Discorreu de maneira satisfatória apenas sobre IDOR OU apenas sobre eavesdropping.
Conceito 4 – Discorreu de maneira satisfatória sobre IDOR E sobre eavesdropping.","{""pontuacao_total"": ""10,00"", ""valores_explicitos_no_enunciado"": [""[valor: 3,00 pontos]"", ""[valor: 3,50 pontos]"", ""[valor: 3,00 pontos]""]}"
tcdf_2023_ace_sistemas_q2,tcdf_2023_ace_sistemas,2023,Tribunal de Contas do Distrito Federal (TCDF),Auditor de Controle Externo – Área Especializada,Tecnologia da Informação – Orientação Sistemas de TI — cargo 3,questão dissertativa,20,"10,00","QUESTÃO 2 Ao assumir a coordenação da área de desenvolvimento de sistemas em determinado órgão público, um servidor identificou que a metodologia de desenvolvimento vigente seguia o modelo waterfall, o que ocasionava atrasos significativos na entrega de projetos de grande escala bem como dificuldades na utilização de sistemas cujos requisitos não estavam claramente definidos. Com o objetivo de aprimorar o processo de desenvolvimento de sistemas, o servidor propôs a adoção de abordagens ágeis que incorporam elementos do Scrum, do Kanban e do XP (extreme programming). Considerando a situação hipotética apresentada, elabore um texto dissertativo a respeito das mencionadas metodologias ágeis. Ao elaborar seu texto, faça, necessariamente, o que se pede a seguir. 1 Cite duas práticas do XP, descrevendo-as brevemente. [valor: 3,50 pontos] 2 Explique de que forma o Kanban propicia a visualização do trabalho e a limitação do trabalho em progresso. [valor: 2,50 pontos] 3 Cite duas reuniões previstas no Scrum, explicando brevemente o objetivo de cada uma delas. [valor: 3,50 pontos] QUESTÃO 2 –","[""duas práticas XP"", ""visualização e WIP no Kanban"", ""duas reuniões Scrum""]",Metodologias ágeis de desenvolvimento,"[""XP"", ""Kanban"", ""Scrum"", ""WIP"", ""eventos Scrum""]",Substituição de waterfall por abordagens ágeis em órgão público.,"[""XP"", ""Kanban"", ""Scrum""]",específico,direta,"[""ENGENHARIA DE SOFTWARE — 3 Práticas ágeis de desenvolvimento de software."", ""ENGENHARIA DE SOFTWARE — 5 Práticas ágeis."", ""ENGENHARIA DE SOFTWARE — 5.2 Gerenciamento de produtos com métodos ágeis: Scrum e Kanban."", ""GESTÃO E GOVERNANÇA DE TI — 4 Gestão de projetos e metodologias ágeis (PMBOK 8 ª edição, SCRUM, Kanban).""]","TRIBUNAL DE CONTAS DO DISTRITO FEDERAL
CARGO 3: AUDITOR DE CONTROLE EXTERNO – ÁREA
ESPECIALIZADA
ESPECIALIDADE TECNOLOGIA DA INFORMAÇÃO
ORIENTAÇÃO SISTEMAS DE TI
Prova Discursiva P4 – Questão 2
Aplicação: 17/12/2023
PADRÃO DE RESPOSTA DEFINITIVO
2.1 Algumas das principais práticas do XP são:
 padrão de desenvolvimento: definição de um padrão de código (design pattern) para facilitar a compreensão do trabalho
realizado por diferentes integrantes da equipe;
 design simples: o foco do desenvolvimento são as funcionalidades da solução, para evitar retrabalho nos designs, caso
surjam alterações nos requisitos; após validação das funcionalidades implementadas e estabilização da solução
desenvolvida, o design da solução pode ser melhorado; essa prática também requer que o código seja o mais simples
possível, evitando complexidade desnecessária;
 planejamento/jogo de planejamento: os requisitos da solução são divididos em partes (histórias do usuário), o que permite
ao cliente priorizar o desenvolvimento de cada uma; o desenvolvimento observa a ordem de prioridades definidas pelo
cliente e o planejamento considera a quantidade de histórias que serão desenvolvidas em cada interação ou release;
 desenvolvimento de cliente/cliente disponível: envolvimento ativo do cliente no processo de desenvolvimento, incluindo-se
revisões e testes do software; o cliente participa na definição das histórias, dos documentos e da descrição das
funcionalidades e, na medida em que o software está sendo desenvolvido, ele tem uma visão de como ficará e poderá
solicitar mudanças pontuais;
 programação em pares: dois desenvolvedores trabalham juntos em um computador para revisar e escrever código, e a dupla
de desenvolvedores pode ser constantemente substituída, promovendo-se um rodízio, de modo a se garantir a uniformidade
do código e possibilitar que todos os membros da equipe tenham conhecimento de todas as funcionalidades implementadas;
 refatoração: prática de revisar e refinar continuamente o código para melhorar sua qualidade e legibilidade;
 desenvolvimento orientado a testes: o desenvolvimento das funcionalidades deve ser acompanhado de testes unitários, para
validar se a implementação atente aos requisitos do cliente;
 testes de aceitação: criar testes de aceitação que definem critérios claros para a aceitação das funcionalidades;
 código coletivo: não existe divisão de responsabilidade por determinadas funcionalidades, partes do código ou módulos da
solução; todos os desenvolvedores da equipe devem ter acesso a todas as partes do código, com liberdade de alterar e
melhorar, sendo uma responsabilidade coletiva;
 metáfora: facilita a comunicação entre a equipe e os clientes, pois evita o uso de termos técnicos durante as reuniões ou
interações com clientes, adotando metáforas para que eles possam compreender melhor o que está sendo realizado pela
equipe de desenvolvimento;
 ritmo sustentável: manter um ritmo de trabalho sustentável, com carga horária de 40 horas semanais, evitando-se horas
extras, sobrecarga e esgotamento da equipe;
 integração contínua: integrar as alterações de código ao repositório principal várias vezes ao dia, com execução de testes
automatizados para garantir que a integração não quebre a funcionalidade existente;
 pequenas liberações/releases curtos: objetiva a entrega de pequenas partes do software com frequência e em curto espaço
de tempo; o software será desenvolvido de forma incremental, em que cada release libera novas funcionalidades;
 feedback contínuo: buscar feedback constante dos clientes e da equipe para identificar melhorias e ajustes necessários.
2.2 O Kanban propicia a visualização do trabalho, por meio de um quadro físico ou virtual composto por colunas que
representam as etapas ou a fase do processo. Os cartões, que representam as atividades, são posicionados em cada uma das
colunas, o que permite identificar a fase, ou etapa, em que se encontra cada uma das atividades planejadas. A limitação do
trabalho em progresso é definida por um número inserido em cada coluna do quadro do Kanban, que representa as etapas ou
fases do processo, e representa a quantidade máxima de tarefas ou atividades que podem ser executadas simultaneamente naquela
fase/etapa. O objetivo de limitar o trabalho em progresso é evitar a sobrecarga da equipe, o que pode resultar em atrasos ou
problemas de qualidade.
2.3 O SCRUM prevê as seguintes reuniões, também conhecidas como eventos:
 reunião de planejamento de sprint: reunião realizada entre a equipe de desenvolvimento, o Scrum Master e o Product Owner;
essa reunião visa definir os itens do product backlog a serem implementados e entregues ao final da próxima sprint;
 reunião diária: tem por objetivo alinhar a equipe de desenvolvimento sobre o progresso da Sprint bem como identificar e
discutir os obstáculos encontrados; esse tipo de reunião deve ser rápido e a participação do Product Owner é opcional;
 reunião de revisão de sprint: reunião realizada entre a equipe de desenvolvimento, o Scrum Master e o Product Owner, com
o objetivo de apresentar para o Product Owner as funcionalidades desenvolvidas durante a sprint. Nesta reunião o Product
Owner verifica se os critérios de aceitação foram atendidos e fornece feedback para equipe de desenvolvimento;
 reunião de retrospectiva de sprint: reunião realizada entre a equipe de desenvolvimento e o Scrum Master, com o objetivo
de discutir as lições aprendidas na sprint passada e identificar oportunidades de melhorias para as próximas sprints;
 reunião de refinamento do product backlog: reunião realizada entre a equipe de desenvolvimento, o Product Owner e com
participação facultativa do Scrum Master, com o objetivo de discutir e refinar os itens de backlog que serão priorizados em
sprints futuras.
QUESITOS AVALIADOS
Quesito 2.1
Conceito 0 – Não citou nenhuma prática do XP ou citou práticas que não são do XP.
Conceito 1 – Citou apenas uma prática do XP, sem explicá-la.
Conceito 2 – Citou apenas uma prática do XP, explicando-a, ou citou as duas práticas do XP, sem explicá-las.
Conceito 3 – Citou e explicou duas práticas do XP.
Quesito 2.2
Conceito 0 – Não explicou como o Kanban propicia a visualização do trabalho nem a limitação do trabalho em progresso.
Conceito 1 – Explicou apenas como o Kanban propicia a visualização do trabalho, ou apenas a limitação do trabalho em
progresso, abordando pelo menos uma de suas características corretamente.
Conceito 2 – Explicou adequadamente como o Kanban propicia a visualização do trabalho e a limitação do trabalho em progresso,
abordando corretamente pelo menos uma de suas características.
Quesito 2.3
Conceito 0 – Não citou nenhuma reunião prevista no SCRUM.
Conceito 1 – Citou apenas uma reunião prevista no SCRUM sem explicar seu objetivo.
Conceito 2 – Citou e explicou o objetivo de apenas uma reunião prevista no SCRUM ou citou duas reuniões previstas no SCRUM,
sem explicar o objetivo de nenhuma delas.
Conceito 3 – Citou e explicou o objetivo de duas reuniões previstas no SCRUM.",https://cdn.cebraspe.org.br/concursos/tc_df_23/arquivos/897_TCDF_DISC_003.PDF,https://cdn.cebraspe.org.br/concursos/tc_df_23/arquivos/TC_DF_23_PADRO_DE_RESPOSTA_DEFINITIVO_CARGO_03.PDF,"caderno oficial, PDF p. 2","padrão definitivo oficial, PDF p. 3, 4",confirmado,,"[""ENGENHARIA DE SOFTWARE"", ""GESTÃO E GOVERNANÇA DE TI""]","[""conceitual""]",médio,sim,não,não,não,sim,não,não,não,não,[],"QUESITOS AVALIADOS
Quesito 2.1
Conceito 0 – Não citou nenhuma prática do XP ou citou práticas que não são do XP.
Conceito 1 – Citou apenas uma prática do XP, sem explicá-la.
Conceito 2 – Citou apenas uma prática do XP, explicando-a, ou citou as duas práticas do XP, sem explicá-las.
Conceito 3 – Citou e explicou duas práticas do XP.
Quesito 2.2
Conceito 0 – Não explicou como o Kanban propicia a visualização do trabalho nem a limitação do trabalho em progresso.
Conceito 1 – Explicou apenas como o Kanban propicia a visualização do trabalho, ou apenas a limitação do trabalho em
progresso, abordando pelo menos uma de suas características corretamente.
Conceito 2 – Explicou adequadamente como o Kanban propicia a visualização do trabalho e a limitação do trabalho em progresso,
abordando corretamente pelo menos uma de suas características.
Quesito 2.3
Conceito 0 – Não citou nenhuma reunião prevista no SCRUM.
Conceito 1 – Citou apenas uma reunião prevista no SCRUM sem explicar seu objetivo.
Conceito 2 – Citou e explicou o objetivo de apenas uma reunião prevista no SCRUM ou citou duas reuniões previstas no SCRUM,
sem explicar o objetivo de nenhuma delas.
Conceito 3 – Citou e explicou o objetivo de duas reuniões previstas no SCRUM.","{""pontuacao_total"": ""10,00"", ""valores_explicitos_no_enunciado"": [""[valor: 3,50 pontos]"", ""[valor: 2,50 pontos]"", ""[valor: 3,50 pontos]""]}"
tcdf_2023_ace_sistemas_peca,tcdf_2023_ace_sistemas,2023,Tribunal de Contas do Distrito Federal (TCDF),Auditor de Controle Externo – Área Especializada,Tecnologia da Informação – Orientação Sistemas de TI — cargo 3,peça de natureza técnica — parecer,50,"40,00","PEÇA DE NATUREZA TÉCNICA Pautado pela transparência e pela segurança das informações, o TCDF tem adotado diversas iniciativas para garantir o pleno cumprimento das disposições da Lei Geral de Proteção de Dados Pessoais (LGPD). Por meio da Portaria n.° 141/2021, a corte instituiu grupo de trabalho com a finalidade de elaborar estudo e identificar as medidas necessárias para regulamentar a LGPD no âmbito do TCDF. As ações do grupo de trabalho resultaram na instituição do Comitê Gestor de Proteção de Dados (CGPD), por meio da Resolução n.° 347/2021, e na indicação da comissão encarregada pelo tratamento de dados pessoais no tribunal, com designação dos seus membros pela Portaria n.° 192/2021. A implementação da LGPD abrange todas as áreas do tribunal, com o objetivo de alcançar uma transformação cultural em relação ao tratamento das informações pessoais e sensíveis dos cidadãos no âmbito da administração pública. Dessa forma, o Comitê Gestor de Proteção de Dados está empenhado em concretizar esse desafio e assim garantir a completa aderência da corte de contas aos preceitos da LGPD. Entre as ações definidas no plano de trabalho está a ação de número 15 – propor a atualização da política de segurança da informação (diretrizes, normas e procedimentos). Internet: <www2.tc.df.gov.br> (com adaptações). Considerando o fragmento de texto precedente como meramente motivador, redija, na condição de auditor de controle externo do TCDF, um parecer, em conformidade com o Manual de Redação Oficial do Tribunal de Contas do Distrito Federal (2.ª edição), em que seja realizada uma análise do que preconiza a Lei n.º 13.709/2018 (LGPD) e suas alterações, de modo a subsidiar atualizações normativas do TCDF. Em seu texto, atribua ao parecer o número 9.876/202X, considere o Processo n.º 1.234/202X e atenda ao que se pede a seguir. 1 Apresente uma introdução a respeito da LGPD e cite três características importantes dessa lei. 2 Defina controlador de dados e descreva três de suas possíveis responsabilidades. 3 Defina operador de dados e descreva três de suas possíveis responsabilidades. 4 Defina encarregado de dados e descreva três de suas possíveis responsabilidades. 5 Conclua o parecer com quatro recomendações fundamentadas que o TCDF deve adotar segundo o que preconiza a LGPD.","[""introdução e características da LGPD"", ""controlador e responsabilidades"", ""operador e responsabilidades"", ""encarregado e responsabilidades"", ""quatro recomendações""]",Adequação institucional à LGPD,"[""controlador"", ""operador"", ""encarregado"", ""tratamento de dados"", ""recomendações""]",Parecer para subsidiar atualização normativa do TCDF quanto à LGPD.,"[""Lei n.º 13.709/2018"", ""Manual de Redação Oficial do TCDF""]",específico,direta,"[""GESTÃO E GOVERNANÇA DE TI — 12 Lei Geral de Proteção de Dados Pessoais (LGPD – Lei nº 13.709/2018).""]","TRIBUNAL DE CONTAS DO DISTRITO FEDERAL
CARGO 3: AUDITOR DE CONTROLE EXTERNO – ÁREA
ESPECIALIZADA
ESPECIALIDADE TECNOLOGIA DA INFORMAÇÃO
ORIENTAÇÃO SISTEMAS DE TI
Prova Discursiva P4 – Peça de Natureza Técnica
Aplicação: 17/12/2023
PADRÃO DE RESPOSTA DEFINITIVO
PARECER N.º 9.876/202X
Processo n.º: 1.234/202X
Assunto: Análise a respeito da Lei n.º 13.709/2018 (Lei de Proteção de Dados Pessoais)
Ementa: xxxxxxxxxxxx
A LGPD, instruída pela Lei n.º 13.709/2018, dispõe sobre o tratamento de dados pessoais no Brasil, inclusive nos meios
digitais, por pessoa natural ou por pessoa jurídica de direito público ou privado. O principal objetivo da LGPD é proteger os
direitos fundamentais de liberdade e de privacidade e o livre desenvolvimento da personalidade da pessoa natural no Brasil. A
LGPD não se aplica a tratamento de dados realizado para fins exclusivamente jornalísticos e artísticos; o tratamento de dados
pessoais somente poderá ser realizado mediante o fornecimento de consentimento pelo titular; também pode ser realizado para
a proteção da vida ou da incolumidade física do titular ou de terceiro.
Segundo a LGPD, o controlador de dados é a pessoa natural ou jurídica, de direito público ou privado, a quem competem
as decisões referentes ao tratamento de dados pessoais. Entre suas responsabilidades constam a criação de relatório de impacto
à proteção de dados pessoais, cumprir obrigação legal ou regulatória voltada ao tratamento de dados pessoais e obter
consentimento específico do titular de dados para compartilhar dados pessoais com outros controladores. Outras
responsabilidades podem ser descritas conforme a LGPD.
Segundo a LGPD, o operador de dados é a pessoa natural ou jurídica, de direito público ou privado, que realiza o
tratamento de dados pessoais em nome do controlador. Entre suas responsabilidades estão a de manter registro das operações de
tratamento de dados pessoais que realizar; de realizar o tratamento segundo as instruções fornecidas pelo controlador e se ficar
caracterizado dano patrimonial, moral, individual ou coletivo, em violação à legislação de proteção de dados pessoais, é obrigado
a repará-lo.
Segundo a LGPD, o encarregado de dados é a pessoa indicada pelo controlador e operador para atuar como canal de
comunicação entre o controlador, os titulares dos dados e a Autoridade Nacional de Proteção de Dados (ANPD). O encarregado
de dados tem como possíveis responsabilidades a de fornecer seus dados para o controlador de dados para identificação pública;
a de aceitar reclamações e comunicações dos titulares de dados; e a de receber comunicações da autoridade nacional e adotar
providências. Outras responsabilidades podem ser consideradas.
Segundo o que preconiza a LGPD, o TCDF deve considerar: 1) a criação de papéis e responsabilidades para o
controlador de dados e os processos correspondentes para o tratamento de dados pessoais e dados pessoais sensíveis; 2) a criação
de papéis e responsabilidades para o operador de dados e os processos correspondentes; 3) alterar atos normativos internos que
lidam com informações pessoais, observando o que determina a LGPD; 4) estabelecer ponto de contato com a ANPD para sanar
dúvidas e entendimentos específicos no caso do TCDF. Outras recomendações podem ser consideradas.
QUESITOS AVALIADOS
QUESITO 2.1 – Introdução sobre a LGPD e citação de três características importantes da lei
Conceito 0 – Não apresentou uma introdução sobre LGPD nem citou nenhuma característica da LGPD ou o fez de forma
totalmente equivocada.
Conceito 1 – Apresentou introdução coerente sobre a LGPD, mas não citou nenhuma característica da LGPD.
Conceito 2 – Apresentou introdução coerente sobre a LGPD e citou uma característica da LGPD.
Conceito 3 – Apresentou introdução coerente sobre a LGPD e citou duas características da LGPD.
Conceito 4 – Apresentou uma introdução coerente sobre a LGPD e citou três características da LGPD.
QUESITO 2.2 – Definição de controlador de dados e descrição de três de suas possíveis responsabilidades
Conceito 0 – Não definiu controlador de dados e não descreveu nenhuma de suas possíveis responsabilidades ou o fez de forma
totalmente equivocada.
Conceito 1 – Definiu corretamente controlador de dados, mas não descreveu nenhuma de suas possíveis responsabilidades.
Conceito 2 – Definiu corretamente controlador de dados e descreveu apenas uma de suas possíveis responsabilidades.
Conceito 3 – Definiu corretamente controlador de dados e descreveu duas de suas possíveis responsabilidades.
Conceito 4 – Definiu corretamente controlador de dados e descreveu três de possíveis responsabilidades.
QUESITO 2.3 – Definição de operador de dados e descrição de três de suas possíveis responsabilidades
Conceito 0 – Não definiu operador de dados nem descreveu nenhuma de suas possíveis responsabilidades ou o fez de forma
totalmente equivocada.
Conceito 1 – Definiu corretamente operador de dados, mas não descreveu nenhuma de suas possíveis responsabilidades.
Conceito 2 – Definiu corretamente operador de dados e descreveu apenas uma de suas possíveis responsabilidades.
Conceito 3 – Definiu corretamente operador de dados e descreveu duas de suas possíveis responsabilidades.
Conceito 4 – Definiu corretamente operador de dados e descreveu três de suas possíveis responsabilidades.
QUESITO 2.4 – Definição de encarregado de dados e descrição de três de suas possíveis responsabilidades
Conceito 0 – Não definiu encarregado de dados nem descreveu nenhuma de suas possíveis responsabilidades ou o fez de forma
totalmente equivocada.
Conceito 1 – Definiu corretamente encarregado de dados, mas não descreveu nenhuma possível responsabilidade.
Conceito 2 – Definiu corretamente encarregado de dados e descreveu apenas uma de suas possíveis responsabilidades.
Conceito 3 – Definiu corretamente encarregado de dados e descreveu duas de suas possíveis responsabilidades.
Conceito 4 – Definiu corretamente encarregado de dados e descreveu três de suas possíveis responsabilidades.
QUESITO 2.5 – Apresentação de quatro recomendações que o TCDF deve adotar segundo o que preconiza a LGPD
Conceito 0 – Não apresentou nenhuma recomendação que o TCDF deve adotar segundo a LGPD.
Conceito 1 – Apresentou apenas uma recomendação que o TCDF deve adotar segundo a LGPD.
Conceito 2 – Apresentou duas recomendações que o TCDF deve adotar segundo a LGPD.
Conceito 3 – Apresentou três recomendações que o TCDF deve adotar segundo a LGPD.
Conceito 4 – Apresentou quatro recomendações que o TCDF deve adotar segundo a LGPD.",https://cdn.cebraspe.org.br/concursos/tc_df_23/arquivos/897_TCDF_DISC_003.PDF,https://cdn.cebraspe.org.br/concursos/tc_df_23/arquivos/TC_DF_23_PADRO_DE_RESPOSTA_DEFINITIVO_CARGO_03.PDF,"caderno oficial, PDF p. 3","padrão definitivo oficial, PDF p. 5, 6",confirmado,,"[""GESTÃO E GOVERNANÇA DE TI""]","[""aplicação normativa"", ""peça técnica""]",misto,sim,sim,sim,não,sim,não,não,não,sim,[2018],"QUESITOS AVALIADOS
QUESITO 2.1 – Introdução sobre a LGPD e citação de três características importantes da lei
Conceito 0 – Não apresentou uma introdução sobre LGPD nem citou nenhuma característica da LGPD ou o fez de forma
totalmente equivocada.
Conceito 1 – Apresentou introdução coerente sobre a LGPD, mas não citou nenhuma característica da LGPD.
Conceito 2 – Apresentou introdução coerente sobre a LGPD e citou uma característica da LGPD.
Conceito 3 – Apresentou introdução coerente sobre a LGPD e citou duas características da LGPD.
Conceito 4 – Apresentou uma introdução coerente sobre a LGPD e citou três características da LGPD.
QUESITO 2.2 – Definição de controlador de dados e descrição de três de suas possíveis responsabilidades
Conceito 0 – Não definiu controlador de dados e não descreveu nenhuma de suas possíveis responsabilidades ou o fez de forma
totalmente equivocada.
Conceito 1 – Definiu corretamente controlador de dados, mas não descreveu nenhuma de suas possíveis responsabilidades.
Conceito 2 – Definiu corretamente controlador de dados e descreveu apenas uma de suas possíveis responsabilidades.
Conceito 3 – Definiu corretamente controlador de dados e descreveu duas de suas possíveis responsabilidades.
Conceito 4 – Definiu corretamente controlador de dados e descreveu três de possíveis responsabilidades.
QUESITO 2.3 – Definição de operador de dados e descrição de três de suas possíveis responsabilidades
Conceito 0 – Não definiu operador de dados nem descreveu nenhuma de suas possíveis responsabilidades ou o fez de forma
totalmente equivocada.
Conceito 1 – Definiu corretamente operador de dados, mas não descreveu nenhuma de suas possíveis responsabilidades.
Conceito 2 – Definiu corretamente operador de dados e descreveu apenas uma de suas possíveis responsabilidades.
Conceito 3 – Definiu corretamente operador de dados e descreveu duas de suas possíveis responsabilidades.
Conceito 4 – Definiu corretamente operador de dados e descreveu três de suas possíveis responsabilidades.
QUESITO 2.4 – Definição de encarregado de dados e descrição de três de suas possíveis responsabilidades
Conceito 0 – Não definiu encarregado de dados nem descreveu nenhuma de suas possíveis responsabilidades ou o fez de forma
totalmente equivocada.
Conceito 1 – Definiu corretamente encarregado de dados, mas não descreveu nenhuma possível responsabilidade.
Conceito 2 – Definiu corretamente encarregado de dados e descreveu apenas uma de suas possíveis responsabilidades.
Conceito 3 – Definiu corretamente encarregado de dados e descreveu duas de suas possíveis responsabilidades.
Conceito 4 – Definiu corretamente encarregado de dados e descreveu três de suas possíveis responsabilidades.
QUESITO 2.5 – Apresentação de quatro recomendações que o TCDF deve adotar segundo o que preconiza a LGPD
Conceito 0 – Não apresentou nenhuma recomendação que o TCDF deve adotar segundo a LGPD.
Conceito 1 – Apresentou apenas uma recomendação que o TCDF deve adotar segundo a LGPD.
Conceito 2 – Apresentou duas recomendações que o TCDF deve adotar segundo a LGPD.
Conceito 3 – Apresentou três recomendações que o TCDF deve adotar segundo a LGPD.
Conceito 4 – Apresentou quatro recomendações que o TCDF deve adotar segundo a LGPD.","{""pontuacao_total"": ""40,00"", ""valores_explicitos_no_enunciado"": []}"
tce_sc_2022_auditor_cc_relatorio,tce_sc_2022_auditor_cc,2022,Tribunal de Contas do Estado de Santa Catarina (TCE/SC),Auditor Fiscal de Controle Externo,Ciências da Computação — cargo 3,peça técnica — relatório técnico,90,"40,00","Estudantes, professores e funcionários da Universidade ACME conectam-se à rede de computadores da instituição várias vezes ao dia por meio de vários terminais, como laptops, telefones e outros dispositivos pessoais, o que pode abrir portas a cibercriminosos e colocar dados confidenciais em risco, deixando a universidade vulnerável a um ataque devastador. Com mais de 16.000 alunos de ensino superior, 1.500 professores e 2.000 funcionários, e o aumento de vulnerabilidades em potencial que podem colocar a rede em risco, o setor de segurança da informação da instituição considerou crucial ter um forte programa de gerenciamento de vulnerabilidades e adotou como solução uma plataforma de gerenciamento de vulnerabilidades diferente de outras ± a Wagner Vulnerability Manager VM de linha de frente . Para ajudar a gerenciar as ameaças contínuas e atender aos requisitos de proteção de dados e exigências de conformidade, o setor de segurança da referida instituição de ensino recorreu à defesa digital para uma solução de gerenciamento de vulnerabilidades. Com a utilização da VM Wagner da VAD, a ACME está simplificando os processos e melhorando a segurança dos dados, por meio da identificação efetiva de vulnerabilidades internas e externas que podem ser exploradas por criminosos cibernéticos e hackers. Anteriormente, a ACME usava outra ferramenta popular de varredura de rede para auxiliar o gerenciamento de vulnerabilidades, mas tinha de lidar com relatórios que forneciam grande quantidade de dados estáticos e estranhos, então, em vez de continuar buscando, junto ao fornecedor anterior, informações e assistência, decidiu procurar uma nova solução, o que a levou a optar pela VAD. A equipe de segurança da informação da ACME descobriu que a VM Wagner da VAD é capaz de fornecer uma solução personalizável e fácil de usar. A Wagner VM é avançada, intuitiva e econômica. Apoiada por tecnologia de ponta, a Wagner VM identifica rapidamente os pontos fracos em uma rede e prioriza os ativos para garantir que os esforços de correção reduzam o risco de segurança o mais rápido possível. É também um console instintivo suportado por uma arquitetura baseada em nuvem, que elimina gastos de capital contínuos e libera o cliente de preocupações com a obsolescência da tecnologia e o fardo de realizar atualizações de software e hardware. A ACME descobriu que os relatórios gerados e entregues via Wagner VM são acionáveis e permitem que a equipe avance rapidamente nos problemas e simplifique os esforços de correção. A ACME experimenta menos falsos positivos, o que economiza tempo, e a Wagner VM não requer semanas de treinamento de pessoal. Isso significa que mais membros da equipe de segurança da universidade podem usar a ferramenta e ter acesso aos dados baseados em função. ³Os dados da Wagner VM são distintos e não requerem uma longa descrição, e as questões críticas são muito claras ± as grandes coisas não se perdem na confusão´, diz o analista de segurança sênior da Universidade ACME. A equipe de tecnologia da informação da ACME também aprecia que, depois de corrigir um problema, seus membros podem redigitalizá-lo imediatamente e descobrir, quase em tempo real, se a correção efetivamente solucionou o problema. ³Podemos usar a Wagner VM para identificar facilmente os problemas em nossa rede, o que é mais importante para nós do que em outras organizações porque não temos acesso direto ao endpoint´, diz o diretor de tecnologia da universidade. A tecnologia de ponta VAD é inovadora no gerenciamento de vulnerabilidades. A poderosa tecnologia de varredura patenteada, complementada por um algoritmo avançado de correlação de host de rede com patente pendente, produz resultados altamente precisos. Ao contrário das ferramentas baseadas em premissas, usadas anteriormente pela universidade, que armazenam dados em silos, a tecnologia da VAD ajuda a identificar tendências e discrepâncias por meio da análise de dados agregados. Isso permite que a VAD gere rapidamente resultados mais precisos e completos e alerte a ACME rapidamente sobre quaisquer vulnerabilidades potenciais que possam ameaçar sua segurança. Em qualquer rede, os ativos nem sempre permanecem no lugar. A correlação de host de rede da VAD rastreia e reconcilia ativos e seus dados, mesmo quando seus endereços IP mudam, fornecendo um incomparável gerenciamento de vulnerabilidades. Outras ferramentas fornecem apenas um instantâneo estático de risco, o que resulta em uma visão imprecisa de toda a postura de segurança. Com tantos endpoints diferentes e em constante mudança em sua rede, a ACME pode usar a solução de gerenciamento de vulnerabilidades da VAD para resolver quaisquer problemas. A ACME também descobriu que, com a VAD, é possível ter acesso a especialistas que podem ser uma extensão de sua organização, com uma abordagem de luva branca para suporte. A equipe de analistas de segurança pessoal sob demanda da VAD está disponível para ajudar a definir os requisitos, criar estratégias e executar efetivamente um programa de gerenciamento de vulnerabilidades adaptado à organização. Embora a configuração seja simples e a plataforma seja intuitiva, quando surgem dúvidas, o suporte ao cliente facilita o gerenciamento dos problemas cotidianos, incluindo-se a priorização de remediação e atribuições. Considerando que a gestão da segurança da informação incentiva a adoção de políticas, procedimentos, guias e demais elementos relevantes, cujo escopo deve compreender o gerenciamento de riscos baseado em análises de custo/benefício para a organização, redija um relatório técnico, com base na análise da situação hipotética em que figura a Universidade ACME, de acordo com as normas NBR 27001:2013 e NBR2700, a respeito dos seguintes aspectos: 1 políticas e organização de segurança da informação; [valor: 10,00 pontos] 2 segurança em recursos humanos; [valor: 18,00 pontos] 3 controle de acesso. [valor: 10,00 pontos]","[""políticas e organização de segurança da informação"", ""segurança em recursos humanos"", ""controle de acesso""]",Sistema de gestão da segurança da informação,"[""gestão de vulnerabilidades"", ""políticas"", ""recursos humanos"", ""controle de acesso"", ""riscos""]",Relatório técnico sobre programa de vulnerabilidades de universidade com muitos usuários e endpoints.,"[""NBR ISO/IEC 27001:2013"", ""NBR ISO/IEC 27002""]",específico,direta,"[""GESTÃO E GOVERNANÇA DE TI — 10 Cibersegurança e continuidade de negócios (ISO 27001/22301, 27002, NIST).""]","TRIBUNAL DE CONTAS DO ESTADO DE SANTA CATARINA
CARGO 3: AUDITOR FISCAL DE CONTROLE EXTERNO
ÁREA: CIÊNCIAS DA COMPUTAÇÃO
PROVA DISCURSIVA
APLICAÇÃO: 06/03/2022
PADRÃO DE RESPOSTA DEFINITIVO
1 Políticas e organização da segurança da informação
1) Prover orientação da direção e apoio para a segurança da informação de acordo com os requisitos do negócio e
com as leis e regulamentações relevantes.
Um conjunto de políticas de segurança da informação deve ser definido, aprovado pela direção, publicado e
comunicado para os funcionários e partes externas relevantes.
As políticas de segurança da informação devem ser analisadas criticamente a intervalos planejados ou quando
mudanças significativas ocorrerem, para assegurar a sua contínua pertinência, adequação e eficácia.
2) Estabelecer uma estrutura de gerenciamento, para iniciar e controlar a implementação e operação da segurança
da informação dentro da organização.
Responsabilidades e papéis pela segurança da informação.
Funções conflitantes e áreas de responsabilidade devem ser segregadas para reduzir as oportunidades de
modificação não autorizada ou não intencional, ou uso indevido dos ativos da organização.
3) Contatos apropriados com grupos especiais, associações profissionais ou outros fóruns especializados em
segurança da informação devem ser mantidos.
Segurança da informação deve ser considerada no gerenciamento de projetos, independentemente do tipo do
projeto.
2 Segurança em recursos humanos
Assegurar que funcionários e partes externas entendem as suas responsabilidades e estão em conformidade com os
papéis para os quais eles foram selecionados.
1) Verificações do histórico devem ser realizadas para todos os candidatos a emprego, de acordo com a ética,
regulamentações e leis relevantes, e devem ser proporcionais aos requisitos do negócio, aos riscos percebidos e à
classificação das informações a serem acessadas. Assegurar que os funcionários e partes externas estão conscientes
e cumprem as suas responsabilidades pela segurança da informação.
2) A Direção deve requerer aos funcionários e partes externas que pratiquem a segurança da informação de acordo
com o estabelecido nas políticas e procedimentos da organização. Deve existir um processo disciplinar formal,
implantado e comunicado, em relação a funcionários, professores, alunos e visitantes que tenham cometido uma
violação de segurança da informação. Proteger os interesses da organização como parte do processo de mudança ou
encerramento da contratação.
3) As responsabilidades e obrigações pela segurança da informação que permaneçam válidas após um
encerramento ou mudança da contratação devem ser definidas, comunicadas aos funcionários ou partes externas e
cumpridas.
3 Controle de acesso
1) Limitar o acesso à informação e aos recursos de processamento da informação.
Uma política de controle de acesso deve ser estabelecida, documentada e analisada criticamente, baseada nos
requisitos de segurança da informação e dos negócios. Os usuários devem somente receber acesso às
especificamente autorizadas a usar.
2) Assegurar acesso de usuário autorizado e prevenir acesso não autorizado a sistemas e serviços. Um processo
formal de registro e cancelamento de usuário deve ser implementado para permitir atribuição de direitos de acesso.
3) Análise crítica dos direitos de acesso de usuário Os proprietários de ativos devem analisar criticamente os
direitos de acesso dos usuários, a intervalos regulares.
Relatório técnico do projeto de implantação de Política de Gestão de Segurança da Informação da Universidade
ACME.
Analisando o documento fornecido pela instituição de ensino superior com a breve descrição do seu
funcionamento e de suas características e considerando como referência norteadora das normas da família NBR
27000.
A instituição possui uma população de 19.500 pessoas circulando fisicamente e/ou virtualmente nos espaços
da instituição. Sendo uma instituição de ensino, o controle de acesso muito restrito não é desejável, pois isso pode
prejudicar o processo de ensino, aprendizagem e pesquisa. Por outro lado, liberdade total, sem restrição, é muito
prejudicial para a segurança das informações e dos processos administrativos que todas as instituições de ensino
possuem. Além do perigo de ataques de criminosos cibernéticos, a instituição pode estar exposta à violação de Lei
Geral de Proteção de Dados Pessoais.
Na descrição da instituição de ensino não foi especificado o seu regime de administração, se é uma instituição
particular ou pública. Para implantação de uma política de segurança da informação, requer um orçamento inicial e
aportes constantes, pois será uma atividade continuada e a política deve ser avaliada e revista periodicamente, uma
vez que os processos institucionais, os ataques externos e internos, e as tecnologias de defesa e ataque evoluem.
A política apresentada proposta pela instituição de ensino tem como base a utilização de ferramentas de
avaliação da rede de comunicação, denominada Wagner VM, e a tecnologia VAD de gerenciamento de
vulnerabilidades.
Faltou no projeto de política de gerenciamento de segurança da informação um mapeamento dos requisitos
e objetivos da instituição. Por analogia com outras instituições de ensino, sugere-se pelo menos segmentações de
rede, um para ensino e pesquisa e outro para o processo administrativo, como secretaria, almoxarifado, financeiro
entre outros. A descrição da política apresentada pela universidade ACME foi elaborada pela equipe de tecnologia
sem aparente comprometimento dos seus gestores da alta administração. Foram utilizados termos muitos técnicos
que dificulta a comunicação para toda a equipe de funcionários, professores e alunos, muitos leigos no tema de
segurança da informação.
Uma política de segurança da informação não se limita ao uso adequado da tecnologia, mas atribuição de
responsabilidades aos atores envolvidos no ecossistema de ensino e aprendizagem. Deve-se prever os casos de atores
que possuem inúmeros papéis, como uma pessoa que pode ser funcionário e aluno de determinado curso, professores
que podem ser alunos de pós-graduação ou de extensão, entre outras combinações de situações. Assim, o sistema de
autenticação deve ser separado do sistema de autorização. O controle de acesso aos processos e procedimentos deve
ser flexível e correto, para evitar que um perfil não acesse procedimentos inválidos. Evitar que uma pessoa que seja
funcionário e aluno altere sua própria nota. O registro detalhado de cada operação realizada ajuda na auditoria dos
processos.
Quanto à política após aprovada pelos dirigentes da instituição, deve-se fazer um trabalho de divulgação com
cada setor da universidade, associação dos professores, funcionários, grêmios de alunos, enfim, toda a comunidade
da instituição. Aproveitar o conhecimento dos colaboradores para aperfeiçoar a política.
Os processos administrativos devem ser seguros e garantir o perfeito funcionamento para que não afete o
andamento dos trabalhos diários. Assim, deve-se elaborar um plano permanente de treinamento dos colaboradores e
elaborar termos de responsabilidade dos atos dos envolvidos nos processos.
Não houve menção alguma sobre a política de contratação de funcionários e professores, como, por exemplo,
verificação do histórico da vida pregressa, que deve ser realizada para todos os candidatos ao emprego, de acordo
com a ética, as regulamentações e as leis relevantes, e deve ser proporcional aos requisitos do propósito da
universidade, aos riscos percebidos e à classificação das informações a serem acessadas. Assegurar que os
funcionários e as partes externas estejam conscientes e cumpram as suas responsabilidades pela segurança da
informação. Os responsáveis pelos recursos humanos devem requerer aos funcionários e às partes externas que
pratiquem a segurança da informação, de acordo com o estabelecido nas políticas e nos procedimentos da organização
para assegurar que as informações administrativas que transitam na universidade ACME sejam seguras e corretas.
Deve existir um processo disciplinar formal, implantado e comunicado, em relação a funcionários, professores,
alunos e visitantes que tenham cometido uma violação de segurança da informação. É fundamental proteger os
interesses da organização como parte do processo de mudança ou encerramento da contratação. As responsabilidades
sobre as informações não se limitam aos colaboradores contratados, mas permanecem válidas após um encerramento
ou uma mudança da contratação e devem ser definidas, comunicadas aos funcionários ou partes externas e cumpridas.
Uma vez determinada a política de gerenciamento da segurança da informação, publicada, atribuídas as
responsabilidades, deve-se chamar a atenção para os controles e as barreiras físicas e lógicas no acesso aos espaços
disponibilizados para a comunidade acadêmica.
Deve-se limitar o acesso à informação e aos recursos de processamento da informação e aos espaços físicos
da universidade. Os usuários devem somente receber acesso aos espaços e às informações especificamente
autorizadas a usar. Assegurar acesso de usuário autorizado e prevenir acesso não autorizado a sistemas e serviços
através de um sistema único de identificação e desenvolver autorizações, conforme a necessidade do processo. Um
processo formal de registro e cancelamento de usuário deve ser implementado para permitir atribuição de direitos de
acesso.
A utilização de soluções, como Wagner VM e a tecnologia VAD, deve ser acompanhada por capacitação de
técnicos para atualizações, ajustes e, principalmente, análise das informações coletadas de agir mais rapidamente
possível em casos de violações de algumas vulnerabilidades da política de segurança da informação. Aliada às
ferramentas de monitoramento das redes de comunicação, é imperativa a adoção de solução de antivírus para o
ambiente corporativo, assim como para todos os computadores pessoais, notebooks e celulares, que utilizam a rede
da instituição.
Verificando as mudanças que a COVID-19 trouxe no ambiente de trabalho, sugere-se fortemente adoção de
solução de VPN para que os colaboradores possam utilizar os sistemas administrativos e acadêmicos. Para as aulas
virtuais, adotar uma plataforma de ensino que esteja hospedada em um ambiente de nuvem, lembrando que este
ambiente deve ser integrado em uma solução de autenticação única. Implementação de barreiras lógicas de acesso
com redes virtuais e firewalls é fortemente recomendada.
A quantidade de dispositivos pessoais aumentou muito e a universidade deve prever dispositivos de acesso
via wi-fi nas redes internas e para as diferentes redes disponibilizadas. Não se deve utilizar a mesma rede para as
atividades acadêmicas e administrativas.
Conclusão
O documento disponibilizado pela universidade ACME ainda deve ser trabalhada para detalhar mais os
diversos aspectos envolvidos na política de gerência da segurança da informação antes de pôr em prática. Em nenhum
momento foi mencionada a disponibilização de recursos financeiros, pois a implantação de uma política de gerência
da segurança da informação requer muitos recursos humanos e financeiros. A família de normas da NBR 27000
apresenta um conjunto de documentos, e cada uma delas tem uma função específica, mas todas têm como grandes
objetivos a criação, a manutenção, a melhoria, a revisão, o funcionamento e a análise de um sistema de gerência da
segurança de informações. As normas podem ser adotadas independentemente do tamanho ou do tipo da empresa, e
suas diretrizes buscam fazer com que não só as informações da organização, mas, também, os sistemas estejam
seguros. E recomenda-se que a Universidade ACME estude os componentes da família de normas de definam um
plano de longo prazo para sua implantação, começando com atividades que forem possíveis de serem executadas,
conforme a maturidade dos dirigentes junto com a disponibilidade financeira, o mais rápido possível.
QUESITOS AVALIADOS
2.1 - Políticas e organização da segurança da informação: a) Requisitos do negócio e regulamentações relevantes;
b) Responsabilidades e papéis pela segurança da informação; e c) Articulação com os atores envolvidos.
0 – não desenvolveu o aspecto ou o fez de forma incorreta;
1 – apresentou aspectos que constam nas normas, mas fora do solicitado;
2 – apresentou apenas um aspecto das normas;
3 – apresentou dois aspectos das normas;
4 – apresentou os três aspectos devidamente fundamentados.
1 – apresentou apenas um aspecto das normas;
2 – apresentou dois aspectos solicitados;
3 – apresentou três aspectos solicitados;
4 – apresentou os aspectos devidamente fundamentados acrescidos de controles constantes na norma.
2.2 - Segurança em recursos humanos: a) Política de contratação de colaboradores; b) Processos de informação e
capacitação de colaboradores para a política de segurança da informação; e c) Responsabilidade e obrigações pela
segurança da informação
0 – não desenvolveu o aspecto ou o fez de forma incorreta;
1 – apresentou aspectos que constam na norma, mas fora do solicitado;
2 – apresentou apenas um aspecto das normas;
3 – apresentou dois aspectos solicitados;
4 – apresentou os três aspectos devidamente fundamentados.
1 – apresentou apenas um aspecto das normas;
2 – apresentou dois aspectos solicitados;
3 – apresentou três aspectos solicitados;
4 – apresentou os aspectos devidamente fundamentados acrescidos de controles constantes na norma.
2.3 - Controle de acesso: a) Regras de acesso à informação e aos recursos institucionais; b) Política de autorizações
de uso das informações institucionais; e c) Monitoramento e análise dos incidentes e violações da política de
segurança da informação
0 – não desenvolveu o aspecto ou o fez de forma incorreta;
1 – apresentou aspectos que constam na norma, mas fora do solicitado;
2 – apresentou apenas um aspecto das normas;
3 – apresentou dois aspectos solicitados;
4 – apresentou os três aspectos devidamente fundamentados.
1 – apresentou apenas um aspecto das normas;
2 – apresentou dois aspectos solicitados;
3 – apresentou três aspectos solicitados;
4 – apresentou os aspectos devidamente fundamentados acrescidos de controles constantes na norma.",https://cdn.cebraspe.org.br/concursos/tce_sc_21_auditor/arquivos/660_TCESC_003_DISC.PDF,https://cdn.cebraspe.org.br/concursos/tce_sc_21_auditor/arquivos/TCE_SC_21_AUDITOR_PADRO_DE_RESPOSTA_DEFINITIVO_CARGO_03.PDF,"caderno oficial, PDF p. 1, 2","padrão definitivo oficial, PDF p. 1, 2, 3, 4",confirmado,Texto recuperado do mapa de glifos do próprio PDF oficial; a normalização reverte a codificação deslocada sem resumir o conteúdo. O caderno imprime literalmente 'NBR2700'; a grafia foi preservada e não corrigida silenciosamente.,"[""GESTÃO E GOVERNANÇA DE TI""]","[""estudo de caso"", ""aplicação normativa"", ""peça técnica""]",misto,sim,sim,sim,não,sim,não,não,não,não,[2013],"QUESITOS AVALIADOS
2.1 - Políticas e organização da segurança da informação: a) Requisitos do negócio e regulamentações relevantes;
b) Responsabilidades e papéis pela segurança da informação; e c) Articulação com os atores envolvidos.
0 – não desenvolveu o aspecto ou o fez de forma incorreta;
1 – apresentou aspectos que constam nas normas, mas fora do solicitado;
2 – apresentou apenas um aspecto das normas;
3 – apresentou dois aspectos das normas;
4 – apresentou os três aspectos devidamente fundamentados.
1 – apresentou apenas um aspecto das normas;
2 – apresentou dois aspectos solicitados;
3 – apresentou três aspectos solicitados;
4 – apresentou os aspectos devidamente fundamentados acrescidos de controles constantes na norma.
2.2 - Segurança em recursos humanos: a) Política de contratação de colaboradores; b) Processos de informação e
capacitação de colaboradores para a política de segurança da informação; e c) Responsabilidade e obrigações pela
segurança da informação
0 – não desenvolveu o aspecto ou o fez de forma incorreta;
1 – apresentou aspectos que constam na norma, mas fora do solicitado;
2 – apresentou apenas um aspecto das normas;
3 – apresentou dois aspectos solicitados;
4 – apresentou os três aspectos devidamente fundamentados.
1 – apresentou apenas um aspecto das normas;
2 – apresentou dois aspectos solicitados;
3 – apresentou três aspectos solicitados;
4 – apresentou os aspectos devidamente fundamentados acrescidos de controles constantes na norma.
2.3 - Controle de acesso: a) Regras de acesso à informação e aos recursos institucionais; b) Política de autorizações
de uso das informações institucionais; e c) Monitoramento e análise dos incidentes e violações da política de
segurança da informação
0 – não desenvolveu o aspecto ou o fez de forma incorreta;
1 – apresentou aspectos que constam na norma, mas fora do solicitado;
2 – apresentou apenas um aspecto das normas;
3 – apresentou dois aspectos solicitados;
4 – apresentou os três aspectos devidamente fundamentados.
1 – apresentou apenas um aspecto das normas;
2 – apresentou dois aspectos solicitados;
3 – apresentou três aspectos solicitados;
4 – apresentou os aspectos devidamente fundamentados acrescidos de controles constantes na norma.","{""pontuacao_total"": ""40,00"", ""valores_explicitos_no_enunciado"": [""[valor: 10,00 pontos]"", ""[valor: 18,00 pontos]"", ""[valor: 10,00 pontos]""]}"
tce_ro_2019_ace_ti_q1,tce_ro_2019_ace_ti,2019,Tribunal de Contas do Estado de Rondônia (TCE/RO),Auditor de Controle Externo,Tecnologia da Informação — cargo 1,questão dissertativa,30,"40,00","A rápida e diversificada proliferação de aplicações digitais, de inteligência artificial e de funções da rede mundial de computadores tem afetado a concepção de novas empresas e a transformação das organizações tradicionais. A urgência tem levado as empresas e seus desenvolvedores a reduzir o processo de desenvolvimento de sistemas, com a criação de um produto mínimo viável e sua imediata disponibilização ao mercado para validar a ideia. Em caso de sucesso, o processo passará a cuidar da segurança da informação e da privacidade dos usuários. Considerando que o fragmento de texto precedente tem caráter unicamente motivador, redija um texto dissertativo a respeito do desenvolvimento de sistemas seguros em conformidade com a NBR ISO/IEC n.º 27002:2013. Ao elaborar seu texto, aborde, necessariamente, os seguintes aspectos: 1 requisitos de segurança de sistemas de informação (objetivo, controle e diretrizes para implementação); [valor: 15,00 pontos] 2 princípios para projetar sistemas seguros (controle e diretrizes para implementação); [valor: 14,00 pontos] 3 ambiente seguro para o desenvolvimento de sistemas (controle e diretrizes para implementação). [valor: 9,00 pontos]","[""requisitos de segurança de sistemas"", ""princípios para projetar sistemas seguros"", ""ambiente seguro de desenvolvimento""]",Desenvolvimento seguro de sistemas,"[""requisitos de segurança"", ""security by design"", ""ambiente de desenvolvimento"", ""MVP""]",Crítica à postergação de segurança e privacidade após o lançamento de MVP.,"[""NBR ISO/IEC 27002:2013""]",específico,parcial,"[""ENGENHARIA DE SOFTWARE — 1 Conceitos e técnicas do projeto de software."", ""GESTÃO E GOVERNANÇA DE TI — 10 Cibersegurança e continuidade de negócios (ISO 27001/22301, 27002, NIST).""]","CONCURSO PÚBLICO
TRIBUNAL DE CONTAS DO ESTADO DE RONDÔNIA
CARGO 1: ANALISTA DE TECNOLOGIA DA INFORMAÇÃO
ESPECIALIDADE: DESENVOLVIMENTO DE SISTEMAS
PROVA DISCURSIVA
Aplicação: 20/10/2019
PADRÃO DE RESPOSTA DEFINITIVO
1 Requisitos de segurança de sistemas de informação (objetivo, controle e diretrizes para implementação)
Na norma NBR ISO/IEC n.º 27002:2013, a segurança no desenvolvimento de sistemas é abordada no capítulo 14.
O objetivo é garantir que a segurança da informação integre todo o ciclo de vida dos sistemas de informação. Propõe-se como
controle que os requisitos relacionados à segurança da informação sejam incluídos nos requisitos para novos sistemas de
informação ou melhorias dos sistemas de informação já existentes. As principais diretrizes para implementação desse controle
são:
1. identificação dos requisitos por meio de vários métodos, como de conformidade oriundos de política e regulamentações,
modelos de ameaças, análises críticas de incidentes e uso de limiares de vulnerabilidade;
2. documentação e análise crítica dos requisitos pelas partes interessadas;
3. reflexão sobre o valor da informação e o potencial impacto resultante de uma falha de segurança da informação;
4. integração da identificação, da gestão dos requisitos de segurança da informação e dos processos aos estágios iniciais
dos projetos de sistemas de informação.
2 Princípios para se projetar sistemas seguros (controle e diretrizes para implementação)
A norma propõe como controle estabelecimento, documentação, manutenção e aplicação de princípios para se projetar
sistemas seguros para qualquer implementação de sistemas de informação. As principais diretrizes para implementação são:
1. estabelecimento, documentação e aplicação de procedimentos para projetar sistemas de informação seguros nas
atividades de engenharia de sistemas da organização, embasados em engenharia de segurança;
2. projeção da segurança em todas as camadas da arquitetura (negócios, dados, aplicações e tecnologia), com
balanceamento das necessidades de segurança da informação e de acessibilidade;
3. análise de novas tecnologias quanto aos riscos de segurança e análise crítica do projeto com base em ataques conhecidos;
4. análise crítica regular dos princípios e procedimentos estabelecidos, para assegurar que estejam contribuindo para
melhorar as normas de segurança, garantir atualidade contra novas ameaças e permanecer aplicáveis aos avanços das
soluções e tecnologias.
3 Ambiente seguro para o desenvolvimento de sistemas (controle e diretrizes para implementação)
A norma define como controle que as organizações estabeleçam e protejam ambientes seguros de desenvolvimento que
cubram todo o ciclo de vida de desenvolvimento de sistema, e indica como principais diretrizes para implementação:
1. avaliação dos riscos dos esforços de desenvolvimento de sistemas e estabelecimento de ambientes de desenvolvimento
seguro, considerando-se a sensibilidade dos dados processados, armazenados e transmitidos; requisitos aplicáveis;
controles de segurança já implementados; confiabilidade das pessoas do ambiente; grau de terceirização do
desenvolvimento do sistema; necessidade de segregação entre os diferentes ambientes de desenvolvimento; controle
de acesso ao ambiente de desenvolvimento; monitoramento de mudanças do ambiente e do código armazenado;
backups armazenados em locais seguros externos à organização;
2. documentação dos processos correspondentes em procedimentos de desenvolvimento seguro e fornecimento desses
procedimentos a todos os indivíduos que deles necessitam.
Quesito 2.1
0 – Não apresentou o objetivo, nem o controle, nem nenhuma diretriz para implementação.
1 – Apresentou o objetivo, ou o controle, ou uma diretriz para implementação.
2 – Apresentou o objetivo, o controle e uma diretriz para implementação.
3 – Apresentou o objetivo, o controle e duas diretrizes para implementação.
4 – Apresentou o objetivo, o controle e três ou mais diretrizes para implementação.
Quesito 2.2
0 – Não apresentou o controle, nem diretriz para implementação.
1 – Apresentou o controle ou uma diretriz para implementação.
2 – Apresentou o controle e uma diretriz para implementação.
3 – Apresentou o controle e duas diretrizes para implementação.
4 – Apresentou o controle e três ou mais diretrizes para implementação.
Quesito 2.3
0 – Não apresentou o controle, nem diretriz para implementação .
1 – Apresentou o controle ou uma diretriz para implementação.
2 – Apresentou o controle e uma diretriz para implementação.
3 – Apresentou o controle e duas diretrizes para implementação.",https://cdn.cebraspe.org.br/concursos/tce_ro_19/arquivos/487_TCERO_DISC_001_01.PDF,https://cdn.cebraspe.org.br/concursos/tce_ro_19/arquivos/TCE_RO_19_PADRAO_DE_RESPOSTAS_DEFINITIVO_CARGO_1.PDF,"caderno oficial, PDF p. 1","padrão definitivo oficial, PDF p. 1, 2",confirmado,"Correspondência parcial: cibersegurança e conceitos de projeto de software constam, mas desenvolvimento seguro não aparece como item autônomo.","[""ENGENHARIA DE SOFTWARE"", ""GESTÃO E GOVERNANÇA DE TI""]","[""conceitual"", ""aplicação normativa""]",médio,sim,não,não,não,sim,não,não,não,não,[2013],"CONCURSO PÚBLICO
TRIBUNAL DE CONTAS DO ESTADO DE RONDÔNIA
CARGO 1: ANALISTA DE TECNOLOGIA DA INFORMAÇÃO
ESPECIALIDADE: DESENVOLVIMENTO DE SISTEMAS
PROVA DISCURSIVA
Aplicação: 20/10/2019
PADRÃO DE RESPOSTA DEFINITIVO
1 Requisitos de segurança de sistemas de informação (objetivo, controle e diretrizes para implementação)
Na norma NBR ISO/IEC n.º 27002:2013, a segurança no desenvolvimento de sistemas é abordada no capítulo 14.
O objetivo é garantir que a segurança da informação integre todo o ciclo de vida dos sistemas de informação. Propõe-se como
controle que os requisitos relacionados à segurança da informação sejam incluídos nos requisitos para novos sistemas de
informação ou melhorias dos sistemas de informação já existentes. As principais diretrizes para implementação desse controle
são:
1. identificação dos requisitos por meio de vários métodos, como de conformidade oriundos de política e regulamentações,
modelos de ameaças, análises críticas de incidentes e uso de limiares de vulnerabilidade;
2. documentação e análise crítica dos requisitos pelas partes interessadas;
3. reflexão sobre o valor da informação e o potencial impacto resultante de uma falha de segurança da informação;
4. integração da identificação, da gestão dos requisitos de segurança da informação e dos processos aos estágios iniciais
dos projetos de sistemas de informação.
2 Princípios para se projetar sistemas seguros (controle e diretrizes para implementação)
A norma propõe como controle estabelecimento, documentação, manutenção e aplicação de princípios para se projetar
sistemas seguros para qualquer implementação de sistemas de informação. As principais diretrizes para implementação são:
1. estabelecimento, documentação e aplicação de procedimentos para projetar sistemas de informação seguros nas
atividades de engenharia de sistemas da organização, embasados em engenharia de segurança;
2. projeção da segurança em todas as camadas da arquitetura (negócios, dados, aplicações e tecnologia), com
balanceamento das necessidades de segurança da informação e de acessibilidade;
3. análise de novas tecnologias quanto aos riscos de segurança e análise crítica do projeto com base em ataques conhecidos;
4. análise crítica regular dos princípios e procedimentos estabelecidos, para assegurar que estejam contribuindo para
melhorar as normas de segurança, garantir atualidade contra novas ameaças e permanecer aplicáveis aos avanços das
soluções e tecnologias.
3 Ambiente seguro para o desenvolvimento de sistemas (controle e diretrizes para implementação)
A norma define como controle que as organizações estabeleçam e protejam ambientes seguros de desenvolvimento que
cubram todo o ciclo de vida de desenvolvimento de sistema, e indica como principais diretrizes para implementação:
1. avaliação dos riscos dos esforços de desenvolvimento de sistemas e estabelecimento de ambientes de desenvolvimento
seguro, considerando-se a sensibilidade dos dados processados, armazenados e transmitidos; requisitos aplicáveis;
controles de segurança já implementados; confiabilidade das pessoas do ambiente; grau de terceirização do
desenvolvimento do sistema; necessidade de segregação entre os diferentes ambientes de desenvolvimento; controle
de acesso ao ambiente de desenvolvimento; monitoramento de mudanças do ambiente e do código armazenado;
backups armazenados em locais seguros externos à organização;
2. documentação dos processos correspondentes em procedimentos de desenvolvimento seguro e fornecimento desses
procedimentos a todos os indivíduos que deles necessitam.
Quesito 2.1
0 – Não apresentou o objetivo, nem o controle, nem nenhuma diretriz para implementação.
1 – Apresentou o objetivo, ou o controle, ou uma diretriz para implementação.
2 – Apresentou o objetivo, o controle e uma diretriz para implementação.
3 – Apresentou o objetivo, o controle e duas diretrizes para implementação.
4 – Apresentou o objetivo, o controle e três ou mais diretrizes para implementação.
Quesito 2.2
0 – Não apresentou o controle, nem diretriz para implementação.
1 – Apresentou o controle ou uma diretriz para implementação.
2 – Apresentou o controle e uma diretriz para implementação.
3 – Apresentou o controle e duas diretrizes para implementação.
4 – Apresentou o controle e três ou mais diretrizes para implementação.
Quesito 2.3
0 – Não apresentou o controle, nem diretriz para implementação .
1 – Apresentou o controle ou uma diretriz para implementação.
2 – Apresentou o controle e uma diretriz para implementação.
3 – Apresentou o controle e duas diretrizes para implementação.","{""pontuacao_total"": ""40,00"", ""valores_explicitos_no_enunciado"": [""[valor: 15,00 pontos]"", ""[valor: 14,00 pontos]"", ""[valor: 9,00 pontos]""]}"
tce_mg_2018_ace_cc_q1,tce_mg_2018_ace_cc,2018,Tribunal de Contas do Estado de Minas Gerais (TCE/MG),Analista de Controle Externo,Ciências da Computação — cargo 4,questão dissertativa,60,"20,00","QUESTÃO 1 No contexto da administração pública, controle consiste em mecanismos jurídicos e administrativos por meio dos quais se exerce o poder de fiscalização e de revisão da atividade administrativa em todas as esferas de poder. Os órgãos de controle são de grande importância nas relações entre Estado e sociedade, pois garantem que as atividades estatais sejam conduzidas de forma a atender aos direitos dos cidadãos, uma vez que o patrimônio público (material e imaterial) pertence aos cidadãos, e não à administração, que é mera gestora da coisa pública. Considerando que o texto precedente tem caráter unicamente motivador, redija um texto acerca do controle externo exercido pelos tribunais de contas. Em seu texto, 1 descreva as competências constitucionais privativas do Tribunal de Contas da União; [valor: 10,00 pontos] 2 discorra sobre as finalidades e os objetivos da fiscalização financeira e orçamentária da União e das entidades da administração direta e indireta. [valor: 9,00 pontos] /*Cargo: /C**C/ – 1 –","[""competências constitucionais privativas do TCU"", ""finalidades e objetivos da fiscalização financeira e orçamentária""]",Controle externo exercido pelos tribunais de contas,"[""competências do TCU"", ""fiscalização financeira"", ""fiscalização orçamentária""]",Exposição constitucional sobre controle externo.,"[""Constituição Federal""]",geral,inexistente,[],"CONCURSO PÚBLICO
TRIBUNAL DE CONTAS DO ESTADO DE MINAS GERAIS
ANALISTA DE CONTROLE EXTERNO (TODOS OS CARGOS)
PROVA DISCURSIVA – QUESTÃO 1
Aplicação: 18/11/2018
PADRÃO DE RESPOSTA DEFINITIVO
1 Competências constitucionais privativas do Tribunal de Contas da União (TCU)
As competências constitucionais privativas do TCU constam dos arts. 71 a 74 e 161 da Constituição Federal de
1988 (CF), conforme descrito adiante: 1. apreciar as contas anuais do presidente da República; 2. julgar as contas dos
administradores e demais responsáveis por dinheiros, bens e valores públicos; 3. apreciar a legalidade dos atos de admissão de
pessoal e de concessão de aposentadorias, reformas e pensões civis e militares; 4. realizar inspeções e auditorias por iniciativa
própria ou por solicitação do Congresso Nacional; 5. fiscalizar as contas nacionais das empresas supranacionais; 6. fiscalizar a
aplicação de recursos da União repassados a estados, ao Distrito Federal e a municípios; 7. prestar informações ao Congresso
Nacional sobre fiscalizações realizadas; 8. aplicar sanções e determinar a correção de ilegalidades e irregularidades em atos e
contratos; 9. sustar, se não atendido, a execução de ato impugnado, comunicando a decisão à Câmara dos Deputados e ao Senado
Federal; 10. emitir pronunciamento conclusivo, por solicitação da Comissão Mista Permanente de Senadores e Deputados, sobre
despesas realizadas sem autorização; 11. apurar denúncias apresentadas por qualquer cidadão, partido político, associação ou
sindicato sobre irregularidades ou ilegalidades na aplicação de recursos federais; 12. fixar os coeficientes dos fundos de
participação dos estados, do Distrito Federal e dos municípios; e 13. fiscalizar a entrega dos recursos aos governos estaduais e
às prefeituras municipais.
Quanto às finalidades e aos objetivos da fiscalização financeira e orçamentária da União e das entidades da
administração direta e indireta, deve ser mencionado que tal controle tem o escopo de preservar e manter o equilíbrio das
instituições democráticas do país.
2 Finalidades e objetivos da fiscalização financeira e orçamentária da União e das entidades da administração direta e
indireta
A fiscalização e o controle orçamentário servem para coibir abusos do poder público no que se refere ao dinheiro público
e sua destinação. Essa fiscalização das contas públicas é competência do Congresso Nacional, mediante controle externo, com
auxílio do TCU, e pelo controle interno de cada poder, conforme o art. 70 da CF. Nesse controle, que abrange os âmbitos contábil,
financeiro, orçamentário e patrimonial, devem ser observadas a legalidade, a legitimidade e a economicidade dos atos
administrativos relativos à despesa pública da fazenda pública como um todo, nas esferas federal, estadual e municipal. Cabe
ressaltar, também, o princípio da Supremacia do Interesse Público. Esse princípio, cujo papel é primordial na administração
pública, é o responsável pelo bom uso dos recursos públicos, que, embora seja ordenado e executado por particulares, o fazem
em nome do Estado, e por isso, devem respeitar a finalidade pública.
Na fiscalização financeira, verifica-se a entrada e saída de dinheiro; enquanto na orçamentária se fiscaliza a correta
execução do orçamento.
Com relação à legalidade, a despesa deve estar de acordo com as normas previstas na CF e na Lei de Responsabilidade
Fiscal. Assim, o agente público deve ser fiel seguidor da lei, devendo verificar todos os requisitos legais para a realização da
despesa. A legitimidade, por sua vez, é verificada pela eficiência dos gastos no atendimento às necessidades públicas,
averiguando-se se a despesa atingiu o bem jurídico valorado pela norma ao autorizá-la. Por fim, a economicidade se refere à
verificação do objetivo da despesa com o menor custo possível, ou seja, saber se o ente ou órgão utilizou da melhor relação
custo-benefício para alcançar a finalidade pretendida.
Além de coibir abusos, a fiscalização orçamentária e financeira tem como finalidade promover a transparência dos
gastos públicos, favorecendo o controle social.
Quesito 2.1
As competências constitucionais privativas do TCU
0 – Não indicou competências.
1 – Atribuiu ao TCU competências que não lhe cabem. Indicou de 4 a 7 competências.
2 – Indicou competências que não são privativas do TCU OU que não são previstas na CF. Indicou de 8 a 10 competências.
3 – Indicou e descreveu corretamente de 11 a 13 competências constitucionais privativas do TCU.
Quesito 2.2
Finalidades e objetivos da fiscalização financeira e orçamentária da União e das entidades da administração direta e indireta
0 – Não discorreu sobre o assunto.
1 – Discorreu sobre a fiscalização financeira e orçamentária, sem apresentar as finalidades e os objetivos.
2 – Discorreu sobre a fiscalização financeira e orçamentária, apresentando suas finalidades, mas não seus objetivos.
3 – Discorreu sobre a fiscalização financeira e orçamentária, apresentando suas finalidades e seus objetivos.",https://cdn.cebraspe.org.br/concursos/tce_mg_18/arquivos/418_TCEMG_DISC04.PDF,https://cdn.cebraspe.org.br/concursos/tce_mg_18/arquivos/TCE_MG_2018_QUESTO_1_TODOS_OS_CARGOS_PADRO_DEFINITIVO.PDF,"caderno oficial, PDF p. 1","padrão definitivo oficial, PDF p. 1, 2",confirmado,,[],"[""aplicação normativa"", ""conceitual""]",médio,sim,não,não,não,sim,não,não,não,sim,[1988],"CONCURSO PÚBLICO
TRIBUNAL DE CONTAS DO ESTADO DE MINAS GERAIS
ANALISTA DE CONTROLE EXTERNO (TODOS OS CARGOS)
PROVA DISCURSIVA – QUESTÃO 1
Aplicação: 18/11/2018
PADRÃO DE RESPOSTA DEFINITIVO
1 Competências constitucionais privativas do Tribunal de Contas da União (TCU)
As competências constitucionais privativas do TCU constam dos arts. 71 a 74 e 161 da Constituição Federal de
1988 (CF), conforme descrito adiante: 1. apreciar as contas anuais do presidente da República; 2. julgar as contas dos
administradores e demais responsáveis por dinheiros, bens e valores públicos; 3. apreciar a legalidade dos atos de admissão de
pessoal e de concessão de aposentadorias, reformas e pensões civis e militares; 4. realizar inspeções e auditorias por iniciativa
própria ou por solicitação do Congresso Nacional; 5. fiscalizar as contas nacionais das empresas supranacionais; 6. fiscalizar a
aplicação de recursos da União repassados a estados, ao Distrito Federal e a municípios; 7. prestar informações ao Congresso
Nacional sobre fiscalizações realizadas; 8. aplicar sanções e determinar a correção de ilegalidades e irregularidades em atos e
contratos; 9. sustar, se não atendido, a execução de ato impugnado, comunicando a decisão à Câmara dos Deputados e ao Senado
Federal; 10. emitir pronunciamento conclusivo, por solicitação da Comissão Mista Permanente de Senadores e Deputados, sobre
despesas realizadas sem autorização; 11. apurar denúncias apresentadas por qualquer cidadão, partido político, associação ou
sindicato sobre irregularidades ou ilegalidades na aplicação de recursos federais; 12. fixar os coeficientes dos fundos de
participação dos estados, do Distrito Federal e dos municípios; e 13. fiscalizar a entrega dos recursos aos governos estaduais e
às prefeituras municipais.
Quanto às finalidades e aos objetivos da fiscalização financeira e orçamentária da União e das entidades da
administração direta e indireta, deve ser mencionado que tal controle tem o escopo de preservar e manter o equilíbrio das
instituições democráticas do país.
2 Finalidades e objetivos da fiscalização financeira e orçamentária da União e das entidades da administração direta e
indireta
A fiscalização e o controle orçamentário servem para coibir abusos do poder público no que se refere ao dinheiro público
e sua destinação. Essa fiscalização das contas públicas é competência do Congresso Nacional, mediante controle externo, com
auxílio do TCU, e pelo controle interno de cada poder, conforme o art. 70 da CF. Nesse controle, que abrange os âmbitos contábil,
financeiro, orçamentário e patrimonial, devem ser observadas a legalidade, a legitimidade e a economicidade dos atos
administrativos relativos à despesa pública da fazenda pública como um todo, nas esferas federal, estadual e municipal. Cabe
ressaltar, também, o princípio da Supremacia do Interesse Público. Esse princípio, cujo papel é primordial na administração
pública, é o responsável pelo bom uso dos recursos públicos, que, embora seja ordenado e executado por particulares, o fazem
em nome do Estado, e por isso, devem respeitar a finalidade pública.
Na fiscalização financeira, verifica-se a entrada e saída de dinheiro; enquanto na orçamentária se fiscaliza a correta
execução do orçamento.
Com relação à legalidade, a despesa deve estar de acordo com as normas previstas na CF e na Lei de Responsabilidade
Fiscal. Assim, o agente público deve ser fiel seguidor da lei, devendo verificar todos os requisitos legais para a realização da
despesa. A legitimidade, por sua vez, é verificada pela eficiência dos gastos no atendimento às necessidades públicas,
averiguando-se se a despesa atingiu o bem jurídico valorado pela norma ao autorizá-la. Por fim, a economicidade se refere à
verificação do objetivo da despesa com o menor custo possível, ou seja, saber se o ente ou órgão utilizou da melhor relação
custo-benefício para alcançar a finalidade pretendida.
Além de coibir abusos, a fiscalização orçamentária e financeira tem como finalidade promover a transparência dos
gastos públicos, favorecendo o controle social.
Quesito 2.1
As competências constitucionais privativas do TCU
0 – Não indicou competências.
1 – Atribuiu ao TCU competências que não lhe cabem. Indicou de 4 a 7 competências.
2 – Indicou competências que não são privativas do TCU OU que não são previstas na CF. Indicou de 8 a 10 competências.
3 – Indicou e descreveu corretamente de 11 a 13 competências constitucionais privativas do TCU.
Quesito 2.2
Finalidades e objetivos da fiscalização financeira e orçamentária da União e das entidades da administração direta e indireta
0 – Não discorreu sobre o assunto.
1 – Discorreu sobre a fiscalização financeira e orçamentária, sem apresentar as finalidades e os objetivos.
2 – Discorreu sobre a fiscalização financeira e orçamentária, apresentando suas finalidades, mas não seus objetivos.
3 – Discorreu sobre a fiscalização financeira e orçamentária, apresentando suas finalidades e seus objetivos.","{""pontuacao_total"": ""20,00"", ""valores_explicitos_no_enunciado"": [""[valor: 10,00 pontos]"", ""[valor: 9,00 pontos]""]}"
tce_mg_2018_ace_cc_q2,tce_mg_2018_ace_cc,2018,Tribunal de Contas do Estado de Minas Gerais (TCE/MG),Analista de Controle Externo,Ciências da Computação — cargo 4,questão dissertativa,60,"20,00","QUESTÃO 2 Scrum é uma metodologia ágil utilizada no gerenciamento de projetos relacionados à criação de softwares. Atua como um balizador de todas as ações da equipe, direcionando seu trabalho, as atividades diárias e a execução assertiva das tarefas, com dois grandes objetivos: entregar produtos de grande valor ao cliente e criar ambientes de trabalho inspiradores e motivadores para as pessoas. Tendo o fragmento de texto precedente como referência inicial, redija um texto a respeito de Scrum, atendendo ao que se pede a seguir. 1 Descreva seis princípios do manifesto ágil. [valor: 4,00 pontos] 2 Cite quatro qualidades esperadas de um product owner. [valor: 4,00 pontos] 3 Cite quatro qualidades esperadas de um Scrum master. [valor: 4,00 pontos] 4 Descreva a técnica de planning poker. [valor: 3,00 pontos] 5 Descreva todos os estágios do modelo GROW para melhoria de desempenho. [valor: 4,00 pontos] /*Cargo: /C**C/ – 4 –","[""princípios do manifesto ágil"", ""qualidades de product owner"", ""qualidades de Scrum master"", ""planning poker"", ""modelo GROW""]",Scrum e práticas de equipes ágeis,"[""manifesto ágil"", ""product owner"", ""Scrum master"", ""planning poker"", ""GROW""]","Exposição de princípios, papéis, estimativa e melhoria de desempenho.","[""Scrum"", ""planning poker"", ""GROW""]",específico,parcial,"[""ENGENHARIA DE SOFTWARE — 3 Práticas ágeis de desenvolvimento de software."", ""ENGENHARIA DE SOFTWARE — 5 Práticas ágeis."", ""ENGENHARIA DE SOFTWARE — 5.2 Gerenciamento de produtos com métodos ágeis: Scrum e Kanban."", ""GESTÃO E GOVERNANÇA DE TI — 4 Gestão de projetos e metodologias ágeis (PMBOK 8 ª edição, SCRUM, Kanban).""]","CONCURSO PÚBLICO
TRIBUNAL DE CONTAS DO ESTADO DE MINAS GERAIS
CARGO 4: ANALISTA DE CONTROLE EXTERNO
ÁREA DE GRADUAÇÃO/ESPECIALIDADE: CIÊNCIA DA COMPUTAÇÃO
PROVA DISCURSIVA – QUESTÃO 2
Aplicação: 18/11/2018
PADRÃO DE RESPOSTA DEFINITIVO
1 O manifesto ágil tem doze princípios:
i. A prioridade máxima é satisfazer o cliente por meio da entrega antecipada e contínua de software com valor.
ii. Abraçar as mudanças de requisitos, mesmo quando o desenvolvimento já está avançado. Os processos ágeis usam as
mudanças para trazer vantagens competitivas ao cliente.
iii. Entregar software funcional frequentemente (de semanas a meses), com preferência para a escala de tempo mais curta.
iv. Pessoas ligadas ao negócio e ao desenvolvimento devem trabalhar juntas diariamente, ao longo do projeto.
v. Construir projetos em torno de indivíduos motivados. Dê a eles o ambiente e suporte necessários e confie que eles realizarão
o trabalho.
vi. Conversar pessoalmente é o método mais eficiente e efetivo de transmitir informações para e dentro de uma equipe de
desenvolvimento.
vii. Software funcional é a primeira medida de progresso.
viii. Processos ágeis promovem desenvolvimento sustentável. Os patrocinadores, desenvolvedores e usuários devem ser capazes
de manter um ritmo constante indefinidamente.
ix. Atenção contínua à excelência técnica e um bom projeto melhoram a agilidade.
x. É essencial simplicidade — a habilidade de maximizar a quantidade de trabalho que não precise ser realizado.
xi. As melhores arquiteturas, os melhores requisitos e os melhores projetos emergem de equipes auto-organizáveis.
xii. A intervalos regulares, a equipe reflete sobre como tornar-se mais efetiva, então se alinha e ajusta seu comportamento de
acordo com essa resolução.
2 As sete qualidades de um product owner são:
i. Saber como gerenciar com sucesso as expectativas dos stakeholders e suas prioridades, por vezes conflitantes.
ii. Ter visão clara e conhecimento do produto.
iii. Saber como coletar requisitos, para transformar a visão de produto em um bom backlog de produto.
iv. Estar completamente disponível para se engajar ativamente com a equipe, não apenas durante o sprint, mas também durante
o planejamento de releases e de sprints.
v. Ser um organizador que consiga manusear múltiplas atividades enquanto mantém a situação em perspectiva, além de manter
a compostura.
vi. Saber como comunicar a visão do produto, não apenas para a equipe, mas também para a empresa, para que a confiança na
equipe mantenha-se intacta durante a vida do projeto.
vii. Ser um bom líder, capaz de guiar, treinar e dar suporte à equipe conforme necessário, certificando-se de que o negócio
receberá o valor esperado do setor de TI.
3 As sete qualidades que um Scrum master deve ter são:
i. Conhecimento aprofundado, na teoria e na prática, sobre o Scrum na vida real.
ii. Excelente habilidade de líder-servidor.
iii. Fortes habilidades organizacionais.
iv. Ótimas habilidades de comunicação.
v. Ótimas habilidades de apresentação.
vi. Habilidades de resolução de conflitos.
vii. Habilidades excelentes de desenvolvimento humano.
4 Descrição da técnica de planning poker
Planning poker é uma técnica de planejamento baseada no consenso entre as pessoas para determinar o tamanho de
cada item do product backlog. Basicamente, cada membro do time recebe um conjunto de cartas, com os valores seguindo a
sequência de Fibonacci; em seguida, para cada história de usuário analisada, cada membro da equipe joga uma carta com a face
para baixo sobre a mesa, na qual estará contido o valor numérico em story points que ele considera necessário para que a história
seja concluída. Caso haja grande diferença entre as cartas jogadas, os membros que jogaram as cartas de maior e menor valor
explicarão suas razões, e, então, com base em suas explicações, as cartas são jogadas novamente. O time pode ficar jogando até
que um consenso seja encontrado, pode tirar as médias dos pontos apresentados por todos e definir a estimativa com base na
média ou, em uma abordagem mais conservadora, sempre considerar o valor da maior carta apresentada.
5 Descrição de todos os estágios do modelo GROW para melhoria de desempenho
Uma técnica bem conhecida de treinamento, e uma das preferidas dos líderes-servidores, usada para melhorar o
desempenho de membros da equipe, é o modelo GROW (acrônimo de objetivo [goal], realidade [reality], opções [options] e
vontade [will]). É conhecida por fornecer uma abordagem bem estruturada e eficaz para que empregados e gerentes estabeleçam
objetivos e identifiquem maneiras de trabalhar rumo a sua realização. Os estágios do modelo GROW são descritos a seguir.
i. Estabelecimento de objetivo: primeiro, deve-se ajudar os membros da equipe a definirem seus objetivos; para isso, pode-se
usar a técnica SMART (específico, mensurável, alcançável, realista e baseado em tempo) para que o objetivo seja alcançado
dentro de certo intervalo de tempo.
ii. Examinar a realidade: em seguida, deve-se pedir ao membro da equipe para descrever sua realidade, ou seja, a realidade
atual em que ele vive. Esse é um passo muito importante. É muito comum que as pessoas tentem resolver os problemas sem
considerar completamente os pontos de partida delas e, portanto, costumam perder parte da informação necessária para
resolver efetivamente o problema.
iii. Explorar as opções: uma vez que estabelecidos os objetivos e explorada a realidade, chega-se no momento de explorar o que
é possível, ou seja, todas as opções possíveis de se resolver o problema.
iv. Estabeleça a vontade: ao examinar a realidade e explorar as opções, o membro da equipe terá, agora, uma boa ideia de como
poderá alcançar o objetivo. Isso é ótimo, mas não basta. O passo final deve ser fazer o membro da equipe se comprometer a
tomar ações específicas; assim, o membro da equipe terá vontade e motivação para melhorar.
Quesito 2.1
0 – Não descreveu nenhum princípio ou os princípios descritos estavam incorretos.
1 – Descreveu corretamente um ou dois princípios.
2 – Descreveu corretamente três princípios.
3 – Descreveu corretamente quatro ou cinco princípios.
4 – Descreveu corretamente seis princípios.
Quesito 2.2
0 – Não citou nenhuma qualidade ou as qualidades citadas estavam incorretas.
1 – Citou corretamente uma qualidade.
2 – Citou corretamente duas qualidades.
3 – Citou corretamente três qualidades.
4 – Citou corretamente quatro qualidades.
Quesito 2.3
0 – Não citou nenhuma qualidade ou as qualidades citadas estavam incorretas.
1 – Citou corretamente uma qualidade.
2 – Citou corretamente duas qualidades.
3 – Citou corretamente três qualidades.
4 – Citou corretamente quatro qualidades.
Quesito 2.4
0 – Não descreveu a técnica de planning poker ou a descrição apresentada está incorreta.
1 – Descreveu a técnica de planning poker, citando um dos seguintes fatores: a sequência de Fibonacci, a apresentação da carta
com a estimativa de esforço e os critérios para se chegar à solução.
2 – Descreveu a técnica de planning poker, citando dois dos seguintes fatores: a sequência de Fibonacci, a apresentação da carta
com a estimativa de esforço e os critérios para se chegar à solução.
3 – Descreveu a técnica de planning poker, citando os três seguintes fatores: a sequência de Fibonacci, a apresentação da carta
com a estimativa de esforço e os critérios para se chegar à solução.
Quesito 2.5
0 – Não descreveu nenhum estágio ou os estágios descritos estão incorretos.
1 – Descreveu corretamente um estágio.
2 – Descreveu corretamente dois estágios.
3 – Descreveu corretamente três estágios.
4 – Descreveu corretamente os quatro estágios.",https://cdn.cebraspe.org.br/concursos/tce_mg_18/arquivos/418_TCEMG_DISC04.PDF,https://cdn.cebraspe.org.br/concursos/tce_mg_18/arquivos/TCE_MG_2018_QUESTO_2_CARGO_4_CIENCIAS_DA_COMPUTACAO_PADRO_DEFINITIVO.PDF,"caderno oficial, PDF p. 4","padrão definitivo oficial, PDF p. 1, 2, 3",confirmado,,"[""ENGENHARIA DE SOFTWARE"", ""GESTÃO E GOVERNANÇA DE TI""]","[""conceitual""]",médio,sim,não,não,não,sim,não,não,não,não,[],"CONCURSO PÚBLICO
TRIBUNAL DE CONTAS DO ESTADO DE MINAS GERAIS
CARGO 4: ANALISTA DE CONTROLE EXTERNO
ÁREA DE GRADUAÇÃO/ESPECIALIDADE: CIÊNCIA DA COMPUTAÇÃO
PROVA DISCURSIVA – QUESTÃO 2
Aplicação: 18/11/2018
PADRÃO DE RESPOSTA DEFINITIVO
1 O manifesto ágil tem doze princípios:
i. A prioridade máxima é satisfazer o cliente por meio da entrega antecipada e contínua de software com valor.
ii. Abraçar as mudanças de requisitos, mesmo quando o desenvolvimento já está avançado. Os processos ágeis usam as
mudanças para trazer vantagens competitivas ao cliente.
iii. Entregar software funcional frequentemente (de semanas a meses), com preferência para a escala de tempo mais curta.
iv. Pessoas ligadas ao negócio e ao desenvolvimento devem trabalhar juntas diariamente, ao longo do projeto.
v. Construir projetos em torno de indivíduos motivados. Dê a eles o ambiente e suporte necessários e confie que eles realizarão
o trabalho.
vi. Conversar pessoalmente é o método mais eficiente e efetivo de transmitir informações para e dentro de uma equipe de
desenvolvimento.
vii. Software funcional é a primeira medida de progresso.
viii. Processos ágeis promovem desenvolvimento sustentável. Os patrocinadores, desenvolvedores e usuários devem ser capazes
de manter um ritmo constante indefinidamente.
ix. Atenção contínua à excelência técnica e um bom projeto melhoram a agilidade.
x. É essencial simplicidade — a habilidade de maximizar a quantidade de trabalho que não precise ser realizado.
xi. As melhores arquiteturas, os melhores requisitos e os melhores projetos emergem de equipes auto-organizáveis.
xii. A intervalos regulares, a equipe reflete sobre como tornar-se mais efetiva, então se alinha e ajusta seu comportamento de
acordo com essa resolução.
2 As sete qualidades de um product owner são:
i. Saber como gerenciar com sucesso as expectativas dos stakeholders e suas prioridades, por vezes conflitantes.
ii. Ter visão clara e conhecimento do produto.
iii. Saber como coletar requisitos, para transformar a visão de produto em um bom backlog de produto.
iv. Estar completamente disponível para se engajar ativamente com a equipe, não apenas durante o sprint, mas também durante
o planejamento de releases e de sprints.
v. Ser um organizador que consiga manusear múltiplas atividades enquanto mantém a situação em perspectiva, além de manter
a compostura.
vi. Saber como comunicar a visão do produto, não apenas para a equipe, mas também para a empresa, para que a confiança na
equipe mantenha-se intacta durante a vida do projeto.
vii. Ser um bom líder, capaz de guiar, treinar e dar suporte à equipe conforme necessário, certificando-se de que o negócio
receberá o valor esperado do setor de TI.
3 As sete qualidades que um Scrum master deve ter são:
i. Conhecimento aprofundado, na teoria e na prática, sobre o Scrum na vida real.
ii. Excelente habilidade de líder-servidor.
iii. Fortes habilidades organizacionais.
iv. Ótimas habilidades de comunicação.
v. Ótimas habilidades de apresentação.
vi. Habilidades de resolução de conflitos.
vii. Habilidades excelentes de desenvolvimento humano.
4 Descrição da técnica de planning poker
Planning poker é uma técnica de planejamento baseada no consenso entre as pessoas para determinar o tamanho de
cada item do product backlog. Basicamente, cada membro do time recebe um conjunto de cartas, com os valores seguindo a
sequência de Fibonacci; em seguida, para cada história de usuário analisada, cada membro da equipe joga uma carta com a face
para baixo sobre a mesa, na qual estará contido o valor numérico em story points que ele considera necessário para que a história
seja concluída. Caso haja grande diferença entre as cartas jogadas, os membros que jogaram as cartas de maior e menor valor
explicarão suas razões, e, então, com base em suas explicações, as cartas são jogadas novamente. O time pode ficar jogando até
que um consenso seja encontrado, pode tirar as médias dos pontos apresentados por todos e definir a estimativa com base na
média ou, em uma abordagem mais conservadora, sempre considerar o valor da maior carta apresentada.
5 Descrição de todos os estágios do modelo GROW para melhoria de desempenho
Uma técnica bem conhecida de treinamento, e uma das preferidas dos líderes-servidores, usada para melhorar o
desempenho de membros da equipe, é o modelo GROW (acrônimo de objetivo [goal], realidade [reality], opções [options] e
vontade [will]). É conhecida por fornecer uma abordagem bem estruturada e eficaz para que empregados e gerentes estabeleçam
objetivos e identifiquem maneiras de trabalhar rumo a sua realização. Os estágios do modelo GROW são descritos a seguir.
i. Estabelecimento de objetivo: primeiro, deve-se ajudar os membros da equipe a definirem seus objetivos; para isso, pode-se
usar a técnica SMART (específico, mensurável, alcançável, realista e baseado em tempo) para que o objetivo seja alcançado
dentro de certo intervalo de tempo.
ii. Examinar a realidade: em seguida, deve-se pedir ao membro da equipe para descrever sua realidade, ou seja, a realidade
atual em que ele vive. Esse é um passo muito importante. É muito comum que as pessoas tentem resolver os problemas sem
considerar completamente os pontos de partida delas e, portanto, costumam perder parte da informação necessária para
resolver efetivamente o problema.
iii. Explorar as opções: uma vez que estabelecidos os objetivos e explorada a realidade, chega-se no momento de explorar o que
é possível, ou seja, todas as opções possíveis de se resolver o problema.
iv. Estabeleça a vontade: ao examinar a realidade e explorar as opções, o membro da equipe terá, agora, uma boa ideia de como
poderá alcançar o objetivo. Isso é ótimo, mas não basta. O passo final deve ser fazer o membro da equipe se comprometer a
tomar ações específicas; assim, o membro da equipe terá vontade e motivação para melhorar.
Quesito 2.1
0 – Não descreveu nenhum princípio ou os princípios descritos estavam incorretos.
1 – Descreveu corretamente um ou dois princípios.
2 – Descreveu corretamente três princípios.
3 – Descreveu corretamente quatro ou cinco princípios.
4 – Descreveu corretamente seis princípios.
Quesito 2.2
0 – Não citou nenhuma qualidade ou as qualidades citadas estavam incorretas.
1 – Citou corretamente uma qualidade.
2 – Citou corretamente duas qualidades.
3 – Citou corretamente três qualidades.
4 – Citou corretamente quatro qualidades.
Quesito 2.3
0 – Não citou nenhuma qualidade ou as qualidades citadas estavam incorretas.
1 – Citou corretamente uma qualidade.
2 – Citou corretamente duas qualidades.
3 – Citou corretamente três qualidades.
4 – Citou corretamente quatro qualidades.
Quesito 2.4
0 – Não descreveu a técnica de planning poker ou a descrição apresentada está incorreta.
1 – Descreveu a técnica de planning poker, citando um dos seguintes fatores: a sequência de Fibonacci, a apresentação da carta
com a estimativa de esforço e os critérios para se chegar à solução.
2 – Descreveu a técnica de planning poker, citando dois dos seguintes fatores: a sequência de Fibonacci, a apresentação da carta
com a estimativa de esforço e os critérios para se chegar à solução.
3 – Descreveu a técnica de planning poker, citando os três seguintes fatores: a sequência de Fibonacci, a apresentação da carta
com a estimativa de esforço e os critérios para se chegar à solução.
Quesito 2.5
0 – Não descreveu nenhum estágio ou os estágios descritos estão incorretos.
1 – Descreveu corretamente um estágio.
2 – Descreveu corretamente dois estágios.
3 – Descreveu corretamente três estágios.
4 – Descreveu corretamente os quatro estágios.","{""pontuacao_total"": ""20,00"", ""valores_explicitos_no_enunciado"": [""[valor: 4,00 pontos]"", ""[valor: 4,00 pontos]"", ""[valor: 4,00 pontos]"", ""[valor: 3,00 pontos]"", ""[valor: 4,00 pontos]""]}"
cgm_joao_pessoa_2018_auditor_sistemas_q1,cgm_joao_pessoa_2018_auditor_sistemas,2018,Controladoria-Geral do Município de João Pessoa (CGM/JP),Auditor Municipal de Controle Interno,Desenvolvimento de Sistemas — cargo 3,questão dissertativa,20,"40,00","A Infraestrutura de Chaves Públicas Brasileira (ICP-Brasil) é uma cadeia hierárquica de confiança que viabiliza a emissão de certificados digitais para identificação virtual do cidadão. O modelo adotado pelo Brasil foi o de certificação com raiz única, e o Instituto de Tecnologia da Informação (ITI), além de desempenhar o papel de Autoridade Certificadora Raiz (AC-Raiz), também credencia e descredencia os demais participantes da cadeia e supervisiona e faz auditoria dos processos. Na prática, o certificado digital ICP-Brasil funciona como uma identidade virtual que permite a identificação segura e inequívoca do autor de uma mensagem ou de uma transação feita em meios eletrônicos, como a Web. Esse documento eletrônico é gerado e assinado por uma terceira parte confiável, ou seja, uma autoridade certificadora que, seguindo regras estabelecidas pelo Comitê Gestor da ICP-Brasil, associa uma entidade (pessoa, processo, servidor) a um par de chaves criptográficas. O certificado digital da ICP-Brasil, além de personificar o cidadão na rede mundial de computadores, garante, por força da legislação atual, validade jurídica aos atos praticados mediante o seu uso. A certificação digital é uma ferramenta que permite que aplicações como comércio eletrônico, assinatura de contratos digitais, operações bancárias virtuais, iniciativas de governo eletrônico, entre outras, sejam realizadas. São transações feitas de forma virtual, ou seja, sem a presença física do interessado, mas que demandam identificação clara da pessoa que as realiza pela Internet. Internet: <www.iti.gov.br> (com adaptações). Considere a seguinte situação hipotética. Na realização de uma auditoria em um sistema web de oferta de prestação de serviços de informação para os cidadãos de uma prefeitura, constatou-se o uso de certificado digital emitido por órgão não oficial ou autoridade não acreditada. Na ocasião, um navegador do tipo Firefox atualizado em relação ao uso do certificado identificou alguns problemas gerais, entre eles: • autoridade certificadora não válida; • prazo do certificado expirado havia pelo menos dois anos; • uso da função resumo MD5 na técnica de assinatura digital; • nome do sítio no certificado não correspondente ao nome DNS do sítio em uso. Tendo o texto inicial como meramente motivador e considerando a situação hipotética apresentada, discorra sobre as consequências de cada um dos problemas citados para o sistema da prefeitura em relação ao uso de certificados digitais [valor: 28,00 pontos] e proponha uma solução que possa ser adotada pela prefeitura para saná-los [valor: 10,00 pontos].","[""consequências de quatro falhas do certificado"", ""solução para sanar os problemas""]",Certificados digitais e ICP-Brasil,"[""autoridade certificadora"", ""expiração"", ""MD5"", ""nome DNS"", ""cadeia de confiança""]","Auditoria identifica certificado não confiável, expirado, com MD5 e nome incompatível.","[""ICP-Brasil"", ""MD5"", ""Firefox"", ""DNS""]",específico,apenas relacionada,"[""GESTÃO E GOVERNANÇA DE TI — 10 Cibersegurança e continuidade de negócios (ISO 27001/22301, 27002, NIST).""]","PREFEITURA MUNICIPAL DE JOÃO PESSOA
CONTROLADORIA-GERAL DO MUNICÍPIO DE JOÃO PESSOA
CARGO 3: AUDITOR MUNICIPAL DE CONTROLE INTERNO –
ÁREA: TECNOLOGIA DA INFORMAÇÃO – CAMPO DE ATUAÇÃO:
DESENVOLVIMENTO DE SISTEMAS
PROVA DISCURSIVA
Aplicação: 28/1/2018
PADRÃO DE RESPOSTA DEFINITIVO
Autoridade certificadora não válida: é um tipo de erro relacionado a certificados digitais emitidos por autoridade
certificadora que não é confiável pelo navegador na sua cadeia de certificação. A assinatura digital da autoridade certificadora
que emitiu o certificado pode não ser verificada corretamente para evitar problemas na comunicação com o navegador.
Prazo do certificado expirado havia pelo menos dois anos: o prazo de uso do certificado já não é mais válido dentro do limite de
tempo estabelecido para o certificado em questão. As transações realizadas com esse certificado não podem ser consideradas
válidas do ponto de vista de auditoria de validade do tempo, já que o certificado previa seu uso somente até uma determinada
data.
Uso da função resumo MD5 na técnica de assinatura digital: a função de hash do certificado utiliza um padrão já não
considerado seguro e que permite colisão de dados em determinados casos. O MD5 é uma função de resumo de mensagem que
verifica a integridade de determinado dado. Como alternativa, é possível o uso de algoritmos como o SHA2 ou o SHA512.
Nome do sítio no certificado não correspondente ao nome DNS do sítio em uso: o certificado emitido não equivale ao
seu nome correspondente no DNS, de tal forma que a URL do sítio não é confiável ou a URL constante no certificado não é
confiável.
De maneira geral, a prefeitura necessita estabelecer processos de controle, de emissão e de revogação de certificados
digitais oriundos de autoridades certificadoras confiáveis para seus serviços de Internet. Esse tipo de controle parte do
pressuposto que a prefeitura controla seus sítios na Internet e mantém seus processos de certificação digital sob controle de
validade e revogação, dando garantias de uso de seus serviços digitais aos cidadãos.",https://cdn.cebraspe.org.br/concursos/pref_jp_17_cgm/arquivos/356_PMJPCGM_DISC_003_01.PDF,https://cdn.cebraspe.org.br/concursos/pref_jp_17_cgm/arquivos/PREF_JP_17_para_o_cargo3_PadraoResposta_definitivo.PDF,"caderno oficial, PDF p. 1","padrão definitivo oficial, PDF p. 1",confirmado,Certificação digital não é item expresso; há apenas relação conceitual com cibersegurança.,"[""GESTÃO E GOVERNANÇA DE TI""]","[""situação-problema"", ""análise técnica""]",médio,não,sim,sim,não,sim,não,não,não,não,[],"PREFEITURA MUNICIPAL DE JOÃO PESSOA
CONTROLADORIA-GERAL DO MUNICÍPIO DE JOÃO PESSOA
CARGO 3: AUDITOR MUNICIPAL DE CONTROLE INTERNO –
ÁREA: TECNOLOGIA DA INFORMAÇÃO – CAMPO DE ATUAÇÃO:
DESENVOLVIMENTO DE SISTEMAS
PROVA DISCURSIVA
Aplicação: 28/1/2018
PADRÃO DE RESPOSTA DEFINITIVO
Autoridade certificadora não válida: é um tipo de erro relacionado a certificados digitais emitidos por autoridade
certificadora que não é confiável pelo navegador na sua cadeia de certificação. A assinatura digital da autoridade certificadora
que emitiu o certificado pode não ser verificada corretamente para evitar problemas na comunicação com o navegador.
Prazo do certificado expirado havia pelo menos dois anos: o prazo de uso do certificado já não é mais válido dentro do limite de
tempo estabelecido para o certificado em questão. As transações realizadas com esse certificado não podem ser consideradas
válidas do ponto de vista de auditoria de validade do tempo, já que o certificado previa seu uso somente até uma determinada
data.
Uso da função resumo MD5 na técnica de assinatura digital: a função de hash do certificado utiliza um padrão já não
considerado seguro e que permite colisão de dados em determinados casos. O MD5 é uma função de resumo de mensagem que
verifica a integridade de determinado dado. Como alternativa, é possível o uso de algoritmos como o SHA2 ou o SHA512.
Nome do sítio no certificado não correspondente ao nome DNS do sítio em uso: o certificado emitido não equivale ao
seu nome correspondente no DNS, de tal forma que a URL do sítio não é confiável ou a URL constante no certificado não é
confiável.
De maneira geral, a prefeitura necessita estabelecer processos de controle, de emissão e de revogação de certificados
digitais oriundos de autoridades certificadoras confiáveis para seus serviços de Internet. Esse tipo de controle parte do
pressuposto que a prefeitura controla seus sítios na Internet e mantém seus processos de certificação digital sob controle de
validade e revogação, dando garantias de uso de seus serviços digitais aos cidadãos.","{""pontuacao_total"": ""40,00"", ""valores_explicitos_no_enunciado"": [""[valor: 28,00 pontos]"", ""[valor: 10,00 pontos]""]}"
tce_pr_2016_analista_informatica_q1,tce_pr_2016_analista_informatica,2016,Tribunal de Contas do Estado do Paraná (TCE/PR),Analista de Controle,Informática — cargo 8,questão dissertativa,15,"5,00","QUESTÃO 1 A engenharia de software permite que, por meio de processos organizados, atividades e ferramentas, um software seja devidamente criado, documentado e construído. Esse processo, composto por diversas fases, normalmente se inicia com as fases de: análise econômica; análise de requisitos de software; especificação. Considerando essas informações, na condição de gerente do projeto de criação de um software hipotético (S#Car) para controle de vendas de automóveis, redija um texto dissertativo que atenda ao que se pede a seguir. 1 Descreva as atividades que, no processo de engenharia de software, normalmente são desenvolvidas nas fases de análise econômica, análise de requisitos e especificação de requisitos. [valor: 2,25 pontos] 2 Liste três artefatos (documentos) que poderão ser criados para o projeto do software S#Car. [valor: 1,25 ponto] 3 Cite três diagramas que poderão ser desenhados para modelar o software S#Car. [valor: 1,25 ponto]","[""atividades de análise econômica, requisitos e especificação"", ""três artefatos"", ""três diagramas""]",Fases e artefatos de engenharia de software,"[""análise econômica"", ""requisitos"", ""especificação"", ""artefatos"", ""diagramas UML""]",Gerente planeja software de controle de vendas de automóveis.,"[""engenharia de software"", ""UML""]",específico,parcial,"[""ENGENHARIA DE SOFTWARE — 1 Conceitos e técnicas do projeto de software."", ""ENGENHARIA DE SOFTWARE — 4 Elicitação e gerenciamento de requisitos.""]","CONCURSO PÚBLICO – TCE/PR
CARGO 8: ANALISTA DE CONTROLE – ÁREA: TECNOLOGIA DA INFORMAÇÃO
PROVA DISCURSIVA P3 – QUESTÃO 1
Aplicação: 11/9/2016
PADRÃO DE RESPOSTA
1 Com relação às fases e atividades do processo, o candidato poderá dissertar sobre as seguintes (não se
limitando a elas):
z análise econômica — visa a estabelecer se o projeto de software gerará lucro, e se a receita gerada
será suficiente para cobrir os custos.
z análise de requisitos de software — nessa fase, são desenvolvidas atividades voltadas à extração de
informações junto ao cliente/demandante do software, as quais serão sistematizadas sob a forma de requisitos
desse software.
z especificação — a especificação é a tarefa de descrever precisamente o software que será escrito,
preferencialmente de uma forma matematicamente rigorosa. Na prática, somente especificações mais
bem-sucedidas foram escritas para aplicações bem compreendidas e afinadas que já estavam bem
desenvolvidas, embora sistemas de software de missão crítica sejam frequentemente bem especificados antes do
desenvolvimento da aplicação. Especificações são mais importantes para interfaces externas que devem
permanecer estáveis.
2 Exemplos de artefatos que podem ser citados:
Documento de visão
Documento de regras de negócio
Documento de business case (investigação preliminar)
Documento de orçamento e cronograma
Documento de especificação de requisitos
Requisitos funcionais (modelo de use case)
Requisitos não funcionais
Modelo conceitual inicial
Glossário
Projeto arquitetural (poderá incluir um modelo de componentes)
Refinamento dos requisitos funcionais (modelo de use case)
Refinamento do modelo conceitual (modelo conceitual)
Inclui vários tipos de diagramas UML
Refinamento do projeto arquitetural (poderá incluir um modelo de componentes)
Refinamento do glossário
Projeto de baixo nível (modelo de projeto)
Inclui vários tipos de diagramas UML
Esquema de banco de dados
Planos de testes
Fase de implantação
Planos de publicação
Planos de testes alfa, beta
Planos de treinamento
3 Exemplos de diagramas UML a serem desenhados:
Diagrama de caso de uso
Diagrama de classe
Diagrama de objeto
Diagrama de colaboração
Diagrama de sequência
Diagrama de atividades
Diagrama de estado
Diagrama de componentes
Diagrama de depuração
Diagrama de pacotes",https://cdn.cebraspe.org.br/concursos/tce_pr_16_analista/arquivos/270TCEPR_DISC_008_01.pdf,https://cdn.cebraspe.org.br/concursos/tce_pr_16_analista/arquivos/CARGO8_P3-Questao1.pdf,"caderno oficial, PDF p. 1","padrão preliminar oficial, PDF p. 1, 2",confirmado,"A questão exige citar nomes de diagramas, não desenhá-los. Padrão oficial disponível apenas em versão preliminar.","[""ENGENHARIA DE SOFTWARE""]","[""conceitual""]",médio,não,não,não,não,sim,não,não,não,não,[],"CONCURSO PÚBLICO – TCE/PR
CARGO 8: ANALISTA DE CONTROLE – ÁREA: TECNOLOGIA DA INFORMAÇÃO
PROVA DISCURSIVA P3 – QUESTÃO 1
Aplicação: 11/9/2016
PADRÃO DE RESPOSTA
1 Com relação às fases e atividades do processo, o candidato poderá dissertar sobre as seguintes (não se
limitando a elas):
z análise econômica — visa a estabelecer se o projeto de software gerará lucro, e se a receita gerada
será suficiente para cobrir os custos.
z análise de requisitos de software — nessa fase, são desenvolvidas atividades voltadas à extração de
informações junto ao cliente/demandante do software, as quais serão sistematizadas sob a forma de requisitos
desse software.
z especificação — a especificação é a tarefa de descrever precisamente o software que será escrito,
preferencialmente de uma forma matematicamente rigorosa. Na prática, somente especificações mais
bem-sucedidas foram escritas para aplicações bem compreendidas e afinadas que já estavam bem
desenvolvidas, embora sistemas de software de missão crítica sejam frequentemente bem especificados antes do
desenvolvimento da aplicação. Especificações são mais importantes para interfaces externas que devem
permanecer estáveis.
2 Exemplos de artefatos que podem ser citados:
Documento de visão
Documento de regras de negócio
Documento de business case (investigação preliminar)
Documento de orçamento e cronograma
Documento de especificação de requisitos
Requisitos funcionais (modelo de use case)
Requisitos não funcionais
Modelo conceitual inicial
Glossário
Projeto arquitetural (poderá incluir um modelo de componentes)
Refinamento dos requisitos funcionais (modelo de use case)
Refinamento do modelo conceitual (modelo conceitual)
Inclui vários tipos de diagramas UML
Refinamento do projeto arquitetural (poderá incluir um modelo de componentes)
Refinamento do glossário
Projeto de baixo nível (modelo de projeto)
Inclui vários tipos de diagramas UML
Esquema de banco de dados
Planos de testes
Fase de implantação
Planos de publicação
Planos de testes alfa, beta
Planos de treinamento
3 Exemplos de diagramas UML a serem desenhados:
Diagrama de caso de uso
Diagrama de classe
Diagrama de objeto
Diagrama de colaboração
Diagrama de sequência
Diagrama de atividades
Diagrama de estado
Diagrama de componentes
Diagrama de depuração
Diagrama de pacotes","{""pontuacao_total"": ""5,00"", ""valores_explicitos_no_enunciado"": [""[valor: 2,25 pontos]"", ""[valor: 1,25 ponto]"", ""[valor: 1,25 ponto]""]}"
tce_pr_2016_analista_informatica_q2,tce_pr_2016_analista_informatica,2016,Tribunal de Contas do Estado do Paraná (TCE/PR),Analista de Controle,Informática — cargo 8,questão dissertativa,15,"5,00","QUESTÃO 2 A utilização bastante frequente de softwares possibilitou o surgimento de uma grande legião de desenvolvedores dessas ferramentas. A base para a engenharia de software é a camada de processos. A engenharia de software é a liga que mantém as camadas de tecnologia coesas e possibilita o desenvolvimento de software de forma racional e dentro do prazo. Considerando que o fragmento de texto acima tem caráter unicamente motivador, redija um texto dissertativo acerca da composição de uma metodologia de processos da engenharia de software. Em seu texto, faça o que se pede a seguir. 1 Explique o objetivo da metodologia de processos. [valor: 1,75 ponto] 2 Cite todas as atividades da metodologia de processos. [valor: 1,50 ponto] 3 Descreva a função de pelo menos duas atividades da metodologia de processos citadas. [valor: 1,50 ponto]","[""objetivo da metodologia de processos"", ""atividades da metodologia"", ""função de duas atividades""]",Processos de engenharia de software,"[""comunicação"", ""planejamento"", ""modelagem"", ""construção"", ""emprego""]",Exposição sobre camada de processos da engenharia de software.,"[""engenharia de software""]",específico,parcial,"[""ENGENHARIA DE SOFTWARE — 1 Conceitos e técnicas do projeto de software.""]","CONCURSO PÚBLICO – TCE/PR
CARGO 8: ANALISTA DE CONTROLE – ÁREA: TECNOLOGIA DA INFORMAÇÃO
PROVA DISCURSIVA P3 – QUESTÃO 2
Aplicação: 11/9/2016
PADRÃO DE RESPOSTA
Uma metodologia estabelece o alicerce para os processos de engenharia de software por meio da
identificação das atividades estruturais aplicáveis a todos os projetos de software.
Uma metodologia de processo para engenharia de software compreende cinco atividades:
– Comunicação: antes de iniciar qualquer trabalho técnico, é necessário comunicar-se e colaborar com o
cliente e outros interessados. A intenção é compreender os objetivos do projeto e fazer o levantamento das
necessidades que ajudarão a definir as funções e características do software.
– Planejamento: um projeto de software define o trabalho de engenharia de software, descrevendo as
tarefas técnicas a serem produzidas e um cronograma de trabalho.
– Modelagem: cria-se um esboço do software, em uma tentativa de compreender melhor o problema
e o modo de resolvê-lo. Se necessário, refina-se o esboço com mais detalhes, criando-se modelos para melhor
entender às necessidades do software e o projeto que irá atender a essas necessidades.
– Construção: essa atividade combina geração de código e testes necessários para revelar erros na
codificação.
– Emprego: o software é entregue ao cliente, que avalia o produto entregue e fornece feedback, com base
na avaliação.",https://cdn.cebraspe.org.br/concursos/tce_pr_16_analista/arquivos/270TCEPR_DISC_008_01.pdf,https://cdn.cebraspe.org.br/concursos/tce_pr_16_analista/arquivos/CARGO8_P3-Questao2.pdf,"caderno oficial, PDF p. 2","padrão preliminar oficial, PDF p. 1",confirmado,"Padrão oficial disponível apenas em versão preliminar; o edital atual cobre projeto de software, não explicita a estrutura específica de processo cobrada.","[""ENGENHARIA DE SOFTWARE""]","[""conceitual""]",médio,não,não,não,não,sim,não,não,não,não,[],"CONCURSO PÚBLICO – TCE/PR
CARGO 8: ANALISTA DE CONTROLE – ÁREA: TECNOLOGIA DA INFORMAÇÃO
PROVA DISCURSIVA P3 – QUESTÃO 2
Aplicação: 11/9/2016
PADRÃO DE RESPOSTA
Uma metodologia estabelece o alicerce para os processos de engenharia de software por meio da
identificação das atividades estruturais aplicáveis a todos os projetos de software.
Uma metodologia de processo para engenharia de software compreende cinco atividades:
– Comunicação: antes de iniciar qualquer trabalho técnico, é necessário comunicar-se e colaborar com o
cliente e outros interessados. A intenção é compreender os objetivos do projeto e fazer o levantamento das
necessidades que ajudarão a definir as funções e características do software.
– Planejamento: um projeto de software define o trabalho de engenharia de software, descrevendo as
tarefas técnicas a serem produzidas e um cronograma de trabalho.
– Modelagem: cria-se um esboço do software, em uma tentativa de compreender melhor o problema
e o modo de resolvê-lo. Se necessário, refina-se o esboço com mais detalhes, criando-se modelos para melhor
entender às necessidades do software e o projeto que irá atender a essas necessidades.
– Construção: essa atividade combina geração de código e testes necessários para revelar erros na
codificação.
– Emprego: o software é entregue ao cliente, que avalia o produto entregue e fornece feedback, com base
na avaliação.","{""pontuacao_total"": ""5,00"", ""valores_explicitos_no_enunciado"": [""[valor: 1,75 ponto]"", ""[valor: 1,50 ponto]"", ""[valor: 1,50 ponto]""]}"
tce_pr_2016_analista_informatica_q3,tce_pr_2016_analista_informatica,2016,Tribunal de Contas do Estado do Paraná (TCE/PR),Analista de Controle,Informática — cargo 8,questão dissertativa,15,"5,00","QUESTÃO 3 O protocolo de transporte TCP incorpora várias funções para cumprir a missão de transportar dados fim a fim de maneira confiável. Entre essas funções, o controle de congestionamento é responsável por perceber a condição de congestionamento no tráfego de dados e reagir a isso, sem, contudo, abrir mão de usar de forma razoavelmente eficiente os recursos de largura de banda disponíveis para a transmissão. Tendo as informações do texto acima como referência inicial, esclareça como é tecnicamente detectado, no estágio inicial de transmissão de dados denominado estado de partida lenta, o congestionamento na comunicação TCP. Em seu texto, faça o que se pede a seguir. 1 Descreva o comportamento do nó remetente TCP no estado de partida lenta no que se refere ao controle de congestionamento. [valor: 1,25 ponto] 2 Descreva como o nó remetente detecta a condição de congestionamento no estado de partida lenta e como ele reage a essa condição. [valor: 2,00 pontos] 3 Descreva como o estado de partida lenta é finalizado. [valor: 1,50 ponto]","[""comportamento do remetente em partida lenta"", ""detecção e reação ao congestionamento"", ""finalização da partida lenta""]",Controle de congestionamento TCP,"[""slow start"", ""janela de congestionamento"", ""timeout"", ""ACK""]",Exposição técnica de protocolo de transporte.,"[""TCP""]",específico,inexistente,[],"CONCURSO PÚBLICO – TCE/PR
CARGO 8: ANALISTA DE CONTROLE – ÁREA: TECNOLOGIA DA INFORMAÇÃO
PROVA DISCURSIVA P3 – QUESTÃO 3
Aplicação: 11/9/2016
PADRÃO DE RESPOSTA
1 O início de uma transmissão de dados TCP é caracterizado pelo estado de partida lenta (slow start),
descrito a seguir.
O valor da variável de estado TCP cwnd (janela de congestionamento) é inicializado em 1 MSS (tamanho
máximo de segmento), resultando em uma taxa inicial de transmissão de aproximadamente MSS/RTT, sendo RTT
o tempo decorrido entre o envio de um segmento e a recepção do seu reconhecimento pelo nó remetente.
A seguir, para cada segmento transmitido e reconhecido, o valor da cwnd é aumentado de 1 MSS,
permitindo que a cada novo envio se transmita uma quantidade maior de segmentos em relação à transmissão
anterior, e que, consequentemente, seja aumentada rapidamente a taxa de transmissão.
2 No decorrer da transmissão, caso seja detectada a perda de um segmento (congestionamento) indicada
por esgotamento de temporização, o nó remetente reinicializa o valor de cwnd (em MSS) para 1, imediatamente
após atribuir o valor cwnd/2 à variável de estado TCP ssthresh (limiar de partida lenta), usada para determinar o
ponto de interrupção na escalada exponencial da taxa de transmissão.
3 No processo descrito no tópico anterior, quando o valor de cwnd atingir o patamar ssthresh, isso
deflagrará o fim do estado de partida lenta e o início do estado de prevenção do congestionamento.
Outra maneira de finalizar o estado de partida lenta é a detecção de três ACKs duplicados (ou quatro
ACKs consecutivos para um mesmo segmento), o que também significa congestionamento. Nesse caso, o TCP
apresenta uma retransmissão rápida e entra em estado de recuperação rápida.",https://cdn.cebraspe.org.br/concursos/tce_pr_16_analista/arquivos/270TCEPR_DISC_008_01.pdf,https://cdn.cebraspe.org.br/concursos/tce_pr_16_analista/arquivos/CARGO8_P3-Questao3.pdf,"caderno oficial, PDF p. 3","padrão preliminar oficial, PDF p. 1",confirmado,Padrão oficial disponível apenas em versão preliminar.,[],"[""conceitual""]",médio,não,não,não,não,sim,não,não,não,não,[],"CONCURSO PÚBLICO – TCE/PR
CARGO 8: ANALISTA DE CONTROLE – ÁREA: TECNOLOGIA DA INFORMAÇÃO
PROVA DISCURSIVA P3 – QUESTÃO 3
Aplicação: 11/9/2016
PADRÃO DE RESPOSTA
1 O início de uma transmissão de dados TCP é caracterizado pelo estado de partida lenta (slow start),
descrito a seguir.
O valor da variável de estado TCP cwnd (janela de congestionamento) é inicializado em 1 MSS (tamanho
máximo de segmento), resultando em uma taxa inicial de transmissão de aproximadamente MSS/RTT, sendo RTT
o tempo decorrido entre o envio de um segmento e a recepção do seu reconhecimento pelo nó remetente.
A seguir, para cada segmento transmitido e reconhecido, o valor da cwnd é aumentado de 1 MSS,
permitindo que a cada novo envio se transmita uma quantidade maior de segmentos em relação à transmissão
anterior, e que, consequentemente, seja aumentada rapidamente a taxa de transmissão.
2 No decorrer da transmissão, caso seja detectada a perda de um segmento (congestionamento) indicada
por esgotamento de temporização, o nó remetente reinicializa o valor de cwnd (em MSS) para 1, imediatamente
após atribuir o valor cwnd/2 à variável de estado TCP ssthresh (limiar de partida lenta), usada para determinar o
ponto de interrupção na escalada exponencial da taxa de transmissão.
3 No processo descrito no tópico anterior, quando o valor de cwnd atingir o patamar ssthresh, isso
deflagrará o fim do estado de partida lenta e o início do estado de prevenção do congestionamento.
Outra maneira de finalizar o estado de partida lenta é a detecção de três ACKs duplicados (ou quatro
ACKs consecutivos para um mesmo segmento), o que também significa congestionamento. Nesse caso, o TCP
apresenta uma retransmissão rápida e entra em estado de recuperação rápida.","{""pontuacao_total"": ""5,00"", ""valores_explicitos_no_enunciado"": [""[valor: 1,25 ponto]"", ""[valor: 2,00 pontos]"", ""[valor: 1,50 ponto]""]}"
tce_pr_2016_analista_informatica_q4,tce_pr_2016_analista_informatica,2016,Tribunal de Contas do Estado do Paraná (TCE/PR),Analista de Controle,Informática — cargo 8,questão dissertativa,15,"5,00","QUESTÃO 4 A respeito de gestão e governança de tecnologia da informação, faça o que se pede a seguir. 1 Discorra sobre a importância da avaliação dos níveis de capacidade do COBIT 5 e explique sua relação com a ISO/IEC 15504. [valor: 2,00 pontos] 2 Informe o número e o nome de cada um dos referidos níveis de capacidade e aponte as características que um processo do COBIT 5 deverá possuir ao atingir cada um desses níveis. [valor: 2,75 pontos]","[""importância dos níveis de capacidade COBIT 5 e relação com ISO/IEC 15504"", ""número, nome e características dos níveis""]",Níveis de capacidade do COBIT 5,"[""capacidade de processos"", ""ISO/IEC 15504""]",Exposição normativa sobre avaliação de capacidade.,"[""COBIT 5"", ""ISO/IEC 15504""]",específico,parcial,"[""GESTÃO E GOVERNANÇA DE TI — 1 Governança corporativa de TI (COBIT 2019, ISO/IEC 38500).""]","CONCURSO PÚBLICO – TCE/PR
CARGO 8: ANALISTA DE CONTROLE – ÁREA: TECNOLOGIA DA INFORMAÇÃO
PROVA DISCURSIVA P3 – QUESTÃO 4
Aplicação: 11/9/2016
PADRÃO DE RESPOSTA
1 O conjunto de processos do COBIT 5 inclui um modelo de capacidade de processo com base no padrão
de avaliação de processos da ISO/IEC 15504, que é reconhecida internacionalmente como padrão para a aferição
de padrões de capacidade com vistas à melhoria dos processos. É utilizada no COBIT para medir o desempenho
e os níveis de capacidade de cada um dos processos descritos no referido guia, sendo importante na identificação
das áreas que precisam ser melhoradas.
2 O COBIT, com base na ISO/IEC 15504, descreve seis níveis de capacidade, numerados de 0 a 6. No nível
0 (Incompleto), o processo não atinge seu objetivo; no nível 1 (Executado), o processo atinge seu objetivo; no
nível 2 (Gerenciado), o processo é implementado de forma administrativa e seus produtos de trabalho são
estabelecidos, controlados e mantidos; no nível 3 (Estabelecido), o processo é implementado por meio de uma
rotina definida capaz de atingir seu objetivo; no nível 4 (Previsível), o processo opera dentro de limites para
produzir seus resultados; no nível 5 (Otimizado), o processo é previsível e continuamente melhorado.",https://cdn.cebraspe.org.br/concursos/tce_pr_16_analista/arquivos/270TCEPR_DISC_008_01.pdf,https://cdn.cebraspe.org.br/concursos/tce_pr_16_analista/arquivos/CARGO8_P3-Questao4.pdf,"caderno oficial, PDF p. 4","padrão preliminar oficial, PDF p. 1",confirmado,"O edital atual explicita COBIT 2019, não COBIT 5; padrão oficial apenas preliminar.","[""GESTÃO E GOVERNANÇA DE TI""]","[""aplicação normativa"", ""conceitual""]",médio,sim,não,não,não,sim,não,não,não,não,[2012],"CONCURSO PÚBLICO – TCE/PR
CARGO 8: ANALISTA DE CONTROLE – ÁREA: TECNOLOGIA DA INFORMAÇÃO
PROVA DISCURSIVA P3 – QUESTÃO 4
Aplicação: 11/9/2016
PADRÃO DE RESPOSTA
1 O conjunto de processos do COBIT 5 inclui um modelo de capacidade de processo com base no padrão
de avaliação de processos da ISO/IEC 15504, que é reconhecida internacionalmente como padrão para a aferição
de padrões de capacidade com vistas à melhoria dos processos. É utilizada no COBIT para medir o desempenho
e os níveis de capacidade de cada um dos processos descritos no referido guia, sendo importante na identificação
das áreas que precisam ser melhoradas.
2 O COBIT, com base na ISO/IEC 15504, descreve seis níveis de capacidade, numerados de 0 a 6. No nível
0 (Incompleto), o processo não atinge seu objetivo; no nível 1 (Executado), o processo atinge seu objetivo; no
nível 2 (Gerenciado), o processo é implementado de forma administrativa e seus produtos de trabalho são
estabelecidos, controlados e mantidos; no nível 3 (Estabelecido), o processo é implementado por meio de uma
rotina definida capaz de atingir seu objetivo; no nível 4 (Previsível), o processo opera dentro de limites para
produzir seus resultados; no nível 5 (Otimizado), o processo é previsível e continuamente melhorado.","{""pontuacao_total"": ""5,00"", ""valores_explicitos_no_enunciado"": [""[valor: 2,00 pontos]"", ""[valor: 2,75 pontos]""]}"
tce_pr_2016_analista_informatica_peca,tce_pr_2016_analista_informatica,2016,Tribunal de Contas do Estado do Paraná (TCE/PR),Analista de Controle,Informática — cargo 8,peça técnica — parecer,60,"20,00","PARECER O gestor da área de TI de determinada organização, com o intuito de aplicar as boas práticas no setor de desenvolvimento de software do órgão, contratou uma consultoria externa que expressou suas proposições em um relatório de auditoria. O relatório apresentado destaca alguns pontos com base no CMMI-DEV 1.2, no MPS.BR (2016), no Scrum (2016), no PMBOK5 e no APF 4.3. A seguir, são listados os pontos específicos destacados no relatório. 1 Quanto à qualidade de software a) Deve-se alcançar o nível de maturidade 2 (gerenciado) do CMMI-DEV, que inclui necessariamente a implantação do processo Gestão de Requisitos, que visa identificar as necessidades do cliente e traduz essas necessidades em requisitos de produto. O conjunto de requisitos de produto é analisado para gerar uma solução conceitual de alto nível. Esse conjunto de requisitos é, então, alocado para estabelecer um conjunto inicial de requisitos de produto. b) Deve-se implantar a área de processo Gerência de Portfólio de Projetos, cujo objetivo é manter projetos que sejam afetos e necessários ao atendimento dos objetivos estratégicos da organização, alcançado no nível de maturidade 3 (definido) do CMMI-DEV, no qual os processos são identificados e gerenciados, ainda que não sejam descritos em padrões. c) Deve-se implantar, com base no MPS.BR, processo que vise coletar, armazenar, analisar e relatar os dados relativos aos produtos desenvolvidos, ainda que esse guia não possua processo que vise assegurar que os produtos de trabalho estejam em conformidade com os procedimentos estabelecidos. 2 Quanto ao método ágil d) Em substituição à metodologia de desenvolvimento de software utilizada atualmente, deve-se implantar o Scrum para gerir o processo de desenvolvimento. Nesse caso, sugere-se que os times de desenvolvimento possuam entre 10 a 15 integrantes, sem incluir o PO (product owner) e o SM (Scrum master), para diminuir a complexidade do gerenciamento. Esse time deve contar, no mínimo, com os seguintes títulos: analista de requisitos, programador, testador, administrador de banco de dados e arquiteto de software. e) Ao se implantar o Scrum, deve-se dividir o time de desenvolvimento em subtimes dedicados a análise de negócios e testes, com vistas ao aprimoramento, respectivamente, da compreensão dos requisitos dos usuários e da integração dos componentes (testes unitários). Quanto à análise de negócios, cabe exclusivamente ao SM gerenciar o backlog do produto. f) Adotando-se como referência as práticas da XP (Extreme Programming), deve-se implantar o Kanban, que estabelece critérios e parâmetros para a definição de papéis e dos prazos das atividades do desenvolvimento ágil do software. 3 Quanto ao gerenciamento de projetos e estimativas g) Em substituição ao PMBOK, metodologia de gerenciamento de projetos utilizada atualmente, devem-se implantar boas práticas ágeis, como o ciclo de vida de projeto no estilo Catedral, haja vista que o PMBOK é incompatível com a filosofia orientada a mudanças, conforme a qual, ao final de cada iteração, o produto deve estar pronto para a análise pelo cliente. h) Deve-se implantar a análise de ponto de função (APF), que visa medir a funcionalidade impactada pelo desenvolvimento, pela melhoria e pela manutenção de software — independentemente da tecnologia utilizada na implementação —, mediante a quantificação das tarefas e dos serviços, primordialmente com base no projeto lógico. Preocupado com as sugestões descritas no relatório, o gestor de TI designou um servidor para expressar opinião fundamentada e técnica sobre o relatório. Com base no PMBOK5 para o gerenciamento de projetos, no CMMI-DEV 1.2 e no MPS.BR (2016), para a qualidade de software, no Scrum (2016), para o gerenciamento de produtos, e na análise de ponto de função (APF), para estimativa de software, redija um parecer técnico a respeito do referido relatório. Em seu texto, analise e justifique cada um dos pontos de a) a h) acima listados, de modo a refutar aquilo que não esteja de acordo com a metodologia em questão, complementar o que eventualmente esteja faltando e(ou) validar aquilo que esteja de acordo com a metodologia em apreço. A avaliação de seu parecer obedecerá às seguintes faixas de pontuação: 1 qualidade de software; [valor: 7,00 pontos] 2 método ágil; [valor: 7,00 pontos] 3 gerenciamento de projetos e estimativas. [valor: 5,00 pontos]","[""qualidade de software"", ""método ágil"", ""gerenciamento de projetos e estimativas""]","Avaliação de relatório sobre qualidade, agilidade, projetos e métricas","[""CMMI-DEV"", ""MPS.BR"", ""Scrum"", ""XP"", ""Kanban"", ""PMBOK"", ""APF""]",Parecer sobre proposições corretas e incorretas de consultoria de software.,"[""CMMI-DEV 1.2"", ""MPS.BR 2016"", ""Scrum 2016"", ""PMBOK 5"", ""APF 4.3""]",específico,parcial,"[""ENGENHARIA DE SOFTWARE — 3 Práticas ágeis de desenvolvimento de software."", ""ENGENHARIA DE SOFTWARE — 5.2 Gerenciamento de produtos com métodos ágeis: Scrum e Kanban."", ""ENGENHARIA DE SOFTWARE — 7 Métricas de software."", ""GESTÃO E GOVERNANÇA DE TI — 4 Gestão de projetos e metodologias ágeis (PMBOK 8 ª edição, SCRUM, Kanban).""]","CONCURSO PÚBLICO – TCE/PR
CARGO 8: ANALISTA DE CONTROLE – ÁREA: TECNOLOGIA DA INFORMAÇÃO
PROVA DISCURSIVA P4 – PARECER
Aplicação: 11/9/2016
PADRÃO DE RESPOSTA
1 Quanto à qualidade de software
a) Em desacordo. A gestão de requisitos não possui os objetivos descritos; eles se referem, na verdade, ao
processo desenvolvimento de requisitos do nível 3 (definido). A gestão de requisitos (nível 2) trata da
manutenção dos requisitos, da descrição de atividades para a obtenção e o controle de mudanças de
requisitos, além de assegurar que outros planos e dados relevantes se mantenham atualizados. Além disso,
fornece rastreabilidade de requisitos, desde o cliente até o produto ou o componente de produto. (CMMI-DEV
1.2, p. 76)
b) Em desacordo. O processo Gerência de Portfólio de Projetos é do MPS.BR e não do CMMI. Ele é
implementado no nível F (gerenciado) e tem como objetivo iniciar e manter projetos que sejam necessários,
suficientes e sustentáveis, de forma a atender os objetivos estratégicos da organização. No nível de
maturidade 3, os processos são bem caracterizados e entendidos, e são descritos em padrões, procedimentos,
ferramentas e métodos. No CMMI-DEV, há a AP-gerência de projetos, mas ela possui objetivo distinto do
descrito na questão. (CMMI-DEV 1.2, p. 54 e MPS.BR 2016, p. 31)
c) O processo descrito na questão refere-se a medição. O propósito desse processo é coletar, armazenar,
analisar e relatar os dados relativos aos produtos desenvolvidos e aos processos implementados na
organização e em seus projetos, de forma a apoiar os objetivos organizacionais. Em desacordo. O processo
Garantia da Qualidade visa assegurar que os produtos de trabalho e a execução dos processos estejam em
conformidade com os planos, procedimentos e padrões estabelecidos. Ambos são do nível F (gerenciado).
(MPS.BR 2016, p. 30, 32)
2 Quanto ao método ágil
d) Em desacordo. O Scrum não reconhece títulos para os integrantes do time de desenvolvimento além do
desenvolvedor, independentemente do trabalho que esteja sendo realizado pela pessoa. Ainda, times de
desenvolvimento grandes (mais que nove) geram muita complexidade para um processo empírico gerenciar 
product owner e Scrum master não são incluídos nessa contagem, a menos que eles também executem o
trabalho do backlog da Sprint. (Scrum guide portuguese, 2016, p. 5,6,14)
e) Em desacordo. O product owner é a única pessoa responsável por gerenciar o backlog do produto. Além disso,
os times de desenvolvimento não contêm subtimes dedicados a domínios específicos de conhecimento, tais
como teste ou análise de negócios. (Scrum guide portuguese, 2016, p. 5,6,14)
f) Em desacordo. Kanban usa um mecanismo de controle visual para acompanhar o trabalho à medida que ele
flui através das várias etapas do fluxo de valor. Além disso, a XP não trata de Kanban, e sua implantação não é
uma prática da XP. (Andrew Stellman e Jennifer Greene. Learning agile: understanding Scrum, XP, Lean,
and Kanban, 2016)
3 Quanto ao gerenciamento de projetos e estimativas
g) Em desacordo. O ciclo de vida adaptativo do PMBOK, também conhecido como “orientado” à mudança ou
métodos ágeis, destina-se a facilitar a mudança e exige um contínuo e alto grau de envolvimento das partes
interessadas. O Catedral corresponde a um processo de desenvolvimento unilateral. (PMBOK 5, p. 73)
h) De acordo. A APF mede o software, quantificando as tarefas e serviços (isto é, funcionalidade) que o software
fornece ao usuário, primordialmente com base no projeto lógico. O objetivo é medir funcionalidade impactada
pelo desenvolvimento, melhoria e manutenção de software, independentemente da tecnologia utilizada na
implementação. (APF 4.3, p. 5)",https://cdn.cebraspe.org.br/concursos/tce_pr_16_analista/arquivos/270TCEPR_DISC_008_01.pdf,https://cdn.cebraspe.org.br/concursos/tce_pr_16_analista/arquivos/CARGO8_P4-Parecer.pdf,"caderno oficial, PDF p. 5","padrão preliminar oficial, PDF p. 1",confirmado,"A análise de ponto de função é avaliada conceitualmente; não há cálculo. CMMI e MPS.BR não constam do edital atual; Scrum, métricas e gestão de projetos constam. Padrão oficial apenas preliminar.","[""ENGENHARIA DE SOFTWARE"", ""GESTÃO E GOVERNANÇA DE TI""]","[""estudo de caso"", ""análise técnica"", ""peça técnica""]",misto,sim,sim,sim,sim,sim,não,não,não,não,[2016],"CONCURSO PÚBLICO – TCE/PR
CARGO 8: ANALISTA DE CONTROLE – ÁREA: TECNOLOGIA DA INFORMAÇÃO
PROVA DISCURSIVA P4 – PARECER
Aplicação: 11/9/2016
PADRÃO DE RESPOSTA
1 Quanto à qualidade de software
a) Em desacordo. A gestão de requisitos não possui os objetivos descritos; eles se referem, na verdade, ao
processo desenvolvimento de requisitos do nível 3 (definido). A gestão de requisitos (nível 2) trata da
manutenção dos requisitos, da descrição de atividades para a obtenção e o controle de mudanças de
requisitos, além de assegurar que outros planos e dados relevantes se mantenham atualizados. Além disso,
fornece rastreabilidade de requisitos, desde o cliente até o produto ou o componente de produto. (CMMI-DEV
1.2, p. 76)
b) Em desacordo. O processo Gerência de Portfólio de Projetos é do MPS.BR e não do CMMI. Ele é
implementado no nível F (gerenciado) e tem como objetivo iniciar e manter projetos que sejam necessários,
suficientes e sustentáveis, de forma a atender os objetivos estratégicos da organização. No nível de
maturidade 3, os processos são bem caracterizados e entendidos, e são descritos em padrões, procedimentos,
ferramentas e métodos. No CMMI-DEV, há a AP-gerência de projetos, mas ela possui objetivo distinto do
descrito na questão. (CMMI-DEV 1.2, p. 54 e MPS.BR 2016, p. 31)
c) O processo descrito na questão refere-se a medição. O propósito desse processo é coletar, armazenar,
analisar e relatar os dados relativos aos produtos desenvolvidos e aos processos implementados na
organização e em seus projetos, de forma a apoiar os objetivos organizacionais. Em desacordo. O processo
Garantia da Qualidade visa assegurar que os produtos de trabalho e a execução dos processos estejam em
conformidade com os planos, procedimentos e padrões estabelecidos. Ambos são do nível F (gerenciado).
(MPS.BR 2016, p. 30, 32)
2 Quanto ao método ágil
d) Em desacordo. O Scrum não reconhece títulos para os integrantes do time de desenvolvimento além do
desenvolvedor, independentemente do trabalho que esteja sendo realizado pela pessoa. Ainda, times de
desenvolvimento grandes (mais que nove) geram muita complexidade para um processo empírico gerenciar 
product owner e Scrum master não são incluídos nessa contagem, a menos que eles também executem o
trabalho do backlog da Sprint. (Scrum guide portuguese, 2016, p. 5,6,14)
e) Em desacordo. O product owner é a única pessoa responsável por gerenciar o backlog do produto. Além disso,
os times de desenvolvimento não contêm subtimes dedicados a domínios específicos de conhecimento, tais
como teste ou análise de negócios. (Scrum guide portuguese, 2016, p. 5,6,14)
f) Em desacordo. Kanban usa um mecanismo de controle visual para acompanhar o trabalho à medida que ele
flui através das várias etapas do fluxo de valor. Além disso, a XP não trata de Kanban, e sua implantação não é
uma prática da XP. (Andrew Stellman e Jennifer Greene. Learning agile: understanding Scrum, XP, Lean,
and Kanban, 2016)
3 Quanto ao gerenciamento de projetos e estimativas
g) Em desacordo. O ciclo de vida adaptativo do PMBOK, também conhecido como “orientado” à mudança ou
métodos ágeis, destina-se a facilitar a mudança e exige um contínuo e alto grau de envolvimento das partes
interessadas. O Catedral corresponde a um processo de desenvolvimento unilateral. (PMBOK 5, p. 73)
h) De acordo. A APF mede o software, quantificando as tarefas e serviços (isto é, funcionalidade) que o software
fornece ao usuário, primordialmente com base no projeto lógico. O objetivo é medir funcionalidade impactada
pelo desenvolvimento, melhoria e manutenção de software, independentemente da tecnologia utilizada na
implementação. (APF 4.3, p. 5)","{""pontuacao_total"": ""20,00"", ""valores_explicitos_no_enunciado"": [""[valor: 7,00 pontos]"", ""[valor: 7,00 pontos]"", ""[valor: 5,00 pontos]""]}"
tce_pa_2016_auditor_informatica_q1,tce_pa_2016_auditor_informatica,2016,Tribunal de Contas do Estado do Pará (TCE/PA),Auditor de Controle Externo,Informática — Administrador de Banco de Dados; Analista de Segurança; Analista de Sistema; Analista de Suporte; Web Design — cargos 32 a 36,questão dissertativa,30,"10,00","O resultado mais significativo da Conferência Rio+20 foi o desencadear de um processo que envolve a sociedade civil e os governos e que culminou em uma agenda para a humanidade até 2030. Após três anos de trabalhos e negociações, foi finalmente aprovada na 70.ª Assembleia Geral da ONU, em 2015, a Agenda 2030, que estabelece os objetivos do desenvolvimento sustentável a serem empreendidos pelas nações. Esses objetivos visam acabar com a pobreza, oferecer uma vida digna para todos e proteger o planeta. São baseados em cinco pês: pessoas, prosperidade, paz, parcerias e planeta. Embora de natureza global e universalmente aplicáveis, os objetivos dialogam com as políticas e ações nos âmbitos regional e local. Oded Grajew. Desenvolvimento sustentável nas cidades. In: Folha de S.Paulo, 10/4/2016, p. A3 (com adaptações). Considerando que o fragmento de texto acima tem caráter unicamente motivador, redija um texto dissertativo acerca do seguinte tema. AGENDA PARA A HUMANIDADE: O IMPERATIVO DO DESENVOLVIMENTO SUSTENTÁVEL Ao elaborar seu texto, aborde os seguintes aspectos: 1 a amplitude do conceito de desenvolvimento sustentável; [valor: 3,00 pontos] 2 o futuro das sociedades e do planeta como consequência das decisões e das atitudes do presente; [valor: 3,00 pontos] 3 a sustentabilidade aplicada à gestão municipal. [valor: 3,50 pontos]","[""conceito de desenvolvimento sustentável"", ""decisões presentes e futuro"", ""sustentabilidade na gestão municipal""]",Desenvolvimento sustentável e gestão municipal,"[""Agenda 2030"", ""sustentabilidade"", ""gestão municipal""]",Tema geral comum a cinco especialidades superiores de TI.,"[""Agenda 2030""]",geral,inexistente,[],"TRIBUNAL DE CONTAS DO ESTADO DO PARÁ
CARGOS 1 E 18 A 38: AUDITOR DE CONTROLE EXTERNO
PROVA DISCURSIVA
Aplicação: 7/8/2016
PADRÃO DE RESPOSTA DEFINITIVO
1 Espera-se que, em relação ao primeiro aspecto a ser abordado (“amplitude do conceito de
desenvolvimento sustentável”), o candidato não se fixe na ideia de progresso, historicamente identificado com
avanços no campo meramente material ou econômico, mas entenda o moderno conceito de desenvolvimento
como conquista a envolver os mais diversos setores da vida humana. Assim, a sustentabilidade confere ao
desenvolvimento a tarefa de promover a dignidade das pessoas — a partir da superação da pobreza — e a
própria sobrevivência do planeta. Desse modo, a amplitude adquirida pelo conceito de desenvolvimento
sustentável afasta, por definição e por princípio, a tese do “progresso a qualquer preço”.
2 Relativamente ao segundo aspecto (“futuro das sociedades e do planeta como consequência das decisões
e das atitudes do presente”) espera-se que o candidato aponte para a magnitude dos problemas hoje existentes
pelo mundo afora, a exigir compromisso e comprometimento de todos (indivíduos, grupos sociais, instituições,
governos etc.) com vistas ao seu equacionamento. Trata-se de algo que não pode mais ser postergado, sob pena
de se tornar inviável a vida das sociedades e do planeta.
3 Por fim, quanto ao terceiro aspecto (“sustentabilidade aplicada à gestão municipal”), espera-se que o
candidato aponte caminhos novos na condução dos municípios, dos menores às metrópoles, de modo que os
gestores se comprometam a executar planos com metas claramente definidas, a envolver os elementos básicos
da vida da comunidade, a exemplo de saneamento (rede de esgotamento sanitário, água tratada, correta
destinação do lixo etc.), educação, moradia, emprego, mobilidade urbana (incentivo ao uso de bicicleta, por
exemplo, com a criação de ciclovias ou faixas exclusivas para uso dos ciclistas), segurança, cultura, lazer, entre
tantos outros passíveis de serem citados, como a expansão das áreas verdes urbanas (parques e jardins).",https://cdn.cebraspe.org.br/concursos/tce_pa_16/arquivos/251TCEPA_DISC_001_01.pdf,https://cdn.cebraspe.org.br/concursos/tce_pa_16/arquivos/TCE_PA_PADRAO_DE_RESPOSTA_DEFINITIVO_CARGOS_%201e18a38.pdf,"caderno oficial, PDF p. 1","padrão definitivo oficial, PDF p. 1",confirmado,,[],"[""conceitual""]",médio,não,não,não,não,sim,não,não,não,não,[],"TRIBUNAL DE CONTAS DO ESTADO DO PARÁ
CARGOS 1 E 18 A 38: AUDITOR DE CONTROLE EXTERNO
PROVA DISCURSIVA
Aplicação: 7/8/2016
PADRÃO DE RESPOSTA DEFINITIVO
1 Espera-se que, em relação ao primeiro aspecto a ser abordado (“amplitude do conceito de
desenvolvimento sustentável”), o candidato não se fixe na ideia de progresso, historicamente identificado com
avanços no campo meramente material ou econômico, mas entenda o moderno conceito de desenvolvimento
como conquista a envolver os mais diversos setores da vida humana. Assim, a sustentabilidade confere ao
desenvolvimento a tarefa de promover a dignidade das pessoas — a partir da superação da pobreza — e a
própria sobrevivência do planeta. Desse modo, a amplitude adquirida pelo conceito de desenvolvimento
sustentável afasta, por definição e por princípio, a tese do “progresso a qualquer preço”.
2 Relativamente ao segundo aspecto (“futuro das sociedades e do planeta como consequência das decisões
e das atitudes do presente”) espera-se que o candidato aponte para a magnitude dos problemas hoje existentes
pelo mundo afora, a exigir compromisso e comprometimento de todos (indivíduos, grupos sociais, instituições,
governos etc.) com vistas ao seu equacionamento. Trata-se de algo que não pode mais ser postergado, sob pena
de se tornar inviável a vida das sociedades e do planeta.
3 Por fim, quanto ao terceiro aspecto (“sustentabilidade aplicada à gestão municipal”), espera-se que o
candidato aponte caminhos novos na condução dos municípios, dos menores às metrópoles, de modo que os
gestores se comprometam a executar planos com metas claramente definidas, a envolver os elementos básicos
da vida da comunidade, a exemplo de saneamento (rede de esgotamento sanitário, água tratada, correta
destinação do lixo etc.), educação, moradia, emprego, mobilidade urbana (incentivo ao uso de bicicleta, por
exemplo, com a criação de ciclovias ou faixas exclusivas para uso dos ciclistas), segurança, cultura, lazer, entre
tantos outros passíveis de serem citados, como a expansão das áreas verdes urbanas (parques e jardins).","{""pontuacao_total"": ""10,00"", ""valores_explicitos_no_enunciado"": [""[valor: 3,00 pontos]"", ""[valor: 3,00 pontos]"", ""[valor: 3,50 pontos]""]}"
tcu_2015_aufc_ti_p3_q1,tcu_2015_aufc_ti,2015,Tribunal de Contas da União (TCU),Auditor Federal de Controle Externo,Tecnologia da Informação — cargo 2,questão dissertativa,20,"20,00","QUESTÃO 1 – CONHECIMENTOS GERAIS Espera-se que o auditor, adotando as normas técnicas, prepare uma documentação de auditoria suficiente para que um outro auditor experiente, sem qualquer conexão prévia com a auditoria realizada, compreenda os principais pontos levantados durante a auditoria, as conclusões apresentadas e os principais julgamentos que levaram a tais conclusões. INTOSAI – Audit Documentation, ISSAI 1230 (com adaptações). Considerando que o fragmento de texto acima tem caráter exclusivamente motivador, redija um texto dissertativo acerca de confidencialidade e transparência nas documentações de auditoria do setor público, de acordo com as orientações da INTOSAI (International Organization of Supreme Audit Institutions). Ao elaborar seu texto, aborde os seguintes aspectos: < equilíbrio entre a confidencialidade e a transparência; [valor: 7,00 pontos] < responsabilidades do auditor; [valor: 6,00 pontos] < maneiras de lidar com as requisições de terceiros por informações da auditoria. [valor: 6,00 pontos]","[""equilíbrio entre confidencialidade e transparência"", ""responsabilidades do auditor"", ""requisições de terceiros""]",Confidencialidade e transparência na documentação de auditoria,"[""documentação"", ""responsabilidade do auditor"", ""acesso por terceiros""]",Exposição de normas de auditoria do setor público.,"[""INTOSAI"", ""ISSAI 1230""]",geral,apenas relacionada,"[""GESTÃO E GOVERNANÇA DE TI — 11 Lei nº 12.527/2011 (Lei de Acesso à Informação).""]","TRIBUNAL DE CONTAS DA UNIÃO
AUDITOR FEDERAL DE CONTROLE EXTERNO
Prova Discursiva P3 – Questão 1
Aplicação: 16/8/2015
PADRÃO DE RESPOSTA
2.1 Quanto ao quesito do equilíbrio entre confidencialidade e transparência, a ISSAI 1230 estabelece que as
exigências éticas relevantes definem como obrigação para o pessoal de auditoria a observância permanente
da confidencialidade das informações contidas na documentação trabalhada, exceto quando uma delegação
específica tenha sido dada pela entidade de auditoria para divulgar tais informações ou quando existe uma
obrigação legal ou profissional para tanto. Uma diferença fundamental entre o setor público e privado consiste
no fato de exigências de legislação específica para o setor público estarem relacionadas com a
confidencialidade, por um lado, e com o acesso às informações por partes interessadas, por outro lado.
2.2 Sobre o aspecto da responsabilidade do auditor, espera-se que o candidato mencione, pelo menos, que o
equilíbrio entre confidencialidade e transparência requer do profissional um julgamento de valor, que garanta
que a natureza confidencial da documentação esteja claramente identificada, ao mesmo tempo que permita o
acesso apropriado a outras informações. Dada essa responsabilidade, é importante que o profissional esteja
familiarizado com as políticas e procedimentos da Corte Suprema de Contas relacionadas à
confidencialidade. Tais procedimentos devem incluir os tipos de documentação de auditoria considerados
confidenciais e os tipos de documentação que devem estar disponíveis ao público, com a definição clara das
responsabilidades pela divulgação e das rotinas para tornar as informações disponíveis, quando for o caso. O
eventual descumprimento das responsabilidades do auditor quanto à confidencialidade implica
severas consequências adversas, tanto no que diz respeito aos aspectos funcionais como em relação
à própria auditoria realizada.
2.3 Com referência ao quesito das requisições de terceiros por informações da auditoria, o candidato deve
ressaltar que, nos casos em que a entidade auditada tenha a obrigação legal de obter e reter informações,
por princípio, as requisições de pessoas de fora por estas informações devem ser encaminhadas para a
entidade auditada. Nas situações em que o auditor considerar conceder o acesso à documentação de
auditoria, ele deve, antes de divulgar a informação, consultar as partes interessadas (entre as quais está a
entidade auditada com quem a informação está relacionada). Nesses casos, o auditor do setor público deve
garantir que as pessoas com acesso tenham o mesmo nível de confidencialidade do próprio auditor.",https://cdn.cebraspe.org.br/concursos/tcu_15_aufc/arquivos/TCUAUFC_DISC_P3.pdf,https://cdn.cebraspe.org.br/concursos/tcu_15_aufc/arquivos/TCU_15_AUFC_PADRAO_DE_RESPOSTAS_DEFINITIVO_P3_QUESTAO_1.pdf,"caderno oficial, PDF p. 1","padrão definitivo oficial, PDF p. 1",confirmado,Relação apenas conceitual com a Lei de Acesso à Informação; a questão aplica norma INTOSAI.,"[""GESTÃO E GOVERNANÇA DE TI""]","[""aplicação normativa"", ""conceitual""]",médio,sim,não,não,sim,sim,não,não,não,não,[],"TRIBUNAL DE CONTAS DA UNIÃO
AUDITOR FEDERAL DE CONTROLE EXTERNO
Prova Discursiva P3 – Questão 1
Aplicação: 16/8/2015
PADRÃO DE RESPOSTA
2.1 Quanto ao quesito do equilíbrio entre confidencialidade e transparência, a ISSAI 1230 estabelece que as
exigências éticas relevantes definem como obrigação para o pessoal de auditoria a observância permanente
da confidencialidade das informações contidas na documentação trabalhada, exceto quando uma delegação
específica tenha sido dada pela entidade de auditoria para divulgar tais informações ou quando existe uma
obrigação legal ou profissional para tanto. Uma diferença fundamental entre o setor público e privado consiste
no fato de exigências de legislação específica para o setor público estarem relacionadas com a
confidencialidade, por um lado, e com o acesso às informações por partes interessadas, por outro lado.
2.2 Sobre o aspecto da responsabilidade do auditor, espera-se que o candidato mencione, pelo menos, que o
equilíbrio entre confidencialidade e transparência requer do profissional um julgamento de valor, que garanta
que a natureza confidencial da documentação esteja claramente identificada, ao mesmo tempo que permita o
acesso apropriado a outras informações. Dada essa responsabilidade, é importante que o profissional esteja
familiarizado com as políticas e procedimentos da Corte Suprema de Contas relacionadas à
confidencialidade. Tais procedimentos devem incluir os tipos de documentação de auditoria considerados
confidenciais e os tipos de documentação que devem estar disponíveis ao público, com a definição clara das
responsabilidades pela divulgação e das rotinas para tornar as informações disponíveis, quando for o caso. O
eventual descumprimento das responsabilidades do auditor quanto à confidencialidade implica
severas consequências adversas, tanto no que diz respeito aos aspectos funcionais como em relação
à própria auditoria realizada.
2.3 Com referência ao quesito das requisições de terceiros por informações da auditoria, o candidato deve
ressaltar que, nos casos em que a entidade auditada tenha a obrigação legal de obter e reter informações,
por princípio, as requisições de pessoas de fora por estas informações devem ser encaminhadas para a
entidade auditada. Nas situações em que o auditor considerar conceder o acesso à documentação de
auditoria, ele deve, antes de divulgar a informação, consultar as partes interessadas (entre as quais está a
entidade auditada com quem a informação está relacionada). Nesses casos, o auditor do setor público deve
garantir que as pessoas com acesso tenham o mesmo nível de confidencialidade do próprio auditor.","{""pontuacao_total"": ""20,00"", ""valores_explicitos_no_enunciado"": [""[valor: 7,00 pontos]"", ""[valor: 6,00 pontos]"", ""[valor: 6,00 pontos]""]}"
tcu_2015_aufc_ti_p3_q2,tcu_2015_aufc_ti,2015,Tribunal de Contas da União (TCU),Auditor Federal de Controle Externo,Tecnologia da Informação — cargo 2,questão dissertativa,20,"20,00","QUESTÃO 2 – CONHECIMENTOS GERAIS O sucesso da Declaração de Lima deve-se, acima de tudo, ao fato de que ela contém uma lista abrangente de todas as metas e questões relacionadas à auditoria governamental, sem deixar de ser concisa, o que facilita seu uso. Além disso, ela foi redigida em uma linguagem clara, o que mantém o enfoque em seus elementos essenciais. O principal objetivo da Declaração de Lima é exigir uma auditoria governamental independente. Franz Fiedler. Prefácio à Declaração de Lima. INTOSAI: Viena (com adaptações). Considerando que o fragmento de texto acima tem caráter exclusivamente motivador, redija um texto dissertativo acerca do seguinte tema. A INDEPENDÊNCIA DAS ENTIDADES FISCALIZADORAS SUPERIORES Ao elaborar seu texto, aborde os seguintes aspectos: < independência como requisito essencial, mas não suficiente, do controle; [valor: 7,00 pontos] < limites da independência; [valor: 6,00 pontos] < independência dos integrantes das entidades fiscalizadoras superiores. [valor: 6,00 pontos]","[""independência como requisito essencial"", ""limites da independência"", ""independência dos integrantes""]",Independência das entidades fiscalizadoras superiores,"[""Declaração de Lima"", ""controle"", ""independência funcional""]",Exposição sobre auditoria governamental independente.,"[""INTOSAI"", ""Declaração de Lima""]",geral,inexistente,[],"AUDITOR FEDERAL DE CONTROLE EXTERNO
ORIENTAÇÃO: AUDITORIA GOVERNAMENTAL
Prova Discursiva P3 – Questão 2
Aplicação: 16/8/2015
PADRÃO DE RESPOSTA DEFINITIVO
2.1 Em relação ao quesito da independência como requisito essencial, mas não suficiente, do controle, espera-se
que o candidato mencione que uma entidade fiscalizadora superior que não consegue satisfazer o requisito
de independência não está à altura da missão normalmente atribuída a essas entidades. Essa independência
também deve estar ancorada na legislação, sendo necessário também que existam instituições responsáveis
por garantir a segurança jurídica e que funcionem adequadamente. Instituições dessa natureza só podem ser
encontradas em uma democracia baseada no Estado de direito, um outro requisito fundamental.
2.2 Quanto ao quesito da natureza e dos limites da independência, é preciso salientar que as instituições de
Estado não podem ser completamente independentes, pelo fato de fazerem parte do Estado como uma
entidade maior, com objetivos muito mais abrangentes. Ainda assim, as entidades fiscalizadoras superiores
devem gozar da independência funcional e organizacional necessária para desempenhar suas tarefas. O
estabelecimento do grau necessário de independência que devem gozar as EFS deve estar previsto na
Constituição, enquanto os detalhes podem ser estabelecidos na legislação infraconstitucional. É também
importante haver proteção jurídica, garantida pelo órgão judicial máximo, contra qualquer interferência na
independência. Por fim, cabe salientar a aplicação do princípio da legalidade restrita, imposto à
administração pública, o que significa que os órgãos de controle somente poderão fazer aquilo que
for expressamente autorizado em lei.
2.3 Acerca da independência dos integrantes das entidades fiscalizadoras superiores, é preciso dizer que se trata
de um aspecto estreitamente vinculado à independência do próprio órgão. Os membros são definidos como
as pessoas que precisam tomar as decisões pela entidade fiscalizadora superior e respondem por essas
decisões perante terceiros. A independência dos membros deve ser garantida pela Constituição.
Particularmente, os procedimentos para a destituição de um membro de seu cargo devem ser
constitucionalizados. Já em relação aos funcionários responsáveis por auditorias de entidades fiscalizadoras
superiores, não deve haver em suas carreiras profissionais qualquer tipo de influência exercida pelas
organizações auditadas, e eles não devem ser dependentes dessas organizações sob nenhum aspecto ou
motivo.",https://cdn.cebraspe.org.br/concursos/tcu_15_aufc/arquivos/TCUAUFC_DISC_P3.pdf,https://cdn.cebraspe.org.br/concursos/tcu_15_aufc/arquivos/TCU_15_AUFC_PADRAO_DE_RESPOSTAS_DEFINITIVO_P3_QUESTAO_2.pdf,"caderno oficial, PDF p. 3","padrão definitivo oficial, PDF p. 1",confirmado,,[],"[""aplicação normativa"", ""conceitual""]",médio,sim,não,não,não,sim,não,não,não,não,[],"AUDITOR FEDERAL DE CONTROLE EXTERNO
ORIENTAÇÃO: AUDITORIA GOVERNAMENTAL
Prova Discursiva P3 – Questão 2
Aplicação: 16/8/2015
PADRÃO DE RESPOSTA DEFINITIVO
2.1 Em relação ao quesito da independência como requisito essencial, mas não suficiente, do controle, espera-se
que o candidato mencione que uma entidade fiscalizadora superior que não consegue satisfazer o requisito
de independência não está à altura da missão normalmente atribuída a essas entidades. Essa independência
também deve estar ancorada na legislação, sendo necessário também que existam instituições responsáveis
por garantir a segurança jurídica e que funcionem adequadamente. Instituições dessa natureza só podem ser
encontradas em uma democracia baseada no Estado de direito, um outro requisito fundamental.
2.2 Quanto ao quesito da natureza e dos limites da independência, é preciso salientar que as instituições de
Estado não podem ser completamente independentes, pelo fato de fazerem parte do Estado como uma
entidade maior, com objetivos muito mais abrangentes. Ainda assim, as entidades fiscalizadoras superiores
devem gozar da independência funcional e organizacional necessária para desempenhar suas tarefas. O
estabelecimento do grau necessário de independência que devem gozar as EFS deve estar previsto na
Constituição, enquanto os detalhes podem ser estabelecidos na legislação infraconstitucional. É também
importante haver proteção jurídica, garantida pelo órgão judicial máximo, contra qualquer interferência na
independência. Por fim, cabe salientar a aplicação do princípio da legalidade restrita, imposto à
administração pública, o que significa que os órgãos de controle somente poderão fazer aquilo que
for expressamente autorizado em lei.
2.3 Acerca da independência dos integrantes das entidades fiscalizadoras superiores, é preciso dizer que se trata
de um aspecto estreitamente vinculado à independência do próprio órgão. Os membros são definidos como
as pessoas que precisam tomar as decisões pela entidade fiscalizadora superior e respondem por essas
decisões perante terceiros. A independência dos membros deve ser garantida pela Constituição.
Particularmente, os procedimentos para a destituição de um membro de seu cargo devem ser
constitucionalizados. Já em relação aos funcionários responsáveis por auditorias de entidades fiscalizadoras
superiores, não deve haver em suas carreiras profissionais qualquer tipo de influência exercida pelas
organizações auditadas, e eles não devem ser dependentes dessas organizações sob nenhum aspecto ou
motivo.","{""pontuacao_total"": ""20,00"", ""valores_explicitos_no_enunciado"": [""[valor: 7,00 pontos]"", ""[valor: 6,00 pontos]"", ""[valor: 6,00 pontos]""]}"
tcu_2015_aufc_ti_p4_q1,tcu_2015_aufc_ti,2015,Tribunal de Contas da União (TCU),Auditor Federal de Controle Externo,Tecnologia da Informação — cargo 2,questão dissertativa,20,"20,00","QUESTÃO – CONHECIMENTOS ESPECÍFICOS O centro de dados da organização HTYZ, que presta serviços exclusivamente por um aplicativo de celular de economia compartilhada (HTYZ), está sediado em um edifício alugado localizado ao lado de um posto de gasolina e em cujos fundos encontra-se um depósito de pneus. Embora toda a infraestrutura de TI da HTYZ, que fica no referido edifício, esteja coberta por seguro, a alta direção da empresa acredita que uma interrupção dos negócios, mesmo que temporária, pode resultar no desaparecimento da empresa, que não tem um centro de dados alternativo. Todas as redundâncias do ambiente de TI, organizadas em um plano de continuidade de negócios atualizado, estão localizadas no mesmo edifício. Nos últimos meses, dados o pioneirismo e a qualidade do produto da HTYZ, seu valor de mercado cresceu muito, e a empresa tem feito frequentes atualizações em seu ambiente de TI, onde se concentra a maioria de seus ativos. Vários novos projetos de aplicativos para celulares — sempre baseados em princípios como praticidade, economia por compartilhamento de recursos, facilidade de uso, agilidade, segurança e satisfação dos usuários — estão em andamento com vistas ao fortalecimento e ao aumento do espaço da HTYZ no mercado. Os principais parceiros da empresa são operadoras de Internet, indústrias de equipamentos e software e empresas de serviços básicos, como, por exemplo, de geolocalização, de motores de busca etc. A estrutura organizacional da HTYZ é enxuta, e a alta direção é composta apenas por um diretor geral, um diretor de negócios e um diretor de TI. A maioria dos empregados da empresa é composta de desenvolvedores de software alocados em projetos e analistas de infraestrutura. A organização investe significativamente em segurança da informação, inclusive no que se refere à formação de seu pessoal, já que, sistematicamente, sofre ataques e possui valiosos projetos, que poderão gerar grande lucro ao longo do tempo. Essa preocupação e o investimento em segurança refletem no produto oferecido, sendo as melhores avaliações dos clientes direcionadas ao quesito segurança do aplicativo. A HTYZ tem encontrado problemas como concorrência — empresas com menos participação no mercado, com o objetivo de conquistar mais espaço, têm introduzido melhorias e inovações em seus serviços e produtos — e ameaças públicas e diretas de várias fontes —, que incluem segmentos concorrentes da economia tradicional que reclamam de prejuízos, dada a inexistência de regulamentação oficial sobre os negócios que a HTYZ opera no país. Uma das ameaças recebidas consistiu no envio, ao diretor-geral, de um link — por um email de origem falsificada — para um vídeo que mostrava uma explosão, em um posto de gasolina, que havia destruído vários edifícios e empresas de uma região comercial de uma grande cidade em um país estrangeiro. Há, ainda, quatro ações judiciais em andamento contra a HTYZ, todas referentes a supostos prejuízos à lógica econômica de mercado. Por motivos como esses, entre outros, o departamento de comunicações da HTYZ trabalha arduamente com foco em transparência e relações sociais e a empresa mantém um departamento jurídico robusto e capacitado para acompanhar todas as demandas. Com referência à situação hipotética acima apresentada, de acordo com o processo de Identificação de Riscos proposto pela NBR ISO/IEC 27005:2011, elabore um texto elencando as atividades do processo Identificação de Riscos [valor: 9,00 pontos] e os itens identificados de cada uma das atividades do processo para a HTYZ. [valor: 10,00 pontos].","[""atividades de identificação de riscos"", ""itens identificados em cada atividade para a organização""]",Identificação de riscos de segurança da informação,"[""ativos"", ""ameaças"", ""vulnerabilidades"", ""consequências"", ""controles existentes""]","Empresa digital com centro de dados único, ameaças e alta dependência de continuidade.","[""NBR ISO/IEC 27005:2011""]",específico,parcial,"[""GESTÃO E GOVERNANÇA DE TI — 2 Gestão de riscos de TI (ISO 31000, COSO)."", ""GESTÃO E GOVERNANÇA DE TI — 10 Cibersegurança e continuidade de negócios (ISO 27001/22301, 27002, NIST).""]","AUDITOR FEDERAL DE CONTROLE EXTERNO
ORIENTAÇÃO: AUDITORIA DE TECNOLOGIA
DA INFORMAÇÃO
Prova Discursiva P4 – Questão
Aplicação: 16/8/2015
PADRÃO DE RESPOSTA DEFINITIVO
2.1. Atividades do processo “Identificação de Riscos” da NBR ISO/IEC 27005:2011
São atividades do processo: identificação dos ativos, identificação das ameaças, identificação dos controles
existentes, identificação das vulnerabilidades e identificação das consequências.
2.2. Itens identificados de cada um das atividades do processo “Identificação de Riscos” para a HTYZ:
1. Identificação dos ativos: a) Centro de dados, ativo primário, responsável: diretor de TI; b) Aplicativo HTYZ,
ativo primário, responsável: diretor de negócios; c) Projetos de aplicativos, ativo primário, responsável:
diretor de negócios.
2. Identificação das ameaças: a) Incêndio criminoso originado nos vizinhos (contra o centro de dados);
b) Ataques hacker contra a infraestrutura de TI (contra os projetos e o aplicativo HTYZ); c)
Regulamentação oficial ou decisões judiciais favorecendo interesses contrários (contra o aplicativo HTYZ
e os novos projetos); d) Avanço expressivo de produtos concorrentes sobre o mercado (contra o aplicativo
HTYZ).
3. Identificação dos controles existentes: a) Seguro de toda a infraestrutura (centro de dados); b) Plano de
continuidade de negócios (aplicativo HTYZ e novos projetos); c) Investimentos em segurança da
informação e atualização dos equipamentos e do software (centro de dados, aplicativo e novos projetos);
d) Política de comunicação e transparência de negócios para controle social (regulações oficiais); e)
Departamento jurídico robusto e capacitado (demandas judiciais); f) Desenvolvimento do aplicativo HTYZ
e novos projetos (concorrência).
4. Identificação das vulnerabilidades: a) Falta de domínio sobre a segurança física dos vizinhos (incêndio);
b) Seguro repõe o prejuízo material, mas não garante a continuidade da HTYZ; c) Plano de continuidade
só é eficiente contra sinistros sem perda do edifício do centro de dados; d) vulnerabilidades de software
não conhecidas ou não corrigidas; e) Atuação mais forte dos contrários na política das regulações oficiais
e derrotas judiciais.
5. Identificação das consequências: a) Perda do centro de dados e desaparecimento da HTYZ; b) Invasões,
danos e vazamentos de projetos; c) Regulamentação oficial contrária à organização que inviabilizem ou
dificultem os negócios; d) Condenações judiciais que acarretem prejuízos financeiros e de imagem e
reputação.",https://cdn.cebraspe.org.br/concursos/tcu_15_aufc/arquivos/TCUAUFC_DISC_P4_CARGO_2.pdf,https://cdn.cebraspe.org.br/concursos/tcu_15_aufc/arquivos/TCU_15_AUFC_PADRAO_DE_RESPOSTAS_DEFINITIVO_CARGO_2_P4_QUESTAO.pdf,"caderno oficial, PDF p. 1","padrão definitivo oficial, PDF p. 1",confirmado,"O edital cobre gestão de riscos e cibersegurança, mas explicita ISO 31000/COSO e ISO 27001/27002/NIST, não ISO 27005.","[""GESTÃO E GOVERNANÇA DE TI""]","[""estudo de caso"", ""aplicação normativa"", ""análise técnica""]",médio,sim,sim,não,não,sim,não,não,não,não,[2011],"AUDITOR FEDERAL DE CONTROLE EXTERNO
ORIENTAÇÃO: AUDITORIA DE TECNOLOGIA
DA INFORMAÇÃO
Prova Discursiva P4 – Questão
Aplicação: 16/8/2015
PADRÃO DE RESPOSTA DEFINITIVO
2.1. Atividades do processo “Identificação de Riscos” da NBR ISO/IEC 27005:2011
São atividades do processo: identificação dos ativos, identificação das ameaças, identificação dos controles
existentes, identificação das vulnerabilidades e identificação das consequências.
2.2. Itens identificados de cada um das atividades do processo “Identificação de Riscos” para a HTYZ:
1. Identificação dos ativos: a) Centro de dados, ativo primário, responsável: diretor de TI; b) Aplicativo HTYZ,
ativo primário, responsável: diretor de negócios; c) Projetos de aplicativos, ativo primário, responsável:
diretor de negócios.
2. Identificação das ameaças: a) Incêndio criminoso originado nos vizinhos (contra o centro de dados);
b) Ataques hacker contra a infraestrutura de TI (contra os projetos e o aplicativo HTYZ); c)
Regulamentação oficial ou decisões judiciais favorecendo interesses contrários (contra o aplicativo HTYZ
e os novos projetos); d) Avanço expressivo de produtos concorrentes sobre o mercado (contra o aplicativo
HTYZ).
3. Identificação dos controles existentes: a) Seguro de toda a infraestrutura (centro de dados); b) Plano de
continuidade de negócios (aplicativo HTYZ e novos projetos); c) Investimentos em segurança da
informação e atualização dos equipamentos e do software (centro de dados, aplicativo e novos projetos);
d) Política de comunicação e transparência de negócios para controle social (regulações oficiais); e)
Departamento jurídico robusto e capacitado (demandas judiciais); f) Desenvolvimento do aplicativo HTYZ
e novos projetos (concorrência).
4. Identificação das vulnerabilidades: a) Falta de domínio sobre a segurança física dos vizinhos (incêndio);
b) Seguro repõe o prejuízo material, mas não garante a continuidade da HTYZ; c) Plano de continuidade
só é eficiente contra sinistros sem perda do edifício do centro de dados; d) vulnerabilidades de software
não conhecidas ou não corrigidas; e) Atuação mais forte dos contrários na política das regulações oficiais
e derrotas judiciais.
5. Identificação das consequências: a) Perda do centro de dados e desaparecimento da HTYZ; b) Invasões,
danos e vazamentos de projetos; c) Regulamentação oficial contrária à organização que inviabilizem ou
dificultem os negócios; d) Condenações judiciais que acarretem prejuízos financeiros e de imagem e
reputação.","{""pontuacao_total"": ""20,00"", ""valores_explicitos_no_enunciado"": [""[valor: 9,00 pontos]"", ""[valor: 10,00 pontos]""]}"
tcu_2015_aufc_ti_p4_peca,tcu_2015_aufc_ti,2015,Tribunal de Contas da União (TCU),Auditor Federal de Controle Externo,Tecnologia da Informação — cargo 2,peça de natureza técnica — parecer,50,"40,00","PEÇA DE NATUREZA TÉCNICA Ao analisar contratos de soluções de tecnologia da informação do órgão X, integrante do Sistema de Administração dos Recursos de Tecnologia da Informação (SISP) do Poder Executivo federal, auditor federal do TCU averiguou que esse órgão havia aprovado Plano Diretor de Tecnologia da Informação (PDTI), mas não havia, até o momento da auditoria, elaborado Plano Estratégico Institucional (PEI). O auditor averiguou, ainda, que o órgão X havia celebrado os contratos A, B, C, D, E, F e G, de tecnologia da informação, que, assinados após a entrada em vigor da Instrução Normativa SLTI/MP n.º 4/2014, previam como estimativa de preço valores superiores a oitenta mil reais. As contratações foram aprovadas pelo Comitê de Tecnologia da Informação do SISP, que não detém caráter deliberativo. No relatório da auditoria, os seguintes pontos específicos foram destacados. 1 O contrato A foi celebrado com a cooperativa X. De acordo com os documentos apresentados, a cooperativa, cujos estatuto e objetivos sociais estão de acordo com o objeto contratado, é idônea junto à administração pública federal. O contrato foi executado, por meio de subcontratação, por profissionais experientes e habilitados para o serviço. 2 Cláusula do contrato B, elaborado pelo órgão X e celebrado com a empresa Y, dispunha que a contratada era competente para praticar os atos administrativos de inscrição, registro e certificação dos usuários dos serviços prestados pelo órgão. 3 A solução de tecnologia da informação prestada pela sociedade empresarial Z, contratada por meio do contrato C, consiste na gestão de processos de segurança da informação da área de TI do órgão X. 4 O objeto do contrato D trata da avaliação de qualidade de prestação de serviços do contrato E. Esse contrato D possui cláusulas específicas que estipulam que a supervisão dessa avaliação seja obrigatoriamente desempenhada por empregados da sociedade empresarial K. 5 Na elaboração do contrato E, o órgão X adotou a métrica homem-hora para a aferição do esforço, tendo vinculado o pagamento das prestações à entrega de produtos de acordo com prazos e qualidade previamente definidos, o que também serviu de justificativa para o tipo de métrica adotado. 6 Na execução do contrato F, os seguintes atos foram praticados visando-se à prorrogação do contrato (possibilidade nele prevista): avaliação e aprovação do contrato vigente pelo fiscal do contrato e verificação, junto à contratada, do interesse de prorrogação pelas mesmas condições estabelecidas na assinatura do contrato original. No momento da prorrogação, o órgão X já havia gasto todo o crédito orçamentário previsto no ato convocatório do contrato original. 7 O plano de inserção da contratada pelo contrato G foi elaborado pela equipe na fase de planejamento da contratação. Nesse plano, foram contempladas fórmulas para cálculo de aferição do nível mínimo de serviço exigido dos itens do objeto com vistas a avaliar possíveis desconformidades na execução do objeto e consequentes aplicações de glosas no contrato. A respeito da situação hipotética acima apresentada, redija um parecer com opinião fundamentada e técnica sobre as práticas de contratação e gestão de contratos de soluções de TI do órgão X. Em seu parecer, faça, necessariamente, o que se pede a seguir. < Avalie a conformidade do Plano Diretor de Tecnologia da Informação de acordo com a Instrução Normativa n.º 4/2014. [valor: 4,75 pontos] < Avalie cada um dos contratos celebrados pelo órgão X, especialmente no que se refere à conformidade da elaboração e(ou) execução desses contratos com as normas das Instruções Normativas n.º 2/2008-SLTI/MPOG e n.º 4/2014-SLTI/MPOG para contratação de soluções de TI. [valor: 4,75 pontos para cada contrato avaliado]","[""conformidade do PDTI"", ""conformidade de sete contratos de soluções de TI""]",Contratação e gestão de contratos de soluções de TI,"[""PDTI"", ""cooperativa"", ""atos administrativos"", ""segurança"", ""métricas"", ""prorrogação"", ""nível de serviço""]",Parecer de auditoria sobre sete contratos de TI de órgão do SISP.,"[""IN SLTI/MPOG n.º 2/2008"", ""IN SLTI/MP n.º 4/2014"", ""SISP""]",específico,parcial,"[""GESTÃO E GOVERNANÇA DE TI — 5 Planejamento estratégico de TI (PETI, PDTI)."", ""GESTÃO E GOVERNANÇA DE TI — 6 Contratações de TI no setor público."", ""CONTRATAÇÕES DE TI — 1 Gestão de contratação de soluções de TI."", ""CONTRATAÇÕES DE TI — 2 Legislação aplicável à contratação de bens e serviços de TI e suas alterações.""]","AUDITOR FEDERAL DE CONTROLE EXTERNO
ORIENTAÇÃO: AUDITORIA DE TECNOLOGIA
DA INFORMAÇÃO
Prova Discursiva P4 – Peça de Natureza Técnica
Aplicação: 16/8/2015
PADRÃO DE RESPOSTA DEFINITIVO
O candidato deverá elaborar um parecer referente às contratações de solução de Tecnologia da
Informação celebradas pelo órgão.
Acerca da legalidade da celebração e execução dos contratos, averiguou-se que:
2.1) Como não foram repassadas informações suficientes para validar ou invalidar a conformidade do PDTI,
cabe ao auditor verificar se o PDTI foi aprovado pelo Comitê de Tecnologia da Informação do órgão X que
não possui caráter deliberativo e, assim, não tem competência para aprovar o PDTI. Em caso afirmativo, o
PDTI torna-se inválido. Caso não tenha sido o auditor, este deve ainda verificar se o PDTI foi aprovado
pela autoridade máxima do órgão, o que o tornaria válido. Ademais, o auditor deve verificar se no PDTI
consta o registro de ausência do plano estratégico institucional e se foi utilizado um documento
equivalente, como o Plano Plurianual – PPA.
O Plano Diretor de Tecnologia da Informação (PDTI) é invalido, pois o Comitê de Tecnologia da
Informação, por não ter caráter deliberativo, não tem competência para aprovar o PDTI, o que deveria ter
sido realizado pela autoridade máxima do órgão.
(justificativa normativa) IN-04. Art. 4.º, §§1,3,6: As contratações de que trata
esta IN deverão ser (...) elaboradas em harmonia com o Plano Diretor de
Tecnologia da Informação - PDTI. O PDTI deverá (…) ser aprovado pelo Comitê
de Tecnologia da Informação do órgão (…) Inexistindo o plano estratégico
institucional, sua ausência deverá ser registrada no PDTI e deverá ser utilizado um
documento equivalente, como o Plano Plurianual – PPA. Não sendo o Comitê de
Tecnologia da Informação de caráter deliberativo, as aprovações deverão ser
feitas pela autoridade máxima do órgão ou entidade.”
2.2) Contrato A: é regular a possibilidade de contratação da cooperativa XYZ, pois, além de a cooperativa ter
sido considerada idônea junto à APF, seu estatuto e objetivos sociais estão de acordo com o objeto
contratado; entretanto, a execução do contrato encontra-se ilícita, pois é vedado à cooperativa subcontratar
profissionais que não sejam cooperados ou que não pertençam aos quadros funcionais da instituição.
(justificativa normativa) IN-02. Art. 5.º e parágrafo único. Não será admitida a
contratação de cooperativas (…) cujo estatuto e objetivos sociais não prevejam ou
não estejam de acordo com o objeto contratado. (…) o serviço contratado deverá
ser executado obrigatoriamente pelos cooperados, no caso de cooperativa (…)
vedando-se qualquer intermediação ou subcontratação.
2.3) Contrato B: é nula a cláusula do contrato B que concede à contratante a possibilidade de emitir atos
administrativos de inscrição, registro ou certificação, pois essa competência é indelegável.
(justificativa normativa) IN-02. Art. 9.º, caput, III, c É vedada a contratação de
atividades que impliquem (...), exercício do poder de polícia, ou manifestação da
vontade do Estado pela emanação de atos administrativos, tais como: c) atos de
inscrição, registro ou certificação.
2.4) Contrato C: é inválido, pois não é permitido que seja objeto de contratação a gestão de processos de
segurança de tecnologia da informação.
(justificativa normativa) IN-04. Art. 5.º, §único Não poderão ser objeto de
contratação: gestão de processos de Tecnologia da Informação, incluindo gestão
de segurança da informação.
2.5) Contrato D: é válido, pois é permitido à administração pública contratar para fins de avaliação da qualidade
da solução de TI; entretanto, a execução do contrato encontra-se ilícita, pois sua supervisão é competência
exclusiva de servidores do órgão.
(justificativa normativa) IN-04. Art. 5.º, II A avaliação da qualidade das Soluções
de Tecnologia da Informação poderá ser objeto de contratação, desde que sob
supervisão exclusiva de servidores do órgão.
2.6) Contrato E: está de acordo com a Instrução Normativa n.º 4, pois, embora seja vedada a adoção da
métrica homem-hora, o órgão justificou o ato e vinculou seu pagamento à entrega do produto de acordo
com o prazo e qualidade previamente definido.
(justificativa normativa) IN-04. Art. 7.º, VIII. É vedado: adotar a métrica homem-
hora ou equivalente para aferição de esforço, salvo mediante justificativa e
sempre vinculada à entrega de produtos de acordo com prazos e qualidade
previamente definidos.
2.7) Contrato F: não poderá ser prorrogado, pois os créditos orçamentários já foram executados até o limite
previsto; ademais, toda prorrogação de contratos deve ser precedida da realização de pesquisas de preços
de mercado ou de preços contratados por outros órgãos e entidades da administração pública, visando
assegurar a manutenção da contratação mais vantajosa para a administração.
(justificativa normativa) IN-02. Art. 30, §2A duração dos contratos ficará adstrita
à vigência dos respectivos créditos orçamentários, podendo, quando for o caso,
ser prorrogada até o limite previsto no ato convocatório. Toda prorrogação de
contratos será precedida da realização de pesquisas de preços de mercado ou de
preços contratados por outros órgãos e entidades da Administração Pública,
visando a assegurar a manutenção da contratação mais vantajosa para a
Administração.
2.8) Contrato G: está em desconformidade com a IN-04, haja vista que a elaboração do Plano de Inserção da
contratada é uma das atividades de início do contrato da fase de Gestão do Contrato, e não da fase de
planejamento; além disso, o plano não engloba as fórmulas para cálculo de aferição do Nível Mínimo de
Serviço Exigido dos itens do objeto com vistas a avaliar possíveis desconformidades na execução do
objeto e consequentes aplicações de glosas no contrato, essas fórmulas são elaboradas na fase de
planejamento.
`
(justificativa normativa) IN-04. Art. 32, caput, I, a, b As atividades de início do
contrato compreendem: elaboração do Plano de Inserção da contratada, pelo
Gestor do Contrato e pelos Fiscais Técnico, Administrativo e Requisitante do
Contrato, observando (…) a proposta vencedora, contemplando, no mínimo: a) o
repasse à contratada de conhecimentos necessários à execução dos serviços ou
ao fornecimento de bens; b) a disponibilização de infraestrutura á contratada,
quando couber.",https://cdn.cebraspe.org.br/concursos/tcu_15_aufc/arquivos/TCUAUFC_DISC_P4_CARGO_2.pdf,https://cdn.cebraspe.org.br/concursos/tcu_15_aufc/arquivos/TCU_15_AUFC_PADRAO_DE_RESPOSTAS_DEFINITIVO_CARGO_2_P4_PECA.pdf,"caderno oficial, PDF p. 3","padrão definitivo oficial, PDF p. 1, 2",confirmado,"Correspondência parcial: contratação e planejamento de TI permanecem no edital, mas as instruções normativas cobradas foram substituídas pelas normas atuais nele explicitadas.","[""GESTÃO E GOVERNANÇA DE TI"", ""CONTRATAÇÕES DE TI""]","[""estudo de caso"", ""aplicação normativa"", ""peça técnica""]",misto,sim,sim,sim,não,sim,não,não,não,sim,"[2008, 2014]","AUDITOR FEDERAL DE CONTROLE EXTERNO
ORIENTAÇÃO: AUDITORIA DE TECNOLOGIA
DA INFORMAÇÃO
Prova Discursiva P4 – Peça de Natureza Técnica
Aplicação: 16/8/2015
PADRÃO DE RESPOSTA DEFINITIVO
O candidato deverá elaborar um parecer referente às contratações de solução de Tecnologia da
Informação celebradas pelo órgão.
Acerca da legalidade da celebração e execução dos contratos, averiguou-se que:
2.1) Como não foram repassadas informações suficientes para validar ou invalidar a conformidade do PDTI,
cabe ao auditor verificar se o PDTI foi aprovado pelo Comitê de Tecnologia da Informação do órgão X que
não possui caráter deliberativo e, assim, não tem competência para aprovar o PDTI. Em caso afirmativo, o
PDTI torna-se inválido. Caso não tenha sido o auditor, este deve ainda verificar se o PDTI foi aprovado
pela autoridade máxima do órgão, o que o tornaria válido. Ademais, o auditor deve verificar se no PDTI
consta o registro de ausência do plano estratégico institucional e se foi utilizado um documento
equivalente, como o Plano Plurianual – PPA.
O Plano Diretor de Tecnologia da Informação (PDTI) é invalido, pois o Comitê de Tecnologia da
Informação, por não ter caráter deliberativo, não tem competência para aprovar o PDTI, o que deveria ter
sido realizado pela autoridade máxima do órgão.
(justificativa normativa) IN-04. Art. 4.º, §§1,3,6: As contratações de que trata
esta IN deverão ser (...) elaboradas em harmonia com o Plano Diretor de
Tecnologia da Informação - PDTI. O PDTI deverá (…) ser aprovado pelo Comitê
de Tecnologia da Informação do órgão (…) Inexistindo o plano estratégico
institucional, sua ausência deverá ser registrada no PDTI e deverá ser utilizado um
documento equivalente, como o Plano Plurianual – PPA. Não sendo o Comitê de
Tecnologia da Informação de caráter deliberativo, as aprovações deverão ser
feitas pela autoridade máxima do órgão ou entidade.”
2.2) Contrato A: é regular a possibilidade de contratação da cooperativa XYZ, pois, além de a cooperativa ter
sido considerada idônea junto à APF, seu estatuto e objetivos sociais estão de acordo com o objeto
contratado; entretanto, a execução do contrato encontra-se ilícita, pois é vedado à cooperativa subcontratar
profissionais que não sejam cooperados ou que não pertençam aos quadros funcionais da instituição.
(justificativa normativa) IN-02. Art. 5.º e parágrafo único. Não será admitida a
contratação de cooperativas (…) cujo estatuto e objetivos sociais não prevejam ou
não estejam de acordo com o objeto contratado. (…) o serviço contratado deverá
ser executado obrigatoriamente pelos cooperados, no caso de cooperativa (…)
vedando-se qualquer intermediação ou subcontratação.
2.3) Contrato B: é nula a cláusula do contrato B que concede à contratante a possibilidade de emitir atos
administrativos de inscrição, registro ou certificação, pois essa competência é indelegável.
(justificativa normativa) IN-02. Art. 9.º, caput, III, c É vedada a contratação de
atividades que impliquem (...), exercício do poder de polícia, ou manifestação da
vontade do Estado pela emanação de atos administrativos, tais como: c) atos de
inscrição, registro ou certificação.
2.4) Contrato C: é inválido, pois não é permitido que seja objeto de contratação a gestão de processos de
segurança de tecnologia da informação.
(justificativa normativa) IN-04. Art. 5.º, §único Não poderão ser objeto de
contratação: gestão de processos de Tecnologia da Informação, incluindo gestão
de segurança da informação.
2.5) Contrato D: é válido, pois é permitido à administração pública contratar para fins de avaliação da qualidade
da solução de TI; entretanto, a execução do contrato encontra-se ilícita, pois sua supervisão é competência
exclusiva de servidores do órgão.
(justificativa normativa) IN-04. Art. 5.º, II A avaliação da qualidade das Soluções
de Tecnologia da Informação poderá ser objeto de contratação, desde que sob
supervisão exclusiva de servidores do órgão.
2.6) Contrato E: está de acordo com a Instrução Normativa n.º 4, pois, embora seja vedada a adoção da
métrica homem-hora, o órgão justificou o ato e vinculou seu pagamento à entrega do produto de acordo
com o prazo e qualidade previamente definido.
(justificativa normativa) IN-04. Art. 7.º, VIII. É vedado: adotar a métrica homem-
hora ou equivalente para aferição de esforço, salvo mediante justificativa e
sempre vinculada à entrega de produtos de acordo com prazos e qualidade
previamente definidos.
2.7) Contrato F: não poderá ser prorrogado, pois os créditos orçamentários já foram executados até o limite
previsto; ademais, toda prorrogação de contratos deve ser precedida da realização de pesquisas de preços
de mercado ou de preços contratados por outros órgãos e entidades da administração pública, visando
assegurar a manutenção da contratação mais vantajosa para a administração.
(justificativa normativa) IN-02. Art. 30, §2A duração dos contratos ficará adstrita
à vigência dos respectivos créditos orçamentários, podendo, quando for o caso,
ser prorrogada até o limite previsto no ato convocatório. Toda prorrogação de
contratos será precedida da realização de pesquisas de preços de mercado ou de
preços contratados por outros órgãos e entidades da Administração Pública,
visando a assegurar a manutenção da contratação mais vantajosa para a
Administração.
2.8) Contrato G: está em desconformidade com a IN-04, haja vista que a elaboração do Plano de Inserção da
contratada é uma das atividades de início do contrato da fase de Gestão do Contrato, e não da fase de
planejamento; além disso, o plano não engloba as fórmulas para cálculo de aferição do Nível Mínimo de
Serviço Exigido dos itens do objeto com vistas a avaliar possíveis desconformidades na execução do
objeto e consequentes aplicações de glosas no contrato, essas fórmulas são elaboradas na fase de
planejamento.
`
(justificativa normativa) IN-04. Art. 32, caput, I, a, b As atividades de início do
contrato compreendem: elaboração do Plano de Inserção da contratada, pelo
Gestor do Contrato e pelos Fiscais Técnico, Administrativo e Requisitante do
Contrato, observando (…) a proposta vencedora, contemplando, no mínimo: a) o
repasse à contratada de conhecimentos necessários à execução dos serviços ou
ao fornecimento de bens; b) a disponibilização de infraestrutura á contratada,
quando couber.","{""pontuacao_total"": ""40,00"", ""valores_explicitos_no_enunciado"": [""[valor: 4,75 pontos]"", ""[valor: 4,75 pontos para cada contrato avaliado]""]}"
tcu_2026_aufc_auditoria_ti_q1,tcu_2026_aufc_auditoria_ti,2026,Tribunal de Contas da União (TCU),Auditor Federal de Controle Externo – Área Controle Externo,Orientação: Auditoria de Tecnologia da Informação,questão dissertativa,20,"10,00","Questão 1 No que diz respeito à responsabilidade civil do Estado e às competências do TCU, redija um texto dissertativo em atendimento ao que se pede a seguir. 1 Explique a teoria adotada pelo direito brasileiro sobre a responsabilidade civil do Estado por danos causados por seus agentes a terceiros e discorra sobre o direito de regresso do Estado. [valor: 5,00 pontos] 2 Disserte acerca da competência do TCU para atuar nos casos em que irregularidade cometida por agente público resulte em prejuízo ao erário. [valor: 4,50 pontos] QUESTÃO 1 –","[""responsabilidade civil do Estado e direito de regresso"", ""competência do TCU em prejuízo ao erário""]",Responsabilidade civil do Estado e competências do TCU,"[""risco administrativo"", ""direito de regresso"", ""débito"", ""multa""]",Exposição jurídica geral da prova do cargo de Auditoria de TI.,"[""Constituição Federal""]",geral,inexistente,[],"TRIBUNAL DE CONTAS DA UNIÃO
AUDITOR FEDERAL DE CONTROLE EXTERNO – ÁREA DE CONTROLE
EXTERNO/ORIENTAÇÃO: AUDITORIA DE TECNOLOGIA DA
INFORMAÇÃO
Prova Discursiva – Questão 1
Aplicação: 22/2/2026
PADRÃO DE RESPOSTA DEFINITIVO
A responsabilidade civil objetiva do Estado por danos causados por seus agentes a terceiros é prevista no art. 37, § 6.º,
da Constituição Federal de 1988 (CF). Seu fundamento reside na teoria do risco administrativo, segundo a qual o Estado tem a
obrigação de indenizar o terceiro lesado, bastando a comprovação dos seguintes elementos: a ação ou omissão administrativa; a
ocorrência do dano; o nexo causal entre o dano e a ação ou omissão administrativa; e a ausência de causa de excludente da
responsabilidade estatal (caso fortuito ou força maior, culpa exclusiva da vítima ou culpa exclusiva de terceiro). Não se exige
que o particular prove a culpa ou o dolo do agente, pois a responsabilidade é objetiva (independe de elemento subjetivo). A
finalidade é garantir uma reparação do dano mais rápida e eficaz ao particular lesado. Admite-se, ainda, a menção à
responsabilidade subjetiva do Estado em casos de omissão genérica (teoria da culpa do serviço/falta do serviço) e à teoria do
risco integral em situações excepcionais, como no caso de danos nucleares. Ademais, consagra-se a tese da dupla garantia fixada
pelo STF, segundo a qual a ação indenizatória deve ser ajuizada contra o ente público ou prestador de serviço, sendo o agente
público parte ilegítima para responder diretamente à demanda do lesado.
O direito de regresso é a prerrogativa do Estado de, após ter indenizado a vítima do dano causado por seu agente, ajuizar
ação contra o responsável pelo dano, com vistas ao ressarcimento do valor pago. Essa ação tem natureza subjetiva, sendo
imprescindível que o Estado demonstre o dolo ou a culpa do agente na causação do prejuízo.
O TCU, no exercício do controle externo (art. 71 da CF), atuando em auxílio ao Congresso Nacional, detém competência
constitucional para julgar irregularidades de que resulte prejuízo ao erário (art. 71, inciso II, da CF) e determinar o ressarcimento
integral do dano ao erário. Essa competência é exercida, geralmente, no julgamento das contas (anuais ou por tomadas de contas
especiais), ocasião em que o TCU julga a legalidade e a economicidade dos atos do responsável. Ao constatar débito irregular,
o TCU condena o agente público a devolver o valor. A decisão definitiva do TCU que impõe o ressarcimento tem eficácia de
título executivo, podendo ser executada judicialmente, garantindo-se, assim, a recomposição do patrimônio público lesado, sem,
contudo, interferir no julgamento das demais sanções na esfera da administrativa (independência mitigada das instâncias).
QUESITOS AVALIADOS
Quesito 2.1 – Teoria do risco administrativo e direito de regresso do Estado
Conceito 0 – Não abordou a teoria do risco administrativo nem o direito de regresso do Estado, ou o fez de maneira totalmente
equivocada.
Conceito 1 – Abordou, de forma correta e suficiente, apenas um dos seguintes aspectos: (i) a responsabilidade civil do Estado é
objetiva por danos causados a terceiros por seus agentes; (ii) o direito brasileiro adota a teoria do risco administrativo; (iii) é
necessária a comprovação de determinados elementos (para cumprir esse aspecto, o(a) candidato(a) deve ter citado no mínimo
dois dos seguintes elementos: ação ou omissão, ocorrência do dano, nexo causal e ausência de excludente da responsabilidade
estatal); (iv) o Estado tem a prerrogativa de ajuizar ação contra o agente público para ressarcimento de indenização paga pelo
Estado ao particular em razão do dano causado por aquele agente público.
Conceito 2 – Abordou, de forma correta e suficiente, apenas dois dos aspectos enumerados.
Conceito 3 – Abordou, de forma correta e suficiente, apenas três dos aspectos enumerados.
Conceito 4 – Abordou, de forma correta e suficiente, todos os aspectos enumerados.
Quesito 2.2 – Competência do TCU para atuar nos casos em que irregularidade cometida por agente público resulte em
prejuízo ao erário
Conceito 0 – Não abordou a competência do TCU ou o fez de maneira totalmente equivocada.
Conceito 1 – Abordou, de forma correta e suficiente, apenas um dos seguintes aspectos: (i) o TCU exerce o controle externo; (ii)
o TCU tem competência para julgar as irregularidades que resultem em prejuízo ao erário; (iii) o TCU tem competência para
determinar o ressarcimento integral do dano ao erário.
Conceito 2 – Abordou, de forma correta e suficiente, apenas dois dos aspectos enumerados.
Conceito 3 – Abordou, de forma correta e suficiente, todos os aspectos enumerados.",https://cdn.cebraspe.org.br/concursos/tcu_25_aufc/arquivos/C755AC0EC03CD62E8802C6DFF89130043E61CE191AD3673D2A017293C5CFBB6E.pdf,https://cdn.cebraspe.org.br/concursos/tcu_25_aufc/arquivos/9DE5A2A09DFA527B96AEDBB3838F7B448A59C7E4A2564F4A5778CA44B8613573.pdf,"caderno oficial, PDF p. 1","padrão definitivo oficial, PDF p. 1, 2",confirmado,,[],"[""aplicação normativa"", ""conceitual""]",médio,sim,não,não,não,sim,não,não,não,sim,[1988],"QUESITOS AVALIADOS
Quesito 2.1 – Teoria do risco administrativo e direito de regresso do Estado
Conceito 0 – Não abordou a teoria do risco administrativo nem o direito de regresso do Estado, ou o fez de maneira totalmente
equivocada.
Conceito 1 – Abordou, de forma correta e suficiente, apenas um dos seguintes aspectos: (i) a responsabilidade civil do Estado é
objetiva por danos causados a terceiros por seus agentes; (ii) o direito brasileiro adota a teoria do risco administrativo; (iii) é
necessária a comprovação de determinados elementos (para cumprir esse aspecto, o(a) candidato(a) deve ter citado no mínimo
dois dos seguintes elementos: ação ou omissão, ocorrência do dano, nexo causal e ausência de excludente da responsabilidade
estatal); (iv) o Estado tem a prerrogativa de ajuizar ação contra o agente público para ressarcimento de indenização paga pelo
Estado ao particular em razão do dano causado por aquele agente público.
Conceito 2 – Abordou, de forma correta e suficiente, apenas dois dos aspectos enumerados.
Conceito 3 – Abordou, de forma correta e suficiente, apenas três dos aspectos enumerados.
Conceito 4 – Abordou, de forma correta e suficiente, todos os aspectos enumerados.
Quesito 2.2 – Competência do TCU para atuar nos casos em que irregularidade cometida por agente público resulte em
prejuízo ao erário
Conceito 0 – Não abordou a competência do TCU ou o fez de maneira totalmente equivocada.
Conceito 1 – Abordou, de forma correta e suficiente, apenas um dos seguintes aspectos: (i) o TCU exerce o controle externo; (ii)
o TCU tem competência para julgar as irregularidades que resultem em prejuízo ao erário; (iii) o TCU tem competência para
determinar o ressarcimento integral do dano ao erário.
Conceito 2 – Abordou, de forma correta e suficiente, apenas dois dos aspectos enumerados.
Conceito 3 – Abordou, de forma correta e suficiente, todos os aspectos enumerados.","{""pontuacao_total"": ""10,00"", ""valores_explicitos_no_enunciado"": [""[valor: 5,00 pontos]"", ""[valor: 4,50 pontos]""]}"
tcu_2026_aufc_auditoria_ti_q2,tcu_2026_aufc_auditoria_ti,2026,Tribunal de Contas da União (TCU),Auditor Federal de Controle Externo – Área Controle Externo,Orientação: Auditoria de Tecnologia da Informação,questão dissertativa,20,"10,00","Questão 2 O TCU está desenvolvendo um sistema de classificação de documentos sensíveis, utilizando um modelo de IA treinado em ambiente de nuvem. O pipeline MLOps utiliza contêineres para orquestrar etapas de pré-processamento, inferência e monitoramento do modelo. Após uma atualização de infraestrutura, a equipe detectou que um dos contêineres responsáveis pela inferência estava acessando buckets de armazenamento não incluídos no escopo previsto para o modelo, o que resultava na exposição de documentos internos não rotulados. Ao investigar, a equipe descobriu o seguinte: (i) o modelo generativo foi atualizado sem a revisão de segurança; e (ii) logs de auditoria mostraram requisições automáticas feitas pelo pipeline de IA a recursos não autorizados, possivelmente decorrentes de um erro de configuração no deploy. A partir da situação hipotética apresentada, e considerando as premissas e as boas práticas de segurança da informação aplicáveis ao pipeline de MLOps, redija um texto dissertativo abordando os seguintes aspectos: 1 duas falhas de configuração da segurança da informação que comprometem a confidencialidade dos dados na situação apresentada; [valor: 4,50 pontos] 2 duas medidas corretivas de segurança para proteger a confidencialidade dos dados e reduzir o risco de vazamento em pipelines MLOps. [valor: 5,00 pontos] QUESTÃO 2 –","[""duas falhas que comprometem a confidencialidade"", ""duas medidas corretivas para o pipeline MLOps""]",Segurança de pipeline MLOps em nuvem,"[""contêineres"", ""buckets"", ""privilégio mínimo"", ""logs"", ""IA generativa"", ""deploy""]",Contêiner de inferência acessa documentos fora do escopo após atualização sem revisão de segurança.,"[""MLOps"", ""IA generativa"", ""contêineres"", ""nuvem""]",específico,direta,"[""ENGENHARIA DE SOFTWARE — 8.3 Docker e orquestração com Kubernetes."", ""INTELIGÊNCIA ARTIFICIAL — 3 IA generativa."", ""INTELIGÊNCIA ARTIFICIAL — 6 Arquitetura e engenharia de sistemas de IA. MLOps. Deploy de modelos. Integração com computação em nuvem."", ""GESTÃO E GOVERNANÇA DE TI — 10 Cibersegurança e continuidade de negócios (ISO 27001/22301, 27002, NIST).""]","TRIBUNAL DE CONTAS DA UNIÃO
AUDITOR FEDERAL DE CONTROLE EXTERNO – ÁREA DE CONTROLE
EXTERNO/ORIENTAÇÃO: AUDITORIA DE TECNOLOGIA DA
INFORMAÇÃO
Prova Discursiva – Questão 2
Aplicação: 22/2/2026
PADRÃO DE RESPOSTA DEFINITIVO
A situação descrita apresenta múltiplas falhas de configuração diretamente relacionadas à perda de confidencialidade
dos dados. A primeira falha é a permissão excessiva de acesso atribuída ao contêiner de inferência (violação do princípio
do menor privilégio), que consegue consultar buckets fora do escopo autorizado, indicando ausência de controle granular de
IAM/políticas por recurso (bucket/prefixo/ação) e de isolamento adequado entre serviços. Também há falha no processo de
atualização/promoção do modelo generativo, realizada sem revisão, validação ou “gates” de segurança no ciclo de vida
do modelo e no deploy (governança deficiente de mudanças no pipeline), o que permite que artefatos potencialmente
inseguros sejam executados no pipeline. Outra falha relevante está na configuração incorreta do deploy e das políticas de
execução/segmentação, que resulta em chamadas automáticas da pipeline para recursos não autorizados (ex.: egress não
controlado), demonstrando ausência de regras de restrição de rede (allowlist/NetworkPolicies), políticas de acesso e validação
de parâmetros. Ademais, os logs revelam comportamento anômalo do sistema, o que evidencia falta de monitoramento
preventivo e mecanismos de detecção de uso indevido. Somam-se, ainda, a inexistência ou a deficiência de política de
classificação/rotulagem dos dados e/ou DLP (Data Loss Prevention) para documentos sensíveis (“documentos internos não
rotulados”), o que impede a aplicação consistente de controles proporcionais de acesso e proteção e facilita exposição indevida
quando há erro de permissão ou roteamento do pipeline. Em conjunto, essas falhas de configuração comprometem diretamente
a confidencialidade dos documentos sensíveis, facilitando o acesso indevido e ampliando o risco de vazamento de
informações.
A mitigação exige a implementação integrada de controles técnicos e administrativos em todas as camadas do pipeline
MLOps. Por exemplo, Deve-se realizar a aplicação do princípio do mínimo privilégio, com permissões IAM estritamente
delimitadas por serviço, políticas granulares por bucket/prefixo/ação, abordagem deny-by-default e segregação por
contas/projetos/roles, usando identidades/contas de serviço dedicadas por workload (ex.: por pod) para evitar permissões
excessivas e acesso fora do escopo, além do uso de service accounts dedicadas para cada pod e segregação lógica do ambiente
por meio de namespaces, policies de rede, mecanismos de admissão como PSP/OPA e hardening sistemático das imagens. No
fluxo MLOps, No DevSecOps/segurança no pipeline, recomenda-se instituir gates formais de aprovação/revisão e gestão de
mudanças (incluindo validações automatizadas), adotar IaC (policy-as-code) para reduzir erro de deploy e, quando pertinente,
recomenda-se aplicar controles de supply chain, incluindo-se gestão segura de dependências, versionamento rastreável de
datasets e modelos, validação de integridade, varredura (scans) automáticos de vulnerabilidades em código, contêineres e
artefatos, além de assinatura e verificação do conteúdo (artefatos) antes da promoção de versões. No ambiente de contêineres, é
essencial fortalecer isolamento e políticas com Network Policies/segmentação, admission controls (ex.: OPA) e/ou policy-as-
code, com controle explícito de egress (allowlist) para impedir chamadas automáticas a destinos não autorizados. Também se
sugere instituir políticas de aprovação formal de modelos antes do deploy, com testes de segurança orientados a dados — como
validação robusta de entradas, detecção de drift malicioso e prevenção de data leakage. Na etapa de entrega, recomenda-se o
uso de estratégias seguras de implantação, como shadow deployment e canary release, a fim de garantir monitoramento
controlado do comportamento do modelo antes da exposição total. A proteção das feature stores requer controle de acesso
granular, logging estruturado e trilhas de auditoria para rastrear consultas, gravações e acessos não autorizados. Como
mitigação de confidencialidade, pode-se adotar criptografia em repouso e em trânsito, com gestão adequada de chaves (KMS,
rotação e controle de acesso às chaves), desde que bem fundamentada como medida de redução de impacto em caso de acesso
indevido. Adicionalmente, deve-se prever classificação/rotulagem de dados e mecanismos de DLP, vinculando controles
proporcionais aos rótulos de sensibilidade (incluindo bloqueios/alertas de exfiltração), especialmente para endereçar o cenário
de “documentos internos não rotulados”. Por fim, recomenda-se fortalecer monitoramento/detecção e alertas baseados em logs
de auditoria, com capacidade de identificar e bloquear acessos fora do escopo (ex.: consultas a buckets não autorizados),
apoiando resposta rápida a incidentes. No pós-deploy, o monitoramento contínuo do comportamento do modelo, aliado à
detecção de anomalias, completa a defesa do pipeline, reduzindo a superfície de ataque e mitigando riscos de escalonamento de
privilégios, acessos indevidos e vazamento de dados sensíveis em ambiente de nuvem.
QUESITOS AVALIADOS
Quesito 2.1 – Falhas de configuração da segurança
Conceito 0 – Não abordou o quesito ou o fez de maneira totalmente equivocada.
Conceito 1 – Identificou apenas uma falha de configuração que compromete a confidencialidade e a descreveu de forma
superficial, incompleta, com alguma imprecisão conceitual e(ou) sem relação direta com o cenário.
Conceito 2 – Identificou duas falhas corretamente, mas as descreveu de forma incompleta, com alguma imprecisão conceitual
e(ou) sem relação direta com o cenário.
Conceito 3 – Identificou e descreveu, corretamente, duas ou mais falhas de configuração diretamente ligadas à perda de
confidencialidade no cenário descrito.
Quesito 2.2 – Medidas corretivas de segurança
Conceito 0 – Não abordou o quesito ou o fez de maneira totalmente equivocada.
Conceito 1 – Apresentou apenas uma medida de segurança relacionada ao pipeline MLOps, mas de forma superficial,
incompleta e(ou) sem relação adequada com a proteção da confidencialidade e a redução do risco de vazamento de dados em
pipelines MLOps.
Conceito 2 – Apresentou apenas uma medida correta e sua adequada relação com a proteção da confidencialidade e a redução
do risco de vazamento de dados em pipelines MLOps.
Conceito 3 – Apresentou duas medidas corretas, porém com detalhamento técnico parcialmente inconsistente, incompleto
e(ou) sem relação adequada com a proteção da confidencialidade e a redução do risco de vazamento de dados em pipelines
MLOps.
Conceito 4 – Apresentou duas ou mais medidas corretas, com detalhamento técnico consistente, demonstrando compreensão
clara de como cada controle contribui diretamente para a proteção da confidencialidade e a redução do risco de vazamento.",https://cdn.cebraspe.org.br/concursos/tcu_25_aufc/arquivos/C755AC0EC03CD62E8802C6DFF89130043E61CE191AD3673D2A017293C5CFBB6E.pdf,https://cdn.cebraspe.org.br/concursos/tcu_25_aufc/arquivos/9DE5A2A09DFA527B96AEDBB3838F7B448A59C7E4A2564F4A5778CA44B8613573.pdf,"caderno oficial, PDF p. 2","padrão definitivo oficial, PDF p. 3, 4",confirmado,,"[""ENGENHARIA DE SOFTWARE"", ""INTELIGÊNCIA ARTIFICIAL"", ""GESTÃO E GOVERNANÇA DE TI""]","[""situação-problema"", ""análise técnica""]",médio,não,sim,sim,não,não,não,não,não,não,[],"QUESITOS AVALIADOS
Quesito 2.1 – Falhas de configuração da segurança
Conceito 0 – Não abordou o quesito ou o fez de maneira totalmente equivocada.
Conceito 1 – Identificou apenas uma falha de configuração que compromete a confidencialidade e a descreveu de forma
superficial, incompleta, com alguma imprecisão conceitual e(ou) sem relação direta com o cenário.
Conceito 2 – Identificou duas falhas corretamente, mas as descreveu de forma incompleta, com alguma imprecisão conceitual
e(ou) sem relação direta com o cenário.
Conceito 3 – Identificou e descreveu, corretamente, duas ou mais falhas de configuração diretamente ligadas à perda de
confidencialidade no cenário descrito.
Quesito 2.2 – Medidas corretivas de segurança
Conceito 0 – Não abordou o quesito ou o fez de maneira totalmente equivocada.
Conceito 1 – Apresentou apenas uma medida de segurança relacionada ao pipeline MLOps, mas de forma superficial,
incompleta e(ou) sem relação adequada com a proteção da confidencialidade e a redução do risco de vazamento de dados em
pipelines MLOps.
Conceito 2 – Apresentou apenas uma medida correta e sua adequada relação com a proteção da confidencialidade e a redução
do risco de vazamento de dados em pipelines MLOps.
Conceito 3 – Apresentou duas medidas corretas, porém com detalhamento técnico parcialmente inconsistente, incompleto
e(ou) sem relação adequada com a proteção da confidencialidade e a redução do risco de vazamento de dados em pipelines
MLOps.
Conceito 4 – Apresentou duas ou mais medidas corretas, com detalhamento técnico consistente, demonstrando compreensão
clara de como cada controle contribui diretamente para a proteção da confidencialidade e a redução do risco de vazamento.","{""pontuacao_total"": ""10,00"", ""valores_explicitos_no_enunciado"": [""[valor: 4,50 pontos]"", ""[valor: 5,00 pontos]""]}"
tcu_2026_aufc_auditoria_ti_q3,tcu_2026_aufc_auditoria_ti,2026,Tribunal de Contas da União (TCU),Auditor Federal de Controle Externo – Área Controle Externo,Orientação: Auditoria de Tecnologia da Informação,questão dissertativa,20,"10,00","Questão 3 Em auditoria de um projeto que utiliza a metodologia Scrum em um órgão federal, um auditor constatou que o product owner focava integralmente a remoção de impedimentos técnicos da equipe, enquanto o scrum master assumia a priorização do backlog e a definição das regras de negócio. Além disso, a equipe declarou utilizar a engenharia de software TDD, mas os testes eram realizados apenas após a codificação completa das funcionalidades, com foco estritamente na interface. A partir da situação hipotética apresentada, redija um texto dissertativo em atendimento ao que se pede a seguir. 1 Avalie a conformidade dos papéis do product owner e do scrum master na situação com as responsabilidades previstas no Guia Scrum. [valor: 4,50 pontos] 2 Analise a pertinência da prática de TDD relatada e explique como o DDD (domain-driven design) poderia auxiliar o auditor a verificar a conformidade do software com as regras de negócio. [valor: 5,00 pontos] QUESTÃO 3 –","[""conformidade dos papéis de product owner e Scrum master"", ""pertinência de TDD e aplicação de DDD""]","Scrum, TDD e DDD em auditoria de software","[""product owner"", ""Scrum master"", ""backlog"", ""TDD"", ""DDD"", ""regras de negócio""]",Papéis Scrum invertidos e testes realizados somente após a codificação.,"[""Guia Scrum"", ""TDD"", ""DDD""]",específico,parcial,"[""ENGENHARIA DE SOFTWARE — 3 Práticas ágeis de desenvolvimento de software."", ""ENGENHARIA DE SOFTWARE — 5.2 Gerenciamento de produtos com métodos ágeis: Scrum e Kanban."", ""ENGENHARIA DE SOFTWARE — 6 Testes de software."", ""ENGENHARIA DE SOFTWARE — 6.1 Unitário, integração, funcional, aceitação, desempenho, carga, vulnerabilidade."", ""GESTÃO E GOVERNANÇA DE TI — 4 Gestão de projetos e metodologias ágeis (PMBOK 8 ª edição, SCRUM, Kanban).""]","TRIBUNAL DE CONTAS DA UNIÃO
AUDITOR FEDERAL DE CONTROLE EXTERNO – ÁREA DE CONTROLE
EXTERNO/ORIENTAÇÃO: AUDITORIA DE TECNOLOGIA DA
INFORMAÇÃO
Prova Discursiva – Questão 3
Aplicação: 22/2/2026
PADRÃO DE RESPOSTA DEFINITIVO
Na situação descrita, há uma clara desconformidade nos papéis ou nas responsabilidades/accountabilities do
framework Scrum. O product owner falha em sua missão de maximizar o valor do produto, pois sua responsabilidade central
refere-se à gestão e priorização do product backlog e à priorização de itens, e não à remoção de impedimentos técnicos. Esta
última função compete ao scrum master, que deve atuar como líder servidor, ou verdadeiro líder que serve, e facilitador do
processo. Com a inversão dessas atribuições, comprometem-se a visão de negócio e a fluidez operacional, gerando-se um risco
de execução para a administração pública.
Quanto às práticas de engenharia, a afirmação da equipe de que utiliza TDD é tecnicamente falsa ou
incompatível/inadequada. O conceito fundamental do TDD é o desenvolvimento orientado a testes (test-first), que exige a
escrita do teste antes do código funcional no ciclo red-green-refactor ou ciclo vermelho-verde-refatorar/refatoração. A
realização de testes após a codificação desvirtua a prática, tornando-a um teste de qualidade convencional. Ademais, o foco em
interface negligencia o DDD, que é essencial para um auditor verificar a aderência do sistema às regras de negócio. O DDD
foca a modelagem do domínio e a linguagem ubíqua (ou seja, o alinhamento terminológico entre especialistas de negócio e
desenvolvedores), garantindo que o software respeite com precisão os requisitos legais e as complexas normas do setor
público, assegurando a entrega de valor real.
QUESITOS AVALIADOS
Quesito 2.1 – Papéis do product owner e do scrum master
Conceito 0 – Não avaliou a conformidade dos papéis solicitados ou afirmou que eles estão de acordo com o Guia Scrum.
Conceito 1 – Identificou o erro na situação, mas não definiu corretamente as atribuições do product owner (valor e backlog) nem do scrum
master (facilitação do processo e remoção de impedimentos).
Conceito 2 – Identificou a inversão de papéis e definiu corretamente as atribuições apenas do product owner ou do scrum master.
Conceito 3 – Identificou a inversão de papéis e definiu, de forma parcialmente correta, as atribuições do product owner e do scrum master.
Conceito 4 – Identificou a inversão de papéis e definiu corretamente as atribuições do product owner e do scrum master.
Quesito 2.2 – Engenharia e valor (TDD e DDD)
Conceito 0 – Não concluiu que a prática relatada é incompatível com TDD nem explicou a importância do DDD para a auditoria, ou o fez de
forma totalmente equivocada.
Conceito 1 – Mencionou e desenvolveu, corretamente, apenas um dos seguintes aspectos: (i) desenvolvimento orientado a testes (test-first),
que exige a escrita do teste antes do código funcional no ciclo red-green-refactor; (ii) relação do DDD com a verificação da aderência do
sistema às regras de negócio e com a entrega de valor real; (iii) DDD: foco na modelagem do domínio e na linguagem ubíqua.
Conceito 2 – Mencionou e desenvolveu, corretamente, apenas dois dos aspectos citados.
Conceito 3 – Mencionou e desenvolveu, corretamente, todos os aspectos citados.",https://cdn.cebraspe.org.br/concursos/tcu_25_aufc/arquivos/C755AC0EC03CD62E8802C6DFF89130043E61CE191AD3673D2A017293C5CFBB6E.pdf,https://cdn.cebraspe.org.br/concursos/tcu_25_aufc/arquivos/9DE5A2A09DFA527B96AEDBB3838F7B448A59C7E4A2564F4A5778CA44B8613573.pdf,"caderno oficial, PDF p. 3","padrão definitivo oficial, PDF p. 5",confirmado,Scrum e testes constam diretamente; TDD e DDD não são explicitados no edital.,"[""ENGENHARIA DE SOFTWARE"", ""GESTÃO E GOVERNANÇA DE TI""]","[""situação-problema"", ""análise técnica""]",médio,sim,sim,não,sim,sim,não,não,não,não,[],"QUESITOS AVALIADOS
Quesito 2.1 – Papéis do product owner e do scrum master
Conceito 0 – Não avaliou a conformidade dos papéis solicitados ou afirmou que eles estão de acordo com o Guia Scrum.
Conceito 1 – Identificou o erro na situação, mas não definiu corretamente as atribuições do product owner (valor e backlog) nem do scrum
master (facilitação do processo e remoção de impedimentos).
Conceito 2 – Identificou a inversão de papéis e definiu corretamente as atribuições apenas do product owner ou do scrum master.
Conceito 3 – Identificou a inversão de papéis e definiu, de forma parcialmente correta, as atribuições do product owner e do scrum master.
Conceito 4 – Identificou a inversão de papéis e definiu corretamente as atribuições do product owner e do scrum master.
Quesito 2.2 – Engenharia e valor (TDD e DDD)
Conceito 0 – Não concluiu que a prática relatada é incompatível com TDD nem explicou a importância do DDD para a auditoria, ou o fez de
forma totalmente equivocada.
Conceito 1 – Mencionou e desenvolveu, corretamente, apenas um dos seguintes aspectos: (i) desenvolvimento orientado a testes (test-first),
que exige a escrita do teste antes do código funcional no ciclo red-green-refactor; (ii) relação do DDD com a verificação da aderência do
sistema às regras de negócio e com a entrega de valor real; (iii) DDD: foco na modelagem do domínio e na linguagem ubíqua.
Conceito 2 – Mencionou e desenvolveu, corretamente, apenas dois dos aspectos citados.
Conceito 3 – Mencionou e desenvolveu, corretamente, todos os aspectos citados.","{""pontuacao_total"": ""10,00"", ""valores_explicitos_no_enunciado"": [""[valor: 4,50 pontos]"", ""[valor: 5,00 pontos]""]}"
tcu_2026_aufc_auditoria_ti_peca,tcu_2026_aufc_auditoria_ti,2026,Tribunal de Contas da União (TCU),Auditor Federal de Controle Externo – Área Controle Externo,Orientação: Auditoria de Tecnologia da Informação,peça de natureza técnica — parecer,50,"30,00","Peça de Natureza Técnica Em fiscalização acerca de um processo de contratação de solução de SaaS (Software as a Service) para gestão eletrônica de documentos em determinado órgão federal, a equipe de auditoria do TCU apontou, em seu relatório preliminar, os três achados descritos a seguir. Achado 1: No estudo técnico preliminar (ETP), a escolha da solução baseou-se exclusivamente no menor preço de aquisição da licença mensal, tendo sido omitidos o cálculo do custo total de propriedade (TCO) e a comparação com soluções de software livre disponíveis no Portal do Software Público Brasileiro. Na pesquisa de preços, foram utilizados apenas orçamentos de fornecedores, desconsiderando-se contratações similares da administração pública (painel de preços). Achado 2: A minuta contratual prevê pagamento fixo mensal à contratada, independentemente do desempenho ou da disponibilidade da solução. Não foram estabelecidos acordos de nível de serviço (SLA, na sigla em inglês) nem sanções associadas à qualidade (glosas), sob a justificativa de que se trata de “produto de prateleira”. Além disso, não há cláusulas de reversibilidade de dados (lock-in) ou garantias quanto à localização do armazenamento dos dados, apesar da presença de dados pessoais sensíveis. Achado 3: Na portaria de fiscalização, foi designado um único servidor para atuar, simultaneamente, como integrante técnico e integrante administrativo da equipe de fiscalização do contrato. O servidor designado, que atuava originalmente na área de logística de transportes, alegou formalmente não possuir conhecimento técnico em TI. Considerando a situação hipotética apresentada, elabore, com fundamento na Lei n.º 14.133/2021, na Instrução Normativa SGD/ME n.º 94/2022 e na Lei Geral de Proteção de Dados Pessoais (LGPD), parecer técnico a respeito dos achados apontados pela equipe de auditoria. Ao elaborar seu texto, atenda ao que se pede a seguir. 1 Avalie a regularidade do planejamento da contratação quanto aos critérios de escolha da solução (TCO) e à formação do preço estimado. [valor: 8,00 pontos] 2 Examine a conformidade do modelo de pagamento e das garantias contratuais (níveis de serviço e proteção de dados) com as normas de contratação de TI e a LGPD. [valor: 7,50 pontos] 3 Discorra sobre o atendimento das disposições legais e normativas referentes à segregação de funções na fiscalização contratual e à qualificação técnica dos fiscais. [valor: 7,00 pontos] 4 Conclua seu parecer, sintetizando sua análise sobre a regularidade dos atos e propondo eventuais medidas corretivas a serem adotadas pelo órgão jurisdicionado. [valor: 6,00 pontos]","[""TCO e formação do preço estimado"", ""pagamento, SLA, reversibilidade e proteção de dados"", ""segregação e qualificação dos fiscais"", ""conclusão e medidas corretivas""]",Auditoria de contratação de solução SaaS,"[""ETP"", ""TCO"", ""pesquisa de preços"", ""SLA"", ""glosas"", ""lock-in"", ""dados pessoais"", ""segregação de funções""]",Três achados em contratação de SaaS para gestão documental.,"[""Lei n.º 14.133/2021"", ""IN SGD/ME n.º 94/2022"", ""LGPD"", ""SaaS""]",específico,direta,"[""GESTÃO E GOVERNANÇA DE TI — 6 Contratações de TI no setor público."", ""GESTÃO E GOVERNANÇA DE TI — 12 Lei Geral de Proteção de Dados Pessoais (LGPD – Lei nº 13.709/2018)."", ""CONTRATAÇÕES DE TI — 1 Gestão de contratação de soluções de TI."", ""CONTRATAÇÕES DE TI — 2 Legislação aplicável à contratação de bens e serviços de TI e suas alterações."", ""CONTRATAÇÕES DE TI — 2.1 Lei nº 14.133/2021."", ""CONTRATAÇÕES DE TI — 2.2 Instrução Normativa SGD/ME nº 94/2022."", ""CONTRATAÇÕES DE TI — 2.3 Instrução Normativa SEGES/ME nº 65/2021.""]","TRIBUNAL DE CONTAS DA UNIÃO
AUDITOR FEDERAL DE CONTROLE EXTERNO – ÁREA DE CONTROLE
EXTERNO/ORIENTAÇÃO: AUDITORIA DE TECNOLOGIA DA
INFORMAÇÃO
Prova Discursiva – Peça de Natureza Prática
Aplicação: 22/2/2026
PADRÃO DE RESPOSTA DEFINITIVO
Achado 1 (irregularidade). O achado revela falhas graves no planejamento. A escolha da solução de TI deve
considerar o custo total de propriedade (TCO), abrangendo todo o ciclo de vida (implantação, migração, treinamento, suporte e
descontinuidade), e não apenas o custo de aquisição, devendo haver justificativa técnica e econômica para a preterição de
soluções de software livre disponíveis ou de soluções estruturantes de governo, como o Sistema Eletrônico de Informações
(SEI) no âmbito do Processo Eletrônico Nacional (PEN), conforme diretrizes da IN SGD/ME n.º 94/2022 e do Portal do
Software Público Brasileiro. A pesquisa de preços violou o art. 23, § 1.º, da Lei n.º 14.133/2021 e a IN SEGES/ME n.º
65/2021, que estabelecem a prioridade dos parâmetros públicos (painel de preços, contratações similares nos últimos 12 meses)
sobre orçamentos de fornecedores, a fim de se evitar sobrepreço, e cuja utilização exclusiva exige justificativa de
impossibilidade.
Achado 2 (irregularidade). A modelagem de pagamento fixo sem vinculação a resultados viola a Lei n.º
14.133/2021 (art. 144) e a IN SGD/ME n.º 94/2022. É obrigatória a definição de acordos de nível de serviço (SLA) ou
Instrumentos de Medição de Resultado (IMR) com mecanismos de glosa no pagamento proporcional ou sanções pecuniárias
proporcionais à indisponibilidade ou baixa qualidade. A ausência de cláusulas de reversibilidade e portabilidade cria risco
inaceitável de aprisionamento tecnológico (vendor lock-in). Além disso, consoante a LGPD, o tratamento de dados pessoais
sensíveis exige garantias de segurança, soberania de dados e jurisdição nacional, devendo o contrato definir os papéis de
controlador e operador e assegurar a localização do armazenamento preferencialmente em território nacional, e conformidade
na transferência ou no armazenamento em nuvem.
Achado 3 (irregularidade). Houve violação ao princípio da segregação de funções (art. 5.º da Lei n.º 14.133/2021).
A IN SGD/ME n.º 94/2022 determina papéis distintos para o fiscal técnico, o fiscal administrativo e o gestor, vedando a
acumulação que comprometa o controle, especialmente entre as funções técnica e administrativa. Observa-se, ainda, erro na
nomenclatura, pois a fase de gestão exige a designação de “fiscais” e não de “integrantes”, que são próprios da fase de
planejamento. A designação de servidor sem a devida qualificação técnica viola o princípio da eficiência e o art. 117 da Lei n.º
14.133/2021, que exige gestão por competência. Diante da alegação formal de insuficiência técnica, incumbe à administração
promover a capacitação do servidor ou prover apoio especializado de terceiros.
Conclusão. Conclui-se pela irregularidade dos três achados. Deve-se recomendar ao órgão que anule ou , suspenda ou
saneie os atos viciados para: refazer o ETP (incluindo TCO) e a pesquisa de preços; ajustar a minuta contratual (inserir SLAs/
IMRs, glosas e cláusulas de saída portabilidade/LGPD e definição de controlador/operador); e designar nova equipe de
fiscalização com a devida segregação de funções e qualificação técnica e providências de capacitação. Subsidiariamente, o
TCU poderá assinar prazo para o cumprimento da lei ou comunicar o Congresso Nacional para fins de sustação do contrato.
QUESITOS AVALIADOS
Quesito 2.1 – Análise do achado 1: irregularidade no ETP e na pesquisa de preços
Conceito 0 – Não analisou o achado 1 ou indicou sua regularidade ou o fez de forma totalmente equivocada, sem atender aos
aspectos de coesão, concisão e clareza, demonstrando falta de capacidade de análise e argumentação.
Conceito 1 – Afirmou a irregularidade do achado 1, mas não a justificou corretamente.
Conceito 2 – Afirmou a irregularidade do achado 1, abordando, corretamente, apenas um dos elementos da resposta,
demonstrando capacidade superficial de análise e argumentação.
Conceito 3 – Afirmou a irregularidade do achado 1, abordando, corretamente, apenas dois dos elementos da resposta,
demonstrando capacidade mediana de análise e argumentação.
Conceito 4 – Afirmou a irregularidade do achado 1, abordando, corretamente, todos os elementos da resposta, demonstrando
adequada capacidade de análise e argumentação quanto às falhas no planejamento: 1) escolha da solução deve considerar o
custo total de propriedade (TCO), abrangendo todo o ciclo de vida, e não apenas o custo de aquisição; 2) justificativa técnica e
econômica para a preterição de soluções de software livre disponíveis ou de governo (SEI/PEN); e 3) a pesquisa de preços ter
violado o art. 23, § 1.º, da Lei n.º 14.133/2021, que estabelece a prioridade dos parâmetros públicos (painel de preços,
contratações similares) sobre orçamentos de fornecedores, a fim de se evitar sobrepreço, em conformidade com os
procedimentos de priorização de parâmetros públicos da IN SEGES/ME n.º 65/2021.
Quesito 2.2 – Análise do achado 2: irregularidade na falta de SLA e no pagamento fixo; riscos de lock-in e violação à
LGPD; segurança em nuvem
Conceito 0 – Não analisou o achado 2 ou indicou sua regularidade ou o fez de forma totalmente equivocada, sem atender aos
aspectos de coesão, concisão e clareza, demonstrando falta de capacidade de análise e argumentação.
Conceito 1 – Afirmou a irregularidade do achado 2, mas não a justificou corretamente.
Conceito 2 – Afirmou a irregularidade do achado 2, abordando, corretamente, apenas um dos elementos da resposta,
demonstrando capacidade superficial de análise e argumentação.
Conceito 3 – Afirmou a irregularidade do achado 2, abordando, corretamente, apenas dois dos elementos da resposta,
demonstrando capacidade mediana de análise e argumentação.
Conceito 4 – Afirmou a irregularidade do achado 2, abordando, corretamente, todos os elementos da resposta, demonstrando
adequada capacidade de análise e argumentação (a modelagem de pagamento fixo sem vinculação a resultados viola a Lei n.º
14.133/2021 – art. 144 –, a Súmula TCU n.º 269 e a IN SGD/ME n.º 94/2022; é obrigatória a definição de acordos de nível de
serviço – SLA/IMR – com mecanismos de glosa no pagamento proporcional à indisponibilidade ou baixa qualidade ou sanções
proporcionais; a ausência de cláusulas de reversibilidade/portabilidade cria risco inaceitável de aprisionamento tecnológico
(lock-in) e, conforme a LGPD, o tratamento de dados pessoais sensíveis exige garantias de segurança e soberania, localização e
definição de papéis (controlador/operador).
Quesito 2.3 – Análise do achado 3: violação da segregação de funções e da qualificação técnica
Conceito 0 – Não analisou o achado 3 ou indicou sua regularidade ou o fez de forma totalmente equivocada, sem atender aos
aspectos de coesão, concisão e clareza, demonstrando falta de capacidade de análise e argumentação.
Conceito 1 – Afirmou a irregularidade do achado 3, mas não a justificou corretamente.
Conceito 2 – Afirmou a irregularidade do achado 3, abordando, corretamente, apenas um dos elementos da resposta,
demonstrando capacidade superficial de análise e argumentação.
Conceito 3 – Afirmou a irregularidade do achado 3, abordando, corretamente, apenas dois dos elementos da resposta,
demonstrando capacidade mediana de análise e argumentação.
Conceito 4 – Afirmou a irregularidade do achado 3, abordando, corretamente, todos os elementos da resposta, demonstrando
adequada capacidade de análise e argumentação (há violação ao princípio da segregação de funções – art. 5.º da Lei n.º
14.133/2021 –; os papéis do fiscal técnico, do fiscal administrativo e do gestor são distintos, sendo vedada a acumulação que
comprometa o controle e identifique a impropriedade na nomenclatura dos papéis, de acordo com a IN SGD/ME n.º 94/2022; a
designação de servidor sem a devida qualificação técnica viola o princípio da eficiência e o art. 117 da Lei n.º 14.133/2021,
que exige gestão por competência, ressaltando o dever de capacitação ou apoio técnico pela administração).
Quesito 2.4 – Conclusão: síntese da análise dos achados e recomendação de saneamento ou anulação
Conceito 0 – Não concluiu o parecer ou o fez de maneira totalmente equivocada, ou o fez de forma totalmente equivocada, sem
atender aos aspectos de coesão, concisão e clareza, demonstrando falta de capacidade de análise e argumentação.
Conceito 1 – Apresentou conclusão correta quanto a apenas um dos elementos da resposta, demonstrando capacidade
superficial de análise e argumentação.
Conceito 2 – Apresentou conclusão correta quanto a apenas dois dos elementos da resposta, demonstrando capacidade mediana
de análise e argumentação.
Conceito 3 – Apresentou conclusão correta quanto a todos os elementos da resposta, demonstrando capacidade adequada de
análise e argumentação (irregularidade dos três achados; recomendação ao órgão que anule, suspenda ou saneie os atos
viciados, admitindo-se ritos processuais do TCU, como assinatura de prazo, cautelares ou comunicação ao Congresso, para:
refazer o ETP – incluindo-se TCO – e a pesquisa de preços, ajustar a minuta contratual (inserir SLAs, glosas e cláusulas de
saída portabilidade/LGPD) e designar nova equipe de fiscalização com a devida segregação de funções e capacitação).",https://cdn.cebraspe.org.br/concursos/tcu_25_aufc/arquivos/C755AC0EC03CD62E8802C6DFF89130043E61CE191AD3673D2A017293C5CFBB6E.pdf,https://cdn.cebraspe.org.br/concursos/tcu_25_aufc/arquivos/9DE5A2A09DFA527B96AEDBB3838F7B448A59C7E4A2564F4A5778CA44B8613573.pdf,"caderno oficial, PDF p. 4","padrão definitivo oficial, PDF p. 6, 7",confirmado,,"[""GESTÃO E GOVERNANÇA DE TI"", ""CONTRATAÇÕES DE TI""]","[""estudo de caso"", ""aplicação normativa"", ""peça técnica""]",misto,sim,sim,sim,sim,sim,não,não,não,sim,"[2018, 2021, 2022]","QUESITOS AVALIADOS
Quesito 2.1 – Análise do achado 1: irregularidade no ETP e na pesquisa de preços
Conceito 0 – Não analisou o achado 1 ou indicou sua regularidade ou o fez de forma totalmente equivocada, sem atender aos
aspectos de coesão, concisão e clareza, demonstrando falta de capacidade de análise e argumentação.
Conceito 1 – Afirmou a irregularidade do achado 1, mas não a justificou corretamente.
Conceito 2 – Afirmou a irregularidade do achado 1, abordando, corretamente, apenas um dos elementos da resposta,
demonstrando capacidade superficial de análise e argumentação.
Conceito 3 – Afirmou a irregularidade do achado 1, abordando, corretamente, apenas dois dos elementos da resposta,
demonstrando capacidade mediana de análise e argumentação.
Conceito 4 – Afirmou a irregularidade do achado 1, abordando, corretamente, todos os elementos da resposta, demonstrando
adequada capacidade de análise e argumentação quanto às falhas no planejamento: 1) escolha da solução deve considerar o
custo total de propriedade (TCO), abrangendo todo o ciclo de vida, e não apenas o custo de aquisição; 2) justificativa técnica e
econômica para a preterição de soluções de software livre disponíveis ou de governo (SEI/PEN); e 3) a pesquisa de preços ter
violado o art. 23, § 1.º, da Lei n.º 14.133/2021, que estabelece a prioridade dos parâmetros públicos (painel de preços,
contratações similares) sobre orçamentos de fornecedores, a fim de se evitar sobrepreço, em conformidade com os
procedimentos de priorização de parâmetros públicos da IN SEGES/ME n.º 65/2021.
Quesito 2.2 – Análise do achado 2: irregularidade na falta de SLA e no pagamento fixo; riscos de lock-in e violação à
LGPD; segurança em nuvem
Conceito 0 – Não analisou o achado 2 ou indicou sua regularidade ou o fez de forma totalmente equivocada, sem atender aos
aspectos de coesão, concisão e clareza, demonstrando falta de capacidade de análise e argumentação.
Conceito 1 – Afirmou a irregularidade do achado 2, mas não a justificou corretamente.
Conceito 2 – Afirmou a irregularidade do achado 2, abordando, corretamente, apenas um dos elementos da resposta,
demonstrando capacidade superficial de análise e argumentação.
Conceito 3 – Afirmou a irregularidade do achado 2, abordando, corretamente, apenas dois dos elementos da resposta,
demonstrando capacidade mediana de análise e argumentação.
Conceito 4 – Afirmou a irregularidade do achado 2, abordando, corretamente, todos os elementos da resposta, demonstrando
adequada capacidade de análise e argumentação (a modelagem de pagamento fixo sem vinculação a resultados viola a Lei n.º
14.133/2021 – art. 144 –, a Súmula TCU n.º 269 e a IN SGD/ME n.º 94/2022; é obrigatória a definição de acordos de nível de
serviço – SLA/IMR – com mecanismos de glosa no pagamento proporcional à indisponibilidade ou baixa qualidade ou sanções
proporcionais; a ausência de cláusulas de reversibilidade/portabilidade cria risco inaceitável de aprisionamento tecnológico
(lock-in) e, conforme a LGPD, o tratamento de dados pessoais sensíveis exige garantias de segurança e soberania, localização e
definição de papéis (controlador/operador).
Quesito 2.3 – Análise do achado 3: violação da segregação de funções e da qualificação técnica
Conceito 0 – Não analisou o achado 3 ou indicou sua regularidade ou o fez de forma totalmente equivocada, sem atender aos
aspectos de coesão, concisão e clareza, demonstrando falta de capacidade de análise e argumentação.
Conceito 1 – Afirmou a irregularidade do achado 3, mas não a justificou corretamente.
Conceito 2 – Afirmou a irregularidade do achado 3, abordando, corretamente, apenas um dos elementos da resposta,
demonstrando capacidade superficial de análise e argumentação.
Conceito 3 – Afirmou a irregularidade do achado 3, abordando, corretamente, apenas dois dos elementos da resposta,
demonstrando capacidade mediana de análise e argumentação.
Conceito 4 – Afirmou a irregularidade do achado 3, abordando, corretamente, todos os elementos da resposta, demonstrando
adequada capacidade de análise e argumentação (há violação ao princípio da segregação de funções – art. 5.º da Lei n.º
14.133/2021 –; os papéis do fiscal técnico, do fiscal administrativo e do gestor são distintos, sendo vedada a acumulação que
comprometa o controle e identifique a impropriedade na nomenclatura dos papéis, de acordo com a IN SGD/ME n.º 94/2022; a
designação de servidor sem a devida qualificação técnica viola o princípio da eficiência e o art. 117 da Lei n.º 14.133/2021,
que exige gestão por competência, ressaltando o dever de capacitação ou apoio técnico pela administração).
Quesito 2.4 – Conclusão: síntese da análise dos achados e recomendação de saneamento ou anulação
Conceito 0 – Não concluiu o parecer ou o fez de maneira totalmente equivocada, ou o fez de forma totalmente equivocada, sem
atender aos aspectos de coesão, concisão e clareza, demonstrando falta de capacidade de análise e argumentação.
Conceito 1 – Apresentou conclusão correta quanto a apenas um dos elementos da resposta, demonstrando capacidade
superficial de análise e argumentação.
Conceito 2 – Apresentou conclusão correta quanto a apenas dois dos elementos da resposta, demonstrando capacidade mediana
de análise e argumentação.
Conceito 3 – Apresentou conclusão correta quanto a todos os elementos da resposta, demonstrando capacidade adequada de
análise e argumentação (irregularidade dos três achados; recomendação ao órgão que anule, suspenda ou saneie os atos
viciados, admitindo-se ritos processuais do TCU, como assinatura de prazo, cautelares ou comunicação ao Congresso, para:
refazer o ETP – incluindo-se TCO – e a pesquisa de preços, ajustar a minuta contratual (inserir SLAs, glosas e cláusulas de
saída portabilidade/LGPD) e designar nova equipe de fiscalização com a devida segregação de funções e capacitação).","{""pontuacao_total"": ""30,00"", ""valores_explicitos_no_enunciado"": [""[valor: 8,00 pontos]"", ""[valor: 7,50 pontos]"", ""[valor: 7,00 pontos]"", ""[valor: 6,00 pontos]""]}"
sefaz_se_2025_auditor_ti_q1,sefaz_se_2025_auditor_ti,2025,Secretaria de Estado da Fazenda de Sergipe (SEFAZ/SE),Auditor Fiscal Tributário,Tecnologia da Informação — especialidade 2,questão dissertativa,20,"40,00","Questão 1 A modelagem preditiva, uma das vertentes mais estratégicas da análise de dados, permite antecipar tendências, identificar riscos e apoiar decisões com base em projeções confiáveis. Por meio de algoritmos estatísticos e de aprendizado de máquina, é possível transformar dados históricos em informações valiosas sobre o futuro. No entanto, a eficácia desse processo depende diretamente da qualidade dos dados, da escolha das variáveis e da correta validação dos modelos construídos. Considerando as informações apresentadas como unicamente motivadoras, redija um texto dissertativo acerca da modelagem preditiva como ferramenta estratégica para previsão de eventos e tomada de decisão. Ao elaborar seu texto, atenda ao que se pede a seguir. 1 Explique quatro etapas do desenvolvimento de um modelo preditivo. [valor: 14,25 pontos] 2 Apresente dois algoritmos ou técnicas utilizados em modelagem preditiva, destacando suas características e contextos de aplicação. [valor: 14,25 pontos] QUESTÃO 1 –","[""quatro etapas do desenvolvimento de modelo preditivo"", ""overfitting e underfitting"", ""métricas e validação""]",Modelagem preditiva,"[""pré-processamento"", ""seleção de variáveis"", ""treinamento"", ""validação"", ""overfitting"", ""underfitting""]",Exposição do ciclo de construção e validação de modelos.,"[""aprendizado de máquina"", ""modelagem preditiva""]",específico,direta,"[""ANÁLISE DE DADOS — 3.2 Técnicas para pré‐processamento de dados."", ""ANÁLISE DE DADOS — 3.3 Técnicas e tarefas de mineração de dados."", ""ANÁLISE DE DADOS — 3.4 Classificação."", ""ANÁLISE DE DADOS — 3.8 Modelagem preditiva."", ""INTELIGÊNCIA ARTIFICIAL — 2 Aprendizado de máquina.""]","SECRETARIA DE ESTADO DA FAZENDA (SEFAZ)
ESPECIALIDADE 2: AUDITOR FISCAL TRIBUTÁRIO
TECNOLOGIA DA INFORMAÇÃO
Prova Discursiva P4 – Questão 1
Aplicação: 28/9/2025
PADRÃO DE RESPOSTA DEFINITIVO
O processo de criação de um modelo preditivo, geralmente, envolve as seguintes etapas: i) coleta e compreensão dos
dados, etapa que consiste na identificação e na reunião de dados relevantes, bem como na avaliação de sua qualidade e
relevância para o problema; ii) preparação dos dados, que consiste em limpeza, tratamento de valores ausentes, padronização e
transformação de variáveis para melhorar a qualidade do conjunto de dados; iii) seleção de variáveis, que consiste na escolha
das variáveis (features) que melhor explicam ou influenciam o resultado a ser previsto; iv) escolha do algoritmo, que consiste
em selecionar o método ou a técnica de modelagem mais adequado ao tipo de dado e ao objetivo da previsão; v) treinamento
do modelo, que consiste em utilizar uma parte do conjunto de dados para ajustar os parâmetros do modelo; vi) validação e
teste, etapa correspondente à aplicação do modelo a dados não vistos anteriormente para medir sua capacidade de
generalização, com a utilização de métricas, como acurácia, precisão, recall, F1-score ou erro médio absoluto; vii) implantação
e monitoramento, etapa que consiste em implementar o modelo em ambiente de produção e monitorar seu desempenho ao
longo do tempo, ajustando-o quando necessário.
O(A) candidato(a) deve apresentar dois algoritmos ou técnicas entre os seguintes: i) regressão linear: técnica
estatística utilizada para prever um valor numérico contínuo com base em variáveis independentes, a exemplo da previsão do
preço de imóveis com o uso da área construída, localização e número de quartos; ii) árvores de decisão (decision trees):
estrutura hierárquica que divide os dados em ramificações baseadas em regras simples para chegar a uma previsão, a exemplo
da previsão da possibilidade de um cliente cancelar um serviço (churn) com base em seu histórico de uso, tempo de contrato e
suporte recebido; iii) redes neurais artificiais (opcional como terceira técnica): inspiradas no funcionamento do cérebro
humano, são eficazes em problemas complexos, como reconhecimento de imagens e detecção de fraudes, a exemplo da
previsão, com base na análise de padrões de comportamento, da possibilidade de uma transação bancária ser fraudulenta.
Também podem ser aceitas como respostas corretas: a Regressão Logística, técnica utilizada para previsão de resultados
categóricos (como classificação binária de eventos); o algoritmo K-Nearest Neighbors (KNN), baseado na similaridade entre
observações para prever classes ou valores; o algoritmo de classificação e regressão Support Vector Machines (SVM), que
busca encontrar o hiperplano ótimo que separa as classes no espaço de dados, maximizando a margem entre os grupos – é
muito usado em problemas de classificação binária, detecção de padrões e análise preditiva complexa (como reconhecimento
de imagens e textos); o Random Forests, que é uma técnica baseada em conjunto de múltiplas árvores de decisão (ensemble
learning), que melhora a precisão e reduz o sobreajuste (overfitting); a técnica Random Forest, um método supervisionado
baseado em múltiplas árvores de decisão (ensemble learning), utilizado para classificação e regressão, destacando-se por sua
robustez, sua capacidade de generalização e sua ampla aplicação em previsões e apoio à tomada de decisão; e o algoritmo
Naive Bayes, técnica de classificação baseada no Teorema de Bayes, amplamente empregada em modelagem preditiva
supervisionada, especialmente em problemas de categorização de textos, filtragem de spam e detecção de padrões
probabilísticos.
QUESITOS AVALIADOS
Quesito 2.1 – Explicação de quatro etapas do desenvolvimento de um modelo preditivo
Conceito 0 – Não atendeu ao solicitado ou o fez de forma totalmente equivocada.
Conceito 1 – Apenas citou etapas, sem explicá-las.
Conceito 2 – Explicou corretamente apenas uma etapa do desenvolvimento de um modelo preditivo.
Conceito 3 – Explicou corretamente apenas duas etapas do desenvolvimento de um modelo preditivo.
Conceito 4 – Explicou corretamente apenas três etapas do desenvolvimento de um modelo preditivo.
Conceito 5 – Explicou corretamente quatro ou mais etapas do desenvolvimento de um modelo preditivo.
Quesito 2.2 – Dois algoritmos ou técnicas utilizados em modelagem preditiva, suas características e seus contextos de
aplicação
Conceito 0 – Não atendeu ao solicitado ou o fez de forma totalmente equivocada.
Conceito 1 – Apresentou corretamente apenas um dos seguintes elementos: (i) citação de algoritmo ou técnica utilizada em
modelagem preditiva; (ii) suas características; (iii) seus contextos de aplicação.
Conceito 2 – Apresentou corretamente apenas dois dos elementos listados.
Conceito 3 – Apresentou os três elementos listados, de forma incompleta ou com alguma inconsistência.
Conceito 4 – Apresentou corretamente os três elementos listados.",https://cdn.cebraspe.org.br/concursos/sefaz_se_25_auditor/arquivos/BE30FFF6DADB1B68FC18E2F1EFDD7B68536C4904C66C0B7115CCF31428DFE346.pdf,https://cdn.cebraspe.org.br/concursos/sefaz_se_25_auditor/arquivos/FE4406D28028C7E7DAFB48DA595662D2CDE3F66214AB35EAF359248DB5E688F9.pdf,"caderno oficial, PDF p. 1","padrão definitivo oficial, PDF p. 1, 2",confirmado,,"[""ANÁLISE DE DADOS"", ""INTELIGÊNCIA ARTIFICIAL""]","[""conceitual"", ""análise técnica""]",médio,não,não,não,sim,sim,não,não,não,não,[],"QUESITOS AVALIADOS
Quesito 2.1 – Explicação de quatro etapas do desenvolvimento de um modelo preditivo
Conceito 0 – Não atendeu ao solicitado ou o fez de forma totalmente equivocada.
Conceito 1 – Apenas citou etapas, sem explicá-las.
Conceito 2 – Explicou corretamente apenas uma etapa do desenvolvimento de um modelo preditivo.
Conceito 3 – Explicou corretamente apenas duas etapas do desenvolvimento de um modelo preditivo.
Conceito 4 – Explicou corretamente apenas três etapas do desenvolvimento de um modelo preditivo.
Conceito 5 – Explicou corretamente quatro ou mais etapas do desenvolvimento de um modelo preditivo.
Quesito 2.2 – Dois algoritmos ou técnicas utilizados em modelagem preditiva, suas características e seus contextos de
aplicação
Conceito 0 – Não atendeu ao solicitado ou o fez de forma totalmente equivocada.
Conceito 1 – Apresentou corretamente apenas um dos seguintes elementos: (i) citação de algoritmo ou técnica utilizada em
modelagem preditiva; (ii) suas características; (iii) seus contextos de aplicação.
Conceito 2 – Apresentou corretamente apenas dois dos elementos listados.
Conceito 3 – Apresentou os três elementos listados, de forma incompleta ou com alguma inconsistência.
Conceito 4 – Apresentou corretamente os três elementos listados.","{""pontuacao_total"": ""40,00"", ""valores_explicitos_no_enunciado"": [""[valor: 14,25 pontos]"", ""[valor: 14,25 pontos]""]}"
sefaz_se_2025_auditor_ti_q2,sefaz_se_2025_auditor_ti,2025,Secretaria de Estado da Fazenda de Sergipe (SEFAZ/SE),Auditor Fiscal Tributário,Tecnologia da Informação — especialidade 2,questão dissertativa,20,"40,00","Questão 2 Considerando que um banco de dados é uma coleção sistemática de dados de qualquer tipo armazenada eletronicamente, incluindo-se palavras, números, imagens, vídeos e arquivos, redija um texto dissertativo em atendimento ao que se pede a seguir. 1 Defina OLAP [valor: 6,00 pontos], mencione dois elementos de um sistema OLAP multidimensional [valor: 4,00 pontos] e nomeie os dois esquemas de armazenamento de dados utilizados na arquitetura OLAP [valor: 4,00 pontos]. 2 Descreva o funcionamento do processo de ETL [valor: 6,00 pontos], as etapas que o compõem [valor: 4,50 pontos] e mencione duas técnicas utilizadas na etapa intermediária do ETL [valor: 4,00 pontos]. QUESTÃO 2 –","[""definição, elementos e esquemas OLAP"", ""funcionamento, etapas e técnicas de ETL""]",OLAP e ETL,"[""cubos"", ""dimensões"", ""medidas"", ""ROLAP"", ""MOLAP"", ""extração"", ""transformação"", ""carga""]",Exposição de arquitetura analítica e ingestão de dados.,"[""OLAP"", ""ETL""]",específico,parcial,"[""ENGENHARIA DE DADOS — 6 Modelagem dimensional."", ""ENGENHARIA DE DADOS — 11 Técnicas de integração e ingestão de dados (ETL/ELT, transferência de arquivos, integração via base de dados)."", ""ANÁLISE DE DADOS — 2 Modelagem dimensional aplicada à análise de dados.""]","SECRETARIA DE ESTADO DA FAZENDA (SEFAZ)
ESPECIALIDADE 2: AUDITOR FISCAL TRIBUTÁRIO
TECNOLOGIA DA INFORMAÇÃO
Prova Discursiva P4 – Questão 2
Aplicação: 28/9/2025
PADRÃO DE RESPOSTA DEFINITIVO
O processamento analítico online (OLAP) é uma ferramenta usada para analisar dados de negócios de diferentes
pontos de vista, combinando e agrupando esses dados em categorias para fornecer insights acionáveis para o planejamento
estratégico.
Um sistema OLAP multidimensional apresenta os seguintes elementos, dos quais o(a) candidato(a) deverá citar pelo
menos dois: data warehouse, ferramentas de ETL, servidor OLAP, banco de dados OLAP, cubos OLAP e ferramentas
analíticas OLAP.
A modelagem de dados no OLAP armazena os dados multidimensionais em dois tipos de esquema: estrela e floco de
neve.
Extração, transformação e carregamento (ETL) correspondem ao processo de combinação de dados de várias fontes
em um grande repositório central, chamado de data warehouse. O processo de ETL usa um conjunto de regras de negócios
para limpar e organizar dados brutos e prepará-los para armazenamento, data analytics e machine learning (ML).
O processo de ETL funciona em três etapas: (i) extração dos dados relevantes do banco de dados de origem;
(ii) transformação dos dados para que sejam mais adequados a análises; (iii) carregamento dos dados no banco de dados de
destino.
A etapa intermediária do ETL é a etapa de transformação de dados, que pode envolver as seguintes técnicas de
alterações de dados, das quais o candidato deverá citar pelo menos duas: limpeza de dados, eliminação de duplicação de dados,
revisão de formato de dados, derivação, junção, separação, resumo e encriptação.
QUESITOS AVALIADOS
Quesito 2.1 – Definição de OLAP
Conceito 0 – Não definiu OLAP ou o fez de forma totalmente equivocada.
Conceito 1 – Definiu OLAP de forma parcialmente correta ou de forma incompleta.
Conceito 2 – Definiu OLAP corretamente.
Quesito 2.2 – Dois elementos de um sistema OLAP multidimensional
Conceito 0 – Não citou corretamente nenhum elemento de um sistema OLAP multidimensional.
Conceito 1 – Citou corretamente apenas um elemento de um sistema OLAP multidimensional.
Conceito 2 – Citou corretamente dois elementos de um sistema OLAP multidimensional.
Quesito 2.3 – Esquemas de armazenamento na arquitetura OLAP
Conceito 0 – Não citou corretamente nenhum esquema de armazenamento de dados no OLAP.
Conceito 1 – Citou corretamente apenas um esquema de armazenamento de dados no OLAP.
Conceito 2 – Citou corretamente dois esquemas de armazenamento de dados no OLAP.
Quesito 2.4 – Funcionamento da arquitetura ETL
Conceito 0 – Não descreveu o funcionamento do processo de ETL ou o fez de forma totalmente equivocada.
Conceito 1 – Descreveu o funcionamento do processo de ETL de forma parcialmente correta ou de forma incompleta.
Conceito 2 – Descreveu corretamente o funcionamento do processo de ETL.
Quesito 2.5 – Etapas que compõem o ETL
Conceito 0 – Não citou nenhuma etapa do ETL ou o fez de forma totalmente equivocada.
Conceito 1 – Citou corretamente apenas uma etapa do ETL.
Conceito 2 – Citou corretamente apenas duas etapas do ETL.
Conceito 3 – Citou corretamente as três etapas do ETL.
Quesito 2.6 – Duas técnicas utilizadas na etapa intermediária do ETL
Conceito 0 – Não citou nenhuma técnica utilizada na etapa intermediária do ETL ou o fez de forma totalmente equivocada.
Conceito 1 – Citou corretamente apenas uma técnica utilizada na etapa intermediária do ETL.
Conceito 2 – Citou corretamente duas técnicas utilizadas na etapa intermediária do ETL.",https://cdn.cebraspe.org.br/concursos/sefaz_se_25_auditor/arquivos/743034B9704C1FAC38BD9AFEECFBBF39B97371CCEAA4D281022A5BB5715DC2E2.pdf,https://cdn.cebraspe.org.br/concursos/sefaz_se_25_auditor/arquivos/F912C3E904255E26D7AF109A8D45AE21AC8BDD15C90AC8277791BAAB60F4281E.pdf,"caderno oficial, PDF p. 1","padrão definitivo oficial, PDF p. 1, 2",confirmado,ETL e modelagem dimensional constam diretamente; OLAP e seus esquemas de armazenamento não são explicitados.,"[""ENGENHARIA DE DADOS"", ""ANÁLISE DE DADOS""]","[""conceitual""]",médio,não,não,não,não,sim,não,não,não,não,[],"QUESITOS AVALIADOS
Quesito 2.1 – Definição de OLAP
Conceito 0 – Não definiu OLAP ou o fez de forma totalmente equivocada.
Conceito 1 – Definiu OLAP de forma parcialmente correta ou de forma incompleta.
Conceito 2 – Definiu OLAP corretamente.
Quesito 2.2 – Dois elementos de um sistema OLAP multidimensional
Conceito 0 – Não citou corretamente nenhum elemento de um sistema OLAP multidimensional.
Conceito 1 – Citou corretamente apenas um elemento de um sistema OLAP multidimensional.
Conceito 2 – Citou corretamente dois elementos de um sistema OLAP multidimensional.
Quesito 2.3 – Esquemas de armazenamento na arquitetura OLAP
Conceito 0 – Não citou corretamente nenhum esquema de armazenamento de dados no OLAP.
Conceito 1 – Citou corretamente apenas um esquema de armazenamento de dados no OLAP.
Conceito 2 – Citou corretamente dois esquemas de armazenamento de dados no OLAP.
Quesito 2.4 – Funcionamento da arquitetura ETL
Conceito 0 – Não descreveu o funcionamento do processo de ETL ou o fez de forma totalmente equivocada.
Conceito 1 – Descreveu o funcionamento do processo de ETL de forma parcialmente correta ou de forma incompleta.
Conceito 2 – Descreveu corretamente o funcionamento do processo de ETL.
Quesito 2.5 – Etapas que compõem o ETL
Conceito 0 – Não citou nenhuma etapa do ETL ou o fez de forma totalmente equivocada.
Conceito 1 – Citou corretamente apenas uma etapa do ETL.
Conceito 2 – Citou corretamente apenas duas etapas do ETL.
Conceito 3 – Citou corretamente as três etapas do ETL.
Quesito 2.6 – Duas técnicas utilizadas na etapa intermediária do ETL
Conceito 0 – Não citou nenhuma técnica utilizada na etapa intermediária do ETL ou o fez de forma totalmente equivocada.
Conceito 1 – Citou corretamente apenas uma técnica utilizada na etapa intermediária do ETL.
Conceito 2 – Citou corretamente duas técnicas utilizadas na etapa intermediária do ETL.","{""pontuacao_total"": ""40,00"", ""valores_explicitos_no_enunciado"": [""[valor: 6,00 pontos]"", ""[valor: 4,00 pontos]"", ""[valor: 4,00 pontos]"", ""[valor: 6,00 pontos]"", ""[valor: 4,50 pontos]"", ""[valor: 4,00 pontos]""]}"
sefa_pr_2026_agente_ti_q1,sefa_pr_2026_agente_ti,2026,Secretaria de Estado da Fazenda do Paraná (SEFA/PR),Agente Fazendário Estadual,Profissional de Tecnologia da Informação — cargo 6,questão dissertativa,30,"15,00","A administração pública contemporânea enfrenta o desafio de integrar ferramentas tradicionais de planejamento à nova realidade da transformação digital. Nesse contexto, uma gestão orientada por resultados exige que o planejamento estratégico deixe de ser um documento estático e torne-se um processo dinâmico, de modo a operacionalizar a accountability e institucionalizar a inovação como pilares da geração de valor público. Considerando que o texto anterior tem caráter unicamente motivador, redija um texto dissertativo em atendimento ao que se pede a seguir. 1 Descreva a aplicação da análise SWOT como ferramenta de diagnóstico para identificação de capacidades internas e desafios externos na implementação de estratégias de GovTech. [valor: 5,25 pontos] 2 Correlacione a governança digital e o princípio da accountability, destacando o papel da transparência de dados para o controle social. [valor: 5,00 pontos] 3 Discorra sobre o impacto do design thinking na fase de planejamento para a construção de soluções que gerem valor público. [valor: 4,00 pontos]","[""SWOT em estratégias GovTech"", ""governança digital, accountability e transparência"", ""design thinking e valor público""]",Planejamento e transformação digital no setor público,"[""SWOT"", ""GovTech"", ""governança digital"", ""accountability"", ""design thinking"", ""valor público""]",Integração de planejamento estratégico e inovação pública.,"[""SWOT"", ""GovTech"", ""design thinking""]",geral,apenas relacionada,"[""ENGENHARIA DE SOFTWARE — 4.1 Requisitos e experiência do usuário."", ""ENGENHARIA DE SOFTWARE — 4.5 Projeto centrado no usuário de software."", ""GESTÃO E GOVERNANÇA DE TI — 5 Planejamento estratégico de TI (PETI, PDTI)."", ""GESTÃO E GOVERNANÇA DE TI — 9 Planejamento e gestão estratégicos de TI: PETI, PDTI e Indicadores de desempenho (KPIs, BSC).""]","SECRETARIA DE ESTADO DA FAZENDA – SEFA/PR
AGENTE FAZENDÁRIO ESTADUAL
CARGOS: 1 A 6
Prova Discursiva
Aplicação: 22/2/2026
PADRÃO DE RESPOSTA DEFINITIVO
A administração pública contemporânea exige um planejamento estratégico dinâmico, que transcenda formalidades
burocráticas para gerar impacto real. Nesse contexto, a aplicação da análise SWOT consolida-se como ferramenta essencial de
diagnóstico para estratégias de GovTech permite uma avaliação estruturada para a tomada de decisão. No âmbito interno, permite
identificar forças, como a existência de bases de dados robustas e integradas, a infraestrutura tecnológica passível de integração
e o conhecimento técnico dos servidores sobre processos regulatórios e fraquezas, como o déficit de competências digitais
decorrente da carência de servidores qualificados. Externamente, auxilia no mapeamento de oportunidades, a exemplo de
parcerias com ecossistemas de inovação, e de ameaças, que são obstáculos do ambiente, como os riscos crescentes relacionadasos
à cibersegurança e, à rápida obsolescência tecnológica e às barreiras de exclusão digital, fundamentando decisões baseadas em
evidências.
A integração entre a governança digital e a accountability é dinamizada pelo uso estratégico da tecnologia. A governança
digital, ao promover a integração e a transparência ativa, fortalece a accountability em suas dimensões informacional e de
responsabilidade. O papel dos dados abertos, ao permitir o livre acesso à informação, é central nesse processo, pois empodera o
cidadão para o exercício do controle social. Assim, a transparência deixa de ser um fim em si mesma para tornar-se um
mecanismo de vigilância constante sobre a eficiência e a ética na aplicação dos recursos públicos.
Por fim, a transição para uma gestão orientada por resultados é viabilizada pelo impacto do design thinking na fase de
planejamento, permitindo contribuir com a definição da estratégia e geração de valor. Ao priorizar a empatia, a colaboração, a
experimentação e a prototipagem, o design thinking assegura que a construção de soluções digitais seja centrada nas necessidades
reais do usuário. Essa abordagem mitiga o risco de entregas ineficazes e potencializa a geração de valor público, o que permite
que a inovação tecnológica se traduza em serviços mais acessíveis, céleres e efetivos para a sociedade.
QUESITOS AVALIADOS
Quesito 2.1 – Análise SWOT e estratégias GovTech
Conceito 0 – Não abordou a matriz SWOT ou o fez de maneira totalmente equivocada.
Conceito 1 – Abordou a matriz SWOT de forma genérica, sem aplicá-la ao contexto de GovTech ou transformação digital.
Conceito 2 – Identificou e descreveu, de maneira parcialmente correta, os quadrantes da matriz SWOT (forças, fraquezas,
oportunidades e ameaças) no que se refere às forças e às ameaças, mas sem relacioná-los com a realidade da gestão pública
digital.
Conceito 3 – Identificou e descreveu, corretamente, os quadrantes da matriz SWOT (forças e ameaças), porém não os relacionou
com a realidade da gestão pública digital.
Conceito 4 – Identificou e descreveu, corretamente, os quadrantes da matriz SWOT (forças e ameaças) e os relacionou
adequadamente com a realidade da gestão pública digital.
Quesito 2.2 – Governança digital, accountability e controle social
Conceito 0 – Não tratou de governança digital nem de accountability, ou o fez de maneira totalmente equivocada.
Conceito 1 – Abordou, corretamente, apenas um dos seguintes aspectos: (i) relação entre governança digital e transparência; (ii)
conceito de accountability; (iii) papel dos dados abertos na prestação de contas; (iv) controle social.
Conceito 2 – Abordou, corretamente, apenas dois dos aspectos citados.
Conceito 3 – Abordou, corretamente, apenas três dos aspectos citados.
Conceito 4 – Abordou, corretamente, todos os aspectos citados.
Quesito 2.3 – Design thinking e valor público
Conceito 0 – Não tratou do design thinking nem da geração de valor público, ou o fez de maneira totalmente equivocada.
Conceito 1 – Mencionou, de forma genérica, o design thinking e(ou) a inovação e a agilidade na gestão pública, sem
desenvolvimento.
Conceito 2 – Discorreu, de forma parcialmente adequada, sobre o design thinking e seu impacto na geração de valor público,
sem detalhar seus pilares a mentalidade necessária para resolver problemas complexos (como empatia, colaboração,
experimentação e prototipagem).
Conceito 3 – Explicou, adequadamente, como o design thinking coloca o usuário no centro do planejamento, indicando seus
pilares e seus valores e a geração de valor público pela eficácia na solução de problemas.",https://cdn.cebraspe.org.br/concursos/sefa_pr_25/arquivos/C755AC0EC03CD62E8802C6DFF89130043E61CE191AD3673D2A017293C5CFBB6E.pdf,https://cdn.cebraspe.org.br/concursos/sefa_pr_25/arquivos/9DE5A2A09DFA527B96AEDBB3838F7B448A59C7E4A2564F4A5778CA44B8613573.pdf,"caderno oficial, PDF p. 1","padrão definitivo oficial, PDF p. 1, 2",confirmado,"Os conceitos específicos SWOT, GovTech e design thinking não são itens expressos; há relação com planejamento e projeto centrado no usuário.","[""ENGENHARIA DE SOFTWARE"", ""GESTÃO E GOVERNANÇA DE TI""]","[""conceitual"", ""análise técnica""]",médio,não,sim,não,não,sim,não,não,não,não,[],"QUESITOS AVALIADOS
Quesito 2.1 – Análise SWOT e estratégias GovTech
Conceito 0 – Não abordou a matriz SWOT ou o fez de maneira totalmente equivocada.
Conceito 1 – Abordou a matriz SWOT de forma genérica, sem aplicá-la ao contexto de GovTech ou transformação digital.
Conceito 2 – Identificou e descreveu, de maneira parcialmente correta, os quadrantes da matriz SWOT (forças, fraquezas,
oportunidades e ameaças) no que se refere às forças e às ameaças, mas sem relacioná-los com a realidade da gestão pública
digital.
Conceito 3 – Identificou e descreveu, corretamente, os quadrantes da matriz SWOT (forças e ameaças), porém não os relacionou
com a realidade da gestão pública digital.
Conceito 4 – Identificou e descreveu, corretamente, os quadrantes da matriz SWOT (forças e ameaças) e os relacionou
adequadamente com a realidade da gestão pública digital.
Quesito 2.2 – Governança digital, accountability e controle social
Conceito 0 – Não tratou de governança digital nem de accountability, ou o fez de maneira totalmente equivocada.
Conceito 1 – Abordou, corretamente, apenas um dos seguintes aspectos: (i) relação entre governança digital e transparência; (ii)
conceito de accountability; (iii) papel dos dados abertos na prestação de contas; (iv) controle social.
Conceito 2 – Abordou, corretamente, apenas dois dos aspectos citados.
Conceito 3 – Abordou, corretamente, apenas três dos aspectos citados.
Conceito 4 – Abordou, corretamente, todos os aspectos citados.
Quesito 2.3 – Design thinking e valor público
Conceito 0 – Não tratou do design thinking nem da geração de valor público, ou o fez de maneira totalmente equivocada.
Conceito 1 – Mencionou, de forma genérica, o design thinking e(ou) a inovação e a agilidade na gestão pública, sem
desenvolvimento.
Conceito 2 – Discorreu, de forma parcialmente adequada, sobre o design thinking e seu impacto na geração de valor público,
sem detalhar seus pilares a mentalidade necessária para resolver problemas complexos (como empatia, colaboração,
experimentação e prototipagem).
Conceito 3 – Explicou, adequadamente, como o design thinking coloca o usuário no centro do planejamento, indicando seus
pilares e seus valores e a geração de valor público pela eficácia na solução de problemas.","{""pontuacao_total"": ""15,00"", ""valores_explicitos_no_enunciado"": [""[valor: 5,25 pontos]"", ""[valor: 5,00 pontos]"", ""[valor: 4,00 pontos]""]}"
sefaz_ce_2021_auditor_ti_q1,sefaz_ce_2021_auditor_ti,2021,Secretaria da Fazenda do Estado do Ceará (SEFAZ/CE),Auditor Fiscal,Tecnologia da Informação da Receita Estadual — cargo 4,questão dissertativa,20,"2,50","QUESTÃO 1 A biblioteca de software Apache Hadoop é uma estrutura que permite o processamento distribuído de grandes conjuntos de dados em clusters de computadores por meio de modelos de programação simples. Ela foi projetada para detectar e tratar falhas na camada de aplicativo, oferecendo um serviço altamente disponível em cima de um cluster de computadores, cada um dos quais sujeito a falhas. Internet: <http://hadoop.apache.org> (com adaptações). Considerando os vários módulos que formam o ecossistema Hadoop, redija um texto dissertativo que apresente a definição e o objetivo de cada um dos seguintes módulos: 1 Hadoop Ozone, incluindo uma breve explicação sobre os buckets; [valor: 0,60 ponto] 2 Hadoop Distributed File System (HDFS), incluindo a função do NameNode; [valor: 0,60 ponto] 3 Hadoop YARN; [valor: 0,60 ponto] 4 Hadoop MapReduce. [valor: 0,60 ponto] QUESTÃO 1 –","[""definição e funcionamento do Hadoop"", ""dois componentes do ecossistema""]",Apache Hadoop e processamento distribuído,"[""HDFS"", ""MapReduce"", ""YARN"", ""cluster"", ""tolerância a falhas""]",Exposição técnica sobre ecossistema de big data.,"[""Apache Hadoop""]",específico,parcial,"[""ENGENHARIA DE DADOS — 1.5 Ingestão e armazenamento de grande quantidade de dados (big data).""]","CONCURSO PÚBLICO
SECRETARIA DA FAZENDA DO ESTADO DO CEARÁ (SEFAZ/CE)
CARGO 4: AUDITOR FISCAL DE TECNOLOGIA DA INFORMAÇÃO DA RECEITA ESTADUAL
PROVA DISCURSIVA – QUESTÃO 1
APLICAÇÃO: 15/8/2021
PADRÃO DE RESPOSTA DEFINITIVO
Hadoop Ozone é um gerenciador de armazenamento de objetos (object store) escalonável, redundante e distribuído para
Hadoop, em que buckets são semelhantes a diretórios.
O Hadoop Distributed File System (HDFS) é um sistema de arquivos distribuído tolerante a falhas projetado para ser
executado em hardware comum. O HDFS fornece alta disponibilidade, robustez, confiabilidade além de ser altamente escalável.
O HDFS fornece acesso de alto rendimento aos dados do aplicativo e é adequado para aplicativos que possuem grandes conjuntos
de dados. O NameNode executa operações do sistema de arquivos, como abrir, fechar e renomear arquivos e diretórios. Os
DataNodes são responsáveis por atender às solicitações de leitura e gravação dos clientes do sistema de arquivos.
O YARN é um gerenciador de agendamento de tarefas e de recursos de cluster. Tem o objetivo de separar as
funcionalidades de gerenciamento de recursos e agendamento das de monitoramento de tarefas, colocando-as em gerenciadores
(daemons) separados.
O Hadoop MapReduce é um modelo de programação de código-fonte aberto para computação distribuída. A função
Map mapeia dados para conjuntos de pares de chave/valor chamados de resultados intermediários. A função Reduce combina os
resultados intermediários, aplica algoritmos adicionais e produz o resultado final. Um trabalho MapReduce geralmente divide o
conjunto de dados de entrada em blocos independentes, que são processados pelas tarefas de mapa de uma maneira
completamente paralela. A estrutura classifica as saídas dos mapas, que são, então, inseridas nas tarefas de redução.
QUESITOS AVALIADOS
Quesito 2.1
0 – Não abordou os aspectos solicitados.
1 – Abordou corretamente apenas um dos aspectos solicitados (definição do Ozone, ou objetivo do Ozone, ou buckets).
2 – Abordou corretamente apenas dois dos aspectos solicitados (definição do Ozone e(ou) objetivo do Ozone e(ou) buckets).
3 – Definiu corretamente o Ozone, apresentou seu objetivo e explicou sobre os buckets.
* O quesito 2.1 foi anulado e a pontuação correspondente a esse quesito foi atribuída a todos os candidatos, exceto no caso de
texto em branco.
Quesito 2.2
0 – Não abordou os aspectos solicitados.
1 – Abordou corretamente apenas um dos aspectos solicitados (definição do HDFS, ou objetivo do HDFS, ou função do
NameNode e/ou do DataNodes).
2 – Abordou corretamente apenas dois dos aspectos solicitados (definição do HDFS, ou objetivo do HDFS, ou função do
NameNode ou do DataNodes).
3 – Definiu corretamente o HDFS, apresentou seu objetivo e explicou a função do NameNode e do DataNodes.
Quesito 2.3
0 – Não abordou os aspectos solicitados.
1 – Abordou corretamente apenas a definição ou o objetivo do YARN.
2 – Definiu corretamente o YARN e apresentou o seu objetivo.
Quesito 2.4
0 – Não abordou os aspectos solicitados.
1 – Abordou corretamente apenas a definição ou o objetivo do MapReduce.
2 – Definiu corretamente o MapReduce e apresentou o seu objetivo.
** O Quesito 2.4 foi anulado e a pontuação correspondente a esse quesito foi atribuída a todos os candidatos, exceto no caso de
texto em branco.",https://cdn.cebraspe.org.br/concursos/sefaz_ce_21/arquivos/598_SEFAZ_004_DISC.PDF,https://cdn.cebraspe.org.br/concursos/sefaz_ce_21/arquivos/SEFAZ_CE_21_PADRO_DE_RESPOSTA_DEFINITIVO_CARGO_4_COMPLETO.PDF,"caderno oficial, PDF p. 1","padrão definitivo oficial, PDF p. 1",confirmado,"O edital prevê ingestão e armazenamento de big data, mas não explicita Hadoop.","[""ENGENHARIA DE DADOS""]","[""conceitual""]",médio,não,não,não,não,sim,não,não,não,não,[],"QUESITOS AVALIADOS
Quesito 2.1
0 – Não abordou os aspectos solicitados.
1 – Abordou corretamente apenas um dos aspectos solicitados (definição do Ozone, ou objetivo do Ozone, ou buckets).
2 – Abordou corretamente apenas dois dos aspectos solicitados (definição do Ozone e(ou) objetivo do Ozone e(ou) buckets).
3 – Definiu corretamente o Ozone, apresentou seu objetivo e explicou sobre os buckets.
* O quesito 2.1 foi anulado e a pontuação correspondente a esse quesito foi atribuída a todos os candidatos, exceto no caso de
texto em branco.
Quesito 2.2
0 – Não abordou os aspectos solicitados.
1 – Abordou corretamente apenas um dos aspectos solicitados (definição do HDFS, ou objetivo do HDFS, ou função do
NameNode e/ou do DataNodes).
2 – Abordou corretamente apenas dois dos aspectos solicitados (definição do HDFS, ou objetivo do HDFS, ou função do
NameNode ou do DataNodes).
3 – Definiu corretamente o HDFS, apresentou seu objetivo e explicou a função do NameNode e do DataNodes.
Quesito 2.3
0 – Não abordou os aspectos solicitados.
1 – Abordou corretamente apenas a definição ou o objetivo do YARN.
2 – Definiu corretamente o YARN e apresentou o seu objetivo.
Quesito 2.4
0 – Não abordou os aspectos solicitados.
1 – Abordou corretamente apenas a definição ou o objetivo do MapReduce.
2 – Definiu corretamente o MapReduce e apresentou o seu objetivo.
** O Quesito 2.4 foi anulado e a pontuação correspondente a esse quesito foi atribuída a todos os candidatos, exceto no caso de
texto em branco.","{""pontuacao_total"": ""2,50"", ""valores_explicitos_no_enunciado"": [""[valor: 0,60 ponto]"", ""[valor: 0,60 ponto]"", ""[valor: 0,60 ponto]"", ""[valor: 0,60 ponto]""]}"
sefaz_ce_2021_auditor_ti_q2,sefaz_ce_2021_auditor_ti,2021,Secretaria da Fazenda do Estado do Ceará (SEFAZ/CE),Auditor Fiscal,Tecnologia da Informação da Receita Estadual — cargo 4,questão dissertativa,20,"2,50","QUESTÃO 2 A tecnologia de deep learning é uma subárea de machine learning que permite o processamento de enormes quantidades de dados para encontrar relacionamentos e padrões que os seres humanos são, muitas vezes, incapazes de detectar. A respeito desse assunto, redija um texto atendendo ao que se pede a seguir. 1 Descreva dois tipos de redes neurais. [valor: 1,00 ponto] 2 Descreva duas etapas do processamento de linguagem natural (PLN). [valor: 1,00 ponto] 3 Detalhe o funcionamento da retropropagação, citando dois componentes da ativação. [valor: 0,40 ponto] QUESTÃO 2 –","[""dois tipos de redes neurais"", ""duas etapas de PLN"", ""retropropagação e componentes de ativação""]",Deep learning e processamento de linguagem natural,"[""redes neurais"", ""PLN"", ""retropropagação"", ""função de ativação""]",Exposição de arquiteturas e treinamento de redes neurais.,"[""deep learning"", ""machine learning"", ""PLN""]",específico,direta,"[""INTELIGÊNCIA ARTIFICIAL — 2 Aprendizado de máquina."", ""INTELIGÊNCIA ARTIFICIAL — 4 Redes Neurais e Deep Learning. Arquiteturas de redes neurais, Frameworks, técnicas de treinamento e aplicações."", ""INTELIGÊNCIA ARTIFICIAL — 5 Processamento de linguagem natural. Modelos, pré‐processamento, agentes inteligentes e sistemas multiagentes.""]","CONCURSO PÚBLICO
SECRETARIA DA FAZENDA DO ESTADO DO CEARÁ (SEFAZ/CE)
CARGO 4: AUDITOR FISCAL DE TECNOLOGIA DA INFORMAÇÃO DA RECEITA ESTADUAL
PROVA DISCURSIVA – QUESTÃO 2
APLICAÇÃO: 15/8/2021
PADRÃO DE RESPOSTA DEFINITIVO
1 Tipos de redes neurais
 Redes neurais recorrentes
Trata-se de redes com loops, que permitem que as informações persistam. As redes recorrentes são um tipo de rede
neural artificial projetada para reconhecer padrões em sequências de dados, como texto, genomas, caligrafia, palavra
falada ou dados de séries numéricas que emanam de sensores, bolsas de valores e agências governamentais. Esses
algoritmos consideram tempo e sequência; têm uma dimensão temporal.
 Redes neurais convolucionais
Uma rede neural convolucional (ConvNet ou CNN, do inglês convolutional neural network) é um algoritmo de
aprendizado profundo que pode captar uma imagem de entrada, atribuir importância (pesos e vieses que podem ser
aprendidos) a vários aspectos / objetos da imagem e diferenciar um do outro. O pré-processamento exigido em uma
ConvNet é muito menor em comparação com outros algoritmos de classificação. Nos métodos primitivos, os filtros são
feitos à mão, com treinamento suficiente, ao passo que as ConvNets têm a capacidade de aprender esses filtros / essas
características.
 Redes adversárias generativas
Redes adversárias generativas (GANs, do inglês generative adversarial network) são arquiteturas de redes neurais
profundas compostas por duas redes colocadas uma contra a outra (daí o nome “adversárias”). O potencial das GANs é
enorme, porque elas podem aprender a imitar qualquer distribuição de dados; ou seja, as GANs podem ser ensinadas a
criar mundos estranhamente semelhantes aos nossos em qualquer domínio: imagens, música, fala, prosa. Elas são
artistas robóticos, em certo sentido, e sua produção é impressionante.
2 Etapas do processamento de linguagem natural (PLN)
 Etapa número 1: limpeza e pré-processamento do texto
Essa etapa envolve o uso de técnicas como tokenização, estemização e lematização para analisar o texto.
 Etapa número 2: compreensão e geração de linguagem
Trata-se da parte mais intensa do processo, que muitas vezes usa algoritmos de deep learning. Uma vez que o texto
tenha sido colocado em um formato que os computadores conseguem processar, o sistema de NLP deve, então,
compreender o significado geral.
3 Funcionamento da retropropagação e componentes da ativação
 A retropropagação consiste em ajustar a rede neural quando erros são encontrados e, em seguida, iterar os novos valores
na rede novamente. Essencialmente, o processo envolve pequenas mudanças que continuam otimizando o modelo.
 A ativação é composta pelos pesos, entradas e funções.
QUESITOS AVALIADOS
2.1
0 - Não citou/descreveu corretamente nenhum tipo de rede neural.
1 - Citou corretamente apenas 1 tipo de rede neural, mas o descreveu de forma incorreta.
2 - Citou e descreveu corretamente apenas 1 tipo de rede neural.
3 - Citou corretamente 2 tipos de redes neurais, mas descreveu corretamente apenas 1 dos tipos.
4 - Citou e descreveu corretamente 2 tipos de redes neurais.
2.2
0 - Não descreveu corretamente nenhuma etapa.
1 - Descreveu apenas 1 etapa, mas o fez de forma incompleta.
2 - Descreveu apenas 1 etapa, de forma completa.
3 - Descreveu 1 etapa de forma completa e 1 etapa de forma incompleta.
4 - Descreveu as 2 etapas, de forma completa.
2.3
0 - Não descreveu corretamente o funcionamento da retropropagação nem citou corretamente nenhum componente.
1 - Não descreveu corretamente o funcionamento da retropropagação, mas citou corretamente 1 ou 2 componentes.
2 - Descreveu corretamente o funcionamento da retropropagação, mas não citou nenhum componente.
3 - Descreveu corretamente o funcionamento da retropropagação, mas citou apenas 1 componente.
4 - Descreveu corretamente o funcionamento da retropropagação e citou 2 componentes.",https://cdn.cebraspe.org.br/concursos/sefaz_ce_21/arquivos/598_SEFAZ_004_DISC.PDF,https://cdn.cebraspe.org.br/concursos/sefaz_ce_21/arquivos/SEFAZ_CE_21_PADRO_DE_RESPOSTA_DEFINITIVO_CARGO_4_COMPLETO.PDF,"caderno oficial, PDF p. 2","padrão definitivo oficial, PDF p. 2, 3",confirmado,,"[""INTELIGÊNCIA ARTIFICIAL""]","[""conceitual"", ""análise técnica""]",médio,não,não,não,não,sim,não,não,não,não,[],"QUESITOS AVALIADOS
2.1
0 - Não citou/descreveu corretamente nenhum tipo de rede neural.
1 - Citou corretamente apenas 1 tipo de rede neural, mas o descreveu de forma incorreta.
2 - Citou e descreveu corretamente apenas 1 tipo de rede neural.
3 - Citou corretamente 2 tipos de redes neurais, mas descreveu corretamente apenas 1 dos tipos.
4 - Citou e descreveu corretamente 2 tipos de redes neurais.
2.2
0 - Não descreveu corretamente nenhuma etapa.
1 - Descreveu apenas 1 etapa, mas o fez de forma incompleta.
2 - Descreveu apenas 1 etapa, de forma completa.
3 - Descreveu 1 etapa de forma completa e 1 etapa de forma incompleta.
4 - Descreveu as 2 etapas, de forma completa.
2.3
0 - Não descreveu corretamente o funcionamento da retropropagação nem citou corretamente nenhum componente.
1 - Não descreveu corretamente o funcionamento da retropropagação, mas citou corretamente 1 ou 2 componentes.
2 - Descreveu corretamente o funcionamento da retropropagação, mas não citou nenhum componente.
3 - Descreveu corretamente o funcionamento da retropropagação, mas citou apenas 1 componente.
4 - Descreveu corretamente o funcionamento da retropropagação e citou 2 componentes.","{""pontuacao_total"": ""2,50"", ""valores_explicitos_no_enunciado"": [""[valor: 1,00 ponto]"", ""[valor: 1,00 ponto]"", ""[valor: 0,40 ponto]""]}"
sefaz_ce_2021_auditor_ti_estudo,sefaz_ce_2021_auditor_ti,2021,Secretaria da Fazenda do Estado do Ceará (SEFAZ/CE),Auditor Fiscal,Tecnologia da Informação da Receita Estadual — cargo 4,estudo de caso,45,"5,00","ESTUDO DE CASO Uma empresa terceirizada foi contratada para avaliar a situação atual do desenvolvimento e da gestão ágil de projetos e demandas em determinada organização que tem o objetivo de atingir o grau mais elevado de maturidade em ciclos de vida ágil de desenvolvimento, com base no Scrum 2020, na XP e no PMBOK 6, bem como possuir uma governança de tecnologia da informação (TI) alinhada às boas práticas do COBIT 2019. No relatório final elaborado pela empresa contratada, constaram os achados e as proposições a seguir. Avaliação com base no PMBOK 6  Achado I – Os projetos são iniciados sem a elicitação dos requisitos do projeto e da solução. Proposição de melhoria: A especificação de todos os requisitos do projeto deve ser obtida no início do projeto. Logo após, deve ser realizado o planejamento detalhado de todas as entregas necessárias antes do início do desenvolvimento.  Achado II – Os cronogramas são falhos e devem ser revistos sempre que mudam os requisitos. Proposição de melhoria: Não é necessário elaborar cronogramas ou quaisquer controles de entrega, pois, em ciclos iterativos, não há como mensurar prazos de entrega. Avaliação com base no Scrum 2020  Achado III – As perguntas “Por que a sprint é valiosa?” e “O que pode ser feito nessa sprint?” são respondidas como tópicos na sprint planning e, com base nelas, é definido o trabalho entregue na sprint. Proposição de melhoria: Incluir na sprint planning a pergunta “Como o trabalho escolhido será realizado?”, com vistas a compor a sprint backlog.  Achado IV – A meta do produto não é desenvolvida a contento e a equipe não é comunicada claramente sobre os itens do product backlog pelo product owner. Proposição de melhoria: Criar um comitê gestor de tecnologia da informação e comunicação (TIC) especificamente incumbido de garantir que a meta do produto e que o product backlog sejam desenvolvidos e compreendidos pelo scrum team, uma vez que product owner não é responsável pelo gerenciamento do product backlog.  Achado V – Não há evento que permita avaliar o que deu certo durante a sprint. Da mesma forma, não há discussão sobre como os problemas foram resolvidos ou não. Proposição de melhoria: Estabelecer a execução da sprint review como o evento que conclua a sprint, com vistas a inspecionar o seu resultado. Avaliação com base na XP  Achado VI – Não há evento que permita avaliar se as alterações realizadas por cada membro da equipe deixam o código consistente — ou seja, não são realizados testes para verificar se há algum problema a ser corrigido imediatamente a cada envio do código pelo programador. Proposição de melhoria: Não é necessário promover esse tipo de teste, pois, no desenvolvimento ágil, ao final de cada sprint, o resultado é considerado parte de um incremento, ou seja, “pronto”. Avaliação com base no COBIT 2019  Achado VII – Não há avaliação em relação à governança de TI sobre o método de desenvolvimento de software da organização. Proposição de melhoria: É indiferente para a governança de TI se a organização utiliza o modelo Cascata, o DevOps ou o desenvolvimento ágil, pois isso está relacionado ao nível operacional da TI.  Achado VIII – A cascata de objetivos está sendo utilizada em paralelo com a gestão ágil de projeto nos projetos considerados estratégicos. Proposição de melhoria: Implementar áreas de focos relacionadas aos problemas a serem resolvidos, pois, no COBIT 2019, a cascata de objetivos foi substituída pelas áreas de foco (focus area). Tendo como referência essa situação hipotética, redija, na condição de auditor responsável pela avaliação dos dados apresentados no relatório final de auditoria da empresa contratada, um texto dissertativo posicionando-se favorável ou contrariamente a cada proposição de melhoria dos achados mencionados. Ao elaborar seu texto, identifique o item avaliado (achado I, achado II etc.), apresente sua avaliação acerca da respectiva proposição de melhoria e justifique sua avaliação. Nos(s) caso(s) em que eventualmente concordar com o relatório hipotético em apreço, justifique sua avaliação com base em elementos que complementem, embasem ou reforcem a adequação da proposição de melhoria apresentada. No(s) caso(s) em que eventualmente discordar do relatório hipotético em apreço, apresente o devido embasamento e sugira uma proposição de melhoria apropriada para o achado.","[""avaliar achados e proposições sobre PMBOK"", ""avaliar Scrum"", ""avaliar XP"", ""avaliar COBIT 2019""]",Avaliação de maturidade ágil e governança de TI,"[""PMBOK 6"", ""Scrum 2020"", ""XP"", ""COBIT 2019"", ""requisitos"", ""cronograma"", ""papéis""]",Auditor avalia relatório de consultoria com achados e proposições sobre métodos e governança.,"[""PMBOK 6"", ""Scrum 2020"", ""XP"", ""COBIT 2019""]",específico,parcial,"[""ENGENHARIA DE SOFTWARE — 3 Práticas ágeis de desenvolvimento de software."", ""ENGENHARIA DE SOFTWARE — 5 Práticas ágeis."", ""ENGENHARIA DE SOFTWARE — 5.2 Gerenciamento de produtos com métodos ágeis: Scrum e Kanban."", ""GESTÃO E GOVERNANÇA DE TI — 1 Governança corporativa de TI (COBIT 2019, ISO/IEC 38500)."", ""GESTÃO E GOVERNANÇA DE TI — 4 Gestão de projetos e metodologias ágeis (PMBOK 8 ª edição, SCRUM, Kanban).""]","CONCURSO PÚBLICO
SECRETARIA DA FAZENDA DO ESTADO DO CEARÁ (SEFAZ/CE)
CARGO 4: AUDITOR FISCAL DE TECNOLOGIA DA INFORMAÇÃO DA RECEITA ESTADUAL
PROVA DISCURSIVA – ESTUDO DE CASO
APLICAÇÃO: 15/8/2021
PADRÃO DE RESPOSTA DEFINITIVO
A citada proposição de melhoria para o achado I não procede. A elaboração dos requisitos deve ser progressiva, com
base em planejamento iterativo curto e na execução de ciclos.
O achado II e sua respectiva proposição de melhoria são inadequados. A elaboração do cronograma pode ser iterativa
ou sob demanda. A iterativa (backlog) é uma forma de planejamento em ondas sucessivas, na qual se priorizam os requisitos
(histórias do usuário). A elaboração do cronograma sob demanda, usada no Kanban, extrai da lista de pendências (backlog)
aquelas que devem ser executadas.
A proposição de melhoria para o achado III é adequada. A meta da sprint, os itens do product backlog selecionados
para a sprint e o plano para entregá-los são chamados, juntos, de sprint backlog. Para cada item do product backlog selecionado,
os developers planejam o trabalho necessário para criar um incremento que atenda à definição de “pronto”.
A proposição de melhoria para o achado IV não é adequada. O product owner também é responsável pelo gerenciamento
eficaz do product backlog. Isso inclui desenvolver e comunicar explicitamente a meta do produto, bem como criar e comunicar
claramente os itens do product backlog.
A proposição de melhoria para o achado V não é apropriada. O correto é estipular uma sprint retrospective que vise
planejar maneiras de aumentar a qualidade e a eficácia. é apropriada como forma de inspecionar o resultado da Sprint, mas não
encerra a Sprint. A sprint retrospective também é apropriada, pois visa planejar maneiras de aumentar a qualidade e a eficácia e
encerra a Sprint.
A proposição de melhoria para o achado VI não é apropriada. O correto é estipular a prática da integração contínua, que
consiste em integrar o trabalho diversas vezes ao dia, assegurando-se que a base de código permaneça consistente ao final de
cada integração. Ou seja, é uma prática na qual o código que está sendo desenvolvido pelo time é integrado, versionado,
construído e verificado diversas vezes ao dia em um ambiente dedicado.
A proposição de melhoria para o achado VII não é apropriada. O COBIT 2019 descreve como fatores de design (design
factors) a metodologia de desenvolvimento e DevOps como fatores que podem influenciar o design do sistema de governança
de uma empresa e posicioná-lo para o sucesso no uso de I&T.
A proposição de melhoria para o achado VIII não é apropriada. O COBIT 2019 mantém a cascata de objetivos, de
acordo com a qual as necessidades das partes interessadas devem ser transformadas em uma estratégia acionável da organização.
QUESITOS AVALIADOS
Quesitos 2.1, 2.2, 2.4, 2.5, 2.6, 2.7 e 2.8
0 – Não se posicionou, ou não identificou o achado a que se refere, ou se posicionou favoravelmente à proposição de melhoria
apresentada na situação hipotética.
1 – Posicionou-se contrariamente à proposição de melhoria apresentada na situação hipotética, mas não apresentou justificativa
nem sugeriu uma proposição que seria adequada.
2 – Posicionou-se contrariamente à proposição de melhoria apresentada na situação hipotética, mas não apresentou justificativa
ou não sugeriu uma proposição que seria adequada.
3 – Posicionou-se contrariamente à proposição de melhoria apresentada na situação hipotética, mas apresentou, de forma
insuficiente ou com alguma inconsistência, justificativa e sugestão de uma proposição que seria adequada.
4 – Posicionou-se contrariamente à proposição de melhoria apresentada na situação hipotética, apresentou justificativa coerente
e correta e sugeriu uma proposição que seria adequada.
Quesitos 2.3 e 2.5
0 – Não se posicionou, ou não identificou o achado a que se refere, ou se posicionou contrariamente à proposição de melhoria
apresentada na situação hipotética.
1 – Posicionou-se favoravelmente à proposição de melhoria apresentada na situação hipotética, mas não apresentou justificativa.
2 – Posicionou-se favoravelmente à proposição de melhoria apresentada na situação hipotética, mas apresentou justificativa
insuficiente ou com alguma inconsistência.
3 – Posicionou-se favoravelmente à proposição de melhoria apresentada na situação hipotética, apresentando justificativa
coerente e correta.",https://cdn.cebraspe.org.br/concursos/sefaz_ce_21/arquivos/598_SEFAZ_004_DISC.PDF,https://cdn.cebraspe.org.br/concursos/sefaz_ce_21/arquivos/SEFAZ_CE_21_PADRO_DE_RESPOSTA_DEFINITIVO_CARGO_4_COMPLETO.PDF,"caderno oficial, PDF p. 3","padrão definitivo oficial, PDF p. 4, 5",confirmado,"Há correspondência direta com COBIT e Scrum/gestão de projetos, mas versões e XP divergem do detalhamento atual.","[""ENGENHARIA DE SOFTWARE"", ""GESTÃO E GOVERNANÇA DE TI""]","[""estudo de caso"", ""análise técnica"", ""aplicação normativa""]",misto,sim,sim,sim,sim,sim,não,não,não,não,"[2019, 2020]","QUESITOS AVALIADOS
Quesitos 2.1, 2.2, 2.4, 2.5, 2.6, 2.7 e 2.8
0 – Não se posicionou, ou não identificou o achado a que se refere, ou se posicionou favoravelmente à proposição de melhoria
apresentada na situação hipotética.
1 – Posicionou-se contrariamente à proposição de melhoria apresentada na situação hipotética, mas não apresentou justificativa
nem sugeriu uma proposição que seria adequada.
2 – Posicionou-se contrariamente à proposição de melhoria apresentada na situação hipotética, mas não apresentou justificativa
ou não sugeriu uma proposição que seria adequada.
3 – Posicionou-se contrariamente à proposição de melhoria apresentada na situação hipotética, mas apresentou, de forma
insuficiente ou com alguma inconsistência, justificativa e sugestão de uma proposição que seria adequada.
4 – Posicionou-se contrariamente à proposição de melhoria apresentada na situação hipotética, apresentou justificativa coerente
e correta e sugeriu uma proposição que seria adequada.
Quesitos 2.3 e 2.5
0 – Não se posicionou, ou não identificou o achado a que se refere, ou se posicionou contrariamente à proposição de melhoria
apresentada na situação hipotética.
1 – Posicionou-se favoravelmente à proposição de melhoria apresentada na situação hipotética, mas não apresentou justificativa.
2 – Posicionou-se favoravelmente à proposição de melhoria apresentada na situação hipotética, mas apresentou justificativa
insuficiente ou com alguma inconsistência.
3 – Posicionou-se favoravelmente à proposição de melhoria apresentada na situação hipotética, apresentando justificativa
coerente e correta.","{""pontuacao_total"": ""5,00"", ""valores_explicitos_no_enunciado"": []}"
stj_2024_analista_ti_cargo3,stj_2024_analista_ti,2024,Superior Tribunal de Justiça (STJ),Analista Judiciário – Área Apoio Especializado,Análise de Sistemas de Informação — cargo 3,questão dissertativa,30,"40,00","Uma empresa de tecnologia, especializada em desenvolvimento de software, está enfrentando desafios significativos na gestão de seus processos de TI. Recentemente, a empresa passou por uma auditoria que revelou diversas falhas nos controles internos e na governança de TI, resultando em riscos elevados e ineficiências operacionais. Para resolver esses problemas, a diretoria decidiu implementar o COBIT 2019 como framework de governança e gestão de TI. Considerando a situação hipotética apresentada, redija um texto dissertativo a respeito da implementação do COBIT 2019 na governança e na gestão de TI da referida empresa. Em seu texto, aborde os seguintes aspectos: 1 dois impactos que as falhas nos controles internos podem gerar na operação e na estratégia da empresa; [valor: 8,00 pontos] 2 dois impactos que as deficiências na governança de TI podem gerar na operação e na estratégia da empresa; [valor: 8,00 pontos] 3 dois benefícios esperados com a implementação do COBIT 2019 na empresa; [valor: 10,00 pontos] 4 três medidas que podem fazer parte de um plano de ação para a implementação do COBIT 2019 na empresa. [valor: 12,00 pontos]","[""impactos de falhas nos controles internos"", ""impactos de deficiências de governança"", ""princípios e objetivos do COBIT 2019"", ""medidas de implementação""]",Implementação do COBIT 2019,"[""controles internos"", ""governança"", ""riscos"", ""objetivos de governança e gestão""]",Empresa decide implantar COBIT após auditoria revelar falhas e riscos.,"[""COBIT 2019""]",específico,direta,"[""GESTÃO E GOVERNANÇA DE TI — 1 Governança corporativa de TI (COBIT 2019, ISO/IEC 38500).""]","SUPERIOR TRIBUNAL DE JUSTIÇA (STJ)
CARGO 3: ANALISTA JUDICIÁRIO – ÁREA: APOIO ESPECIALIZADO
ESPECIALIDADE: ANÁLISE DE SISTEMAS DE INFORMAÇÃO
Prova Discursiva
Aplicação: 01/12/2024
PADRÃO DE RESPOSTA DEFINITIVO
1 A falta de controles internos eficazes (i) abre brechas para o acesso não autorizado; (ii) aumenta a probabilidade de
incidentes de segurança; (ii) gera perda de dados e violações de conformidade; e (iii) provoca a diminuição da confiança
dos clientes e parceiros (iii) causa ineficiência e baixa produtividade; (iv) compromete a confidencialidade e integridade
dos dados; (v) facilita fraudes internas; (vi) gera consequências financeiras, contratuais, regulatórias e de imagem; (vii)
gera perda de dados e violações de conformidade; (viii) impacta a qualidade do software desenvolvido; (ix) leva à
diminuição da integridade e da eficiência da estrutura organizacional, incluindo a obsolescência de equipamentos; (x)
ocasiona a perda de economicidade e eficiência; (xi) provoca a diminuição da confiança dos clientes e parceiros; e (xii)
resulta em danos à reputação.
2 A deficiência na governança de TI (i) compromete a capacidade da empresa de inovar e competir no mercado; (ii)
desalinha as operações com a estratégia da empresa; e (iii) dificulta o alcance dos objetivos e da visão institucional; (iv)
gera ineficiência na alocação de recursos; (v) leva a custos excessivos, perdas de receita, multas e sanções; (vi) prejudica a
comunicação entre a TI e outras áreas da empresa, dificultando o alinhamento estratégico; (vii) prejudica a tomada de
decisões estratégicas; e (viii) resulta em monitoramento precário dos processos internos.
3 A implementação do COBIT 2019 pode trazer os seguintes benefícios significativos para a empresa: (i) ajudará a
estabelecer um sistema robusto de controles internos, mitigando os riscos de segurança e conformidade; (ii) aprimorará o
gerenciamento estratégico; (iii) assegurará a conformidade com legislações, como a LGPD; (iv) aumentará o engajamento
das partes interessadas; (v) criará valor para a empresa; (vi) favorecerá a manutenção da relevância tecnológica e a
inovação; (vii) fortalecerá a governança de TI; (viii) garantirá que os sistemas de informação atenderão aos padrões da
indústria; (ix) melhorará a gestão da arquitetura, segurança, contratos e relacionamentos; (x) melhorará a gestão de riscos;
(xi) otimizará os recursos da empresa; (xii) promoverá a integração dos objetivos de TI com os objetivos estratégicos da
empresa; e (xiii) resultará em uma alocação mais eficiente de recursos.
4 Para a implementação do COBIT 2019, quatro medidas são essenciais: (i) ajustar e corrigir para garantir a aderência ao
framework e a eficácia das melhorias implementadas; (ii) avaliar e identificar o cenário atual; (iii) capacitar a equipe de TI
e de governança sobre os princípios e práticas do COBIT 2019; (iv) comunicar amplamente, para toda a entidade, as
mudanças e ações esperadas; (v) definir o estado futuro desejado; (vi) definir objetivos e metas; (vii) desenvolver um
plano de ação com prioridades claras, prazos e responsáveis; (viii) elaborar ações específicas; (ix) garantir operação e
melhoria contínua; (x) integrar o COBIT 2019 com outros frameworks como ITIL e ISSO; (xi) monitorar e ajustar
continuamente os processos para garantir a aderência ao framework e a eficácia das melhorias implementadas; (xii)
realizar monitoramento contínuo; e (xiii) realizar um levantamento detalhado dos processos atuais de TI e identificar
lacunas em relação ao framework COBIT 2019.
QUESITOS AVALIADOS
QUESITO 2.1 Impactos das falhas nos controles internos
Conceito 0 – Não abordou os impactos relacionados a falhas nos controles internos ou o fez de forma totalmente equivocada.
Conceito 1 – Mencionou corretamente apenas um impacto.
Conceito 2 – Mencionou corretamente dois impactos.
QUESITO 2.2 Impactos das deficiências na governança de TI
Conceito 0 – Não abordou os impactos relacionados a deficiências na governança de TI ou o fez de forma totalmente
equivocada.
Conceito 1 – Mencionou corretamente apenas um impacto.
Conceito 2 – Mencionou corretamente dois impactos.
QUESITO 2.3 Benefícios esperados da implementação do COBIT 2019
Conceito 0 – Não abordou os benefícios da implementação do COBIT 2019 ou o fez de forma totalmente equivocada.
Conceito 1 – Mencionou corretamente apenas um benefício.
Conceito 2 – Mencionou corretamente dois benefícios.
QUESITO 2.4 Medidas para implementação do COBIT 2019
Conceito 0 – Não abordou as medidas para implementação do COBIT 2019 ou o fez de forma totalmente equivocada.
Conceito 1 – Mencionou corretamente apenas uma medida.
Conceito 2 – Mencionou corretamente apenas duas medidas.
Conceito 3 – Mencionou corretamente três medidas.",https://cdn.cebraspe.org.br/concursos/stj_24/arquivos/018_STJ_003_DISC.PDF,https://cdn.cebraspe.org.br/concursos/stj_24/arquivos/PADRO_DEFINITIVO_DE_RESPOSTA___CARGO_3.PDF,"caderno oficial, PDF p. 1","padrão definitivo oficial, PDF p. 1, 2",confirmado,,"[""GESTÃO E GOVERNANÇA DE TI""]","[""situação-problema"", ""análise técnica"", ""aplicação normativa""]",médio,sim,sim,sim,não,sim,não,não,não,não,[],"QUESITOS AVALIADOS
QUESITO 2.1 Impactos das falhas nos controles internos
Conceito 0 – Não abordou os impactos relacionados a falhas nos controles internos ou o fez de forma totalmente equivocada.
Conceito 1 – Mencionou corretamente apenas um impacto.
Conceito 2 – Mencionou corretamente dois impactos.
QUESITO 2.2 Impactos das deficiências na governança de TI
Conceito 0 – Não abordou os impactos relacionados a deficiências na governança de TI ou o fez de forma totalmente
equivocada.
Conceito 1 – Mencionou corretamente apenas um impacto.
Conceito 2 – Mencionou corretamente dois impactos.
QUESITO 2.3 Benefícios esperados da implementação do COBIT 2019
Conceito 0 – Não abordou os benefícios da implementação do COBIT 2019 ou o fez de forma totalmente equivocada.
Conceito 1 – Mencionou corretamente apenas um benefício.
Conceito 2 – Mencionou corretamente dois benefícios.
QUESITO 2.4 Medidas para implementação do COBIT 2019
Conceito 0 – Não abordou as medidas para implementação do COBIT 2019 ou o fez de forma totalmente equivocada.
Conceito 1 – Mencionou corretamente apenas uma medida.
Conceito 2 – Mencionou corretamente apenas duas medidas.
Conceito 3 – Mencionou corretamente três medidas.","{""pontuacao_total"": ""40,00"", ""valores_explicitos_no_enunciado"": [""[valor: 8,00 pontos]"", ""[valor: 8,00 pontos]"", ""[valor: 10,00 pontos]"", ""[valor: 12,00 pontos]""]}"
stj_2024_analista_ti_cargo18,stj_2024_analista_ti,2024,Superior Tribunal de Justiça (STJ),Analista Judiciário – Área Apoio Especializado,Suporte em Tecnologia da Informação — cargo 18,questão dissertativa,30,"40,00","A criptografia é um método de segurança que usa algoritmos para proteger informações, transformando-as em um código secreto que só pode ser desbloqueado com uma chave digital. A respeito da criptografia no âmbito da segurança da informação, redija um texto dissertativo atendendo ao que se pede a seguir. 1 Descreva o funcionamento dos protocolos de criptografia simétrica e assimétrica. [valor: 14,00 pontos] 2 Apresente o conceito de certificado digital e cite dois de seus usos. [valor: 12,00 pontos] 3 Apresente o conceito de algoritmos de hash e mencione seus princípios. [valor: 12,00 pontos]","[""criptografia simétrica e assimétrica"", ""certificado digital e dois usos"", ""hash e seus princípios""]","Criptografia, certificados digitais e hash","[""chave simétrica"", ""chave assimétrica"", ""PKI"", ""certificados"", ""integridade"", ""hash""]",Exposição conceitual de mecanismos criptográficos.,"[""criptografia"", ""certificado digital"", ""hash""]",específico,parcial,"[""GESTÃO E GOVERNANÇA DE TI — 10 Cibersegurança e continuidade de negócios (ISO 27001/22301, 27002, NIST).""]","SUPERIOR TRIBUNAL DE JUSTIÇA (STJ)
CARGO 18: ANALISTA JUDICIÁRIO – ÁREA: APOIO ESPECIALIZADO
ESPECIALIDADE: SUPORTE EM TECNOLOGIA DA INFORMAÇÃO
Prova Discursiva
Aplicação: 01/12/2024
PADRÃO DE RESPOSTA DEFINITIVO
A criptografia simétrica ou criptografia de chave secreta ou compartilhada utiliza uma única chave, que é
compartilhada entre o emissor e o receptor da mensagem. Um algoritmo aplica uma série de regras matemáticas para
transformar os dados em um código ilegível, e esse algoritmo depende de uma chave, que é uma sequência de bits que define
como o código será gerado. A criptografia assimétrica ou criptografia de chave pública ou de dois fatores utiliza um par de
chaves: uma pública e uma privada. O emissor deve ter a chave pública do receptor antes de enviar os dados. Assim, ele usa
essa chave para cifrar os dados antes de enviá-los. O receptor, por sua vez, usa a sua chave privada para decifrar os dados após
recebê-los.
O certificado digital é um documento eletrônico que serve para identificar uma pessoa ou empresa na
Internet, permitindo a realização de transações digitais de forma segura. O certificado digital é utilizado para assinar
documentos digitalmente, com validade jurídica; para cessar serviços públicos, como o da Receita Federal ou INSS; para
realizar operações bancárias; para validar o acesso a sistemas da empresa; para emitir notas fiscais eletrônicas, participar em
leilões da Receita Federal etc.
Os algoritmos de hash são funções criptográficas que transformam uma entrada de dados de qualquer
tamanho em uma sequência fixa de caracteres. É amplamente utilizada em segurança digital, especialmente na verificação de
integridade de dados e em assinaturas digitais. Os princípios dos algoritmos de hash são: irreversibilidade; unicidade;
resistência à colisão; e recorrência.
QUESITOS AVALIADOS
QUESITO 2.1 Funcionamento dos protocolos de criptografia simétrica e assimétrica
Conceito 0 – Não atendeu ao quesito ou o fez de forma totalmente equivocada.
Conceito 1 – Descreveu de maneira parcialmente correta apenas um dos conceitos (criptografia simétrica ou assimétrica) e não
abordou o outro ou o abordou de forma totalmente equivocada.
Conceito 2 – Descreveu corretamente apenas um dos conceitos e não abordou o outro ou o abordou de forma totalmente
equivocada OU descreveu de forma parcialmente correta os dois conceitos.
Conceito 3 – Descreveu corretamente um dos conceitos e o outro de forma parcialmente correta.
Conceito 4 – Descreveu corretamente os dois conceitos.
QUESITO 2.2 Conceito de certificado digital e dois de seus usos
Conceito 0 – Não atendeu ao quesito ou o fez de forma totalmente equivocada.
Conceito 1 – Descreveu o conceito de maneira parcialmente correta e não citou os usos.
Conceito 2 – Descreveu corretamente o conceito, mas não citou os usos.
Conceito 3 – Descreveu corretamente o conceito, mas citou corretamente apenas um uso.
Conceito 4 – Descreveu corretamente o conceito e citou corretamente ambos os usos.
QUESITO 2.3 Conceito de algoritmos de hash e seus princípios
Conceito 0 – Não atendeu ao quesito ou o fez de forma totalmente equivocada.
Conceito 1 – Descreveu apenas o conceito, e o fez de maneira parcialmente correta.
Conceito 2 – Descreveu o conceito corretamente, mas não citou os princípios.
Conceito 3 – Descreveu o conceito corretamente, mas apresentou os princípios dos algoritmos de hash de maneira
parcialmente correta.
Conceito 4 – Descreveu o conceito corretamente e apresentou corretamente os princípios dos algoritmos de hash.",https://cdn.cebraspe.org.br/concursos/stj_24/arquivos/018_STJ_018_DISC.PDF,https://cdn.cebraspe.org.br/concursos/stj_24/arquivos/PADRO_DEFINITIVO_DE_RESPOSTA___CARGO_18.PDF,"caderno oficial, PDF p. 1","padrão definitivo oficial, PDF p. 1",confirmado,"Cibersegurança é expressa, mas os mecanismos criptográficos não são detalhados no edital.","[""GESTÃO E GOVERNANÇA DE TI""]","[""conceitual""]",médio,não,não,não,sim,sim,não,não,não,não,[],"QUESITOS AVALIADOS
QUESITO 2.1 Funcionamento dos protocolos de criptografia simétrica e assimétrica
Conceito 0 – Não atendeu ao quesito ou o fez de forma totalmente equivocada.
Conceito 1 – Descreveu de maneira parcialmente correta apenas um dos conceitos (criptografia simétrica ou assimétrica) e não
abordou o outro ou o abordou de forma totalmente equivocada.
Conceito 2 – Descreveu corretamente apenas um dos conceitos e não abordou o outro ou o abordou de forma totalmente
equivocada OU descreveu de forma parcialmente correta os dois conceitos.
Conceito 3 – Descreveu corretamente um dos conceitos e o outro de forma parcialmente correta.
Conceito 4 – Descreveu corretamente os dois conceitos.
QUESITO 2.2 Conceito de certificado digital e dois de seus usos
Conceito 0 – Não atendeu ao quesito ou o fez de forma totalmente equivocada.
Conceito 1 – Descreveu o conceito de maneira parcialmente correta e não citou os usos.
Conceito 2 – Descreveu corretamente o conceito, mas não citou os usos.
Conceito 3 – Descreveu corretamente o conceito, mas citou corretamente apenas um uso.
Conceito 4 – Descreveu corretamente o conceito e citou corretamente ambos os usos.
QUESITO 2.3 Conceito de algoritmos de hash e seus princípios
Conceito 0 – Não atendeu ao quesito ou o fez de forma totalmente equivocada.
Conceito 1 – Descreveu apenas o conceito, e o fez de maneira parcialmente correta.
Conceito 2 – Descreveu o conceito corretamente, mas não citou os princípios.
Conceito 3 – Descreveu o conceito corretamente, mas apresentou os princípios dos algoritmos de hash de maneira
parcialmente correta.
Conceito 4 – Descreveu o conceito corretamente e apresentou corretamente os princípios dos algoritmos de hash.","{""pontuacao_total"": ""40,00"", ""valores_explicitos_no_enunciado"": [""[valor: 14,00 pontos]"", ""[valor: 12,00 pontos]"", ""[valor: 12,00 pontos]""]}"
trt10_2025_analista_ti_q1,trt10_2025_analista_ti,2025,Tribunal Regional do Trabalho da 10.ª Região (TRT10),Analista Judiciário – Área Apoio Especializado,Tecnologia da Informação — cargo 11,questão dissertativa,30,"30,00","O desenvolvimento de software seguro não é apenas uma prática recomendada, mas uma responsabilidade. Cada linha de código escrita pode ser a diferença entre segurança e vulnerabilidade. A segurança deve estar presente desde o início do desenvolvimento e ser um processo contínuo, afinal ela é fundamental para a proteção de dados e usuários. É preciso investir tempo em práticas de codificação segura, testes rigorosos e atualizações regulares. Internet: <blog.rarecrew.com> (com adaptações). Considerando que o fragmento de texto acima tem caráter unicamente motivador, redija um texto dissertativo acerca da importância da cultura DevSecOps e do modelo OWASP SAMM para a segurança no desenvolvimento de software, abordando os seguintes aspectos: 1 dois pressupostos fundamentais do DevSecOps; [valor: 2,50 pontos] 2 dois objetivos do OWASP SAMM no contexto do DevSecOps; [valor: 10,00 pontos] 3 dois benefícios da integração contínua e da entrega contínua no DevSecOps; [valor: 10,00 pontos] 4 dois benefícios da colaboração entre diferentes equipes promovida pelo SAMM. [valor: 6,00 pontos]","[""pressupostos fundamentais do DevSecOps"", ""objetivos do OWASP SAMM"", ""benefícios de CI/CD"", ""práticas de segurança no ciclo""]",DevSecOps e OWASP SAMM,"[""cultura"", ""segurança por design"", ""CI/CD"", ""maturidade"", ""testes de segurança""]",Discussão de segurança contínua no ciclo de desenvolvimento.,"[""DevSecOps"", ""OWASP SAMM"", ""CI/CD""]",específico,parcial,"[""ENGENHARIA DE SOFTWARE — 6 Testes de software."", ""ENGENHARIA DE SOFTWARE — 6.1 Unitário, integração, funcional, aceitação, desempenho, carga, vulnerabilidade."", ""ENGENHARIA DE SOFTWARE — 8. DevOps e integração contínua."", ""ENGENHARIA DE SOFTWARE — 8.1 Pipelines de CI/CD."", ""ENGENHARIA DE SOFTWARE — 8.2 Build, testes e Deploy automatizados."", ""GESTÃO E GOVERNANÇA DE TI — 10 Cibersegurança e continuidade de negócios (ISO 27001/22301, 27002, NIST).""]","TRIBUNAL REGIONAL DO TRABALHO DA 10ª REGIÃO
CARGO 11: ANALISTA JUDICIÁRIO
ÁREA: APOIO ESPECIALIZADO
ESPECIALIDADE: TECNOLOGIA DA INFORMAÇÃO
Prova Discursiva
Aplicação: 16/03/2025
PADRÃO DE RESPOSTA DEFINITIVO
No desenvolvimento de aplicações modernas, a estratégia DevSecOps permite: (i) integrar as práticas de segurança ao
longo de todo ciclo de vida de desenvolvimento de um software; (ii) estabelecer uma cultura na qual a segurança seja
responsabilidade de todos os envolvidos no projeto; (iii) garantir que as práticas de segurança sejam aplicadas em cada estágio
do desenvolvimento; (iv) identificar e corrigir vulnerabilidades e problemas de segurança rapidamente; e (v) promover a
colaboração entre equipes de governança, design, verificação, desenvolvimento, operações e segurança; (vi) integrar medidas
de segurança desde o início do processo de desenvolvimento, identificando e abordando vulnerabilidades precocemente; (vii)
adotar “Left Shift” em DevSecOps, integrando a segurança desde as primeiras fases do desenvolvimento, a fim de evitar
vulnerabilidades tardias e aumentar a eficiência; (viii) implementar testes automatizados estáticos e dinâmicos ao longo do
ciclo de vida do desenvolvimento do software como pressuposto base do DevSecOps; e (ix) utilizar ferramentas de
versionamento de código para manter a transparência e a colaboração entre as equipes. Com essa estratégia, a segurança não
representa mero elemento adicional, mas é parte integrante desde o desenvolvimento até a entrega e manutenção do software.
No contexto do DevSecOps, o modelo OWASP SAMM (Software Assurance Maturity Model) permite que as
instituições: tem como objetivos principais: (i) avaliem e melhorem avaliar e melhorar, de forma contínua, suas práticas de
segurança de software; (ii) obtenham obter uma visão clara do estado atual da segurança dentro da organização; (iii) analisem e
mapeiem analisar e mapear práticas existentes em segurança; (iv) realizem realizar comparações com as melhores práticas do
setor; (v) introduzam introduzir melhorias de forma organizada, a fim de definir metas de segurança, medir o avanço ao longo
do tempo e identificar áreas de melhoria, em perfeito alinhamento com os princípios de integração contínua e entrega contínua
(CI/CD); (vi) realizar integração com testes de segurança DAST e SAST; (vii) gerir riscos, avaliando ameaças, desenvolvendo
perfis de risco e modelando ameaças para mitigar adversidades, promovendo um ambiente seguro; (viii) implementar métricas
eficazes para identificar, monitorar e responder rapidamente a ameaças à segurança, protegendo ativos digitais; (ix) definir
ambientes de desenvolvimento, testes e produção bem estruturados e separados, evitando falhas de segurança; e (x) fortalecer
os mecanismos de implementação, assegurando a aplicação das melhores práticas de segurança durante o desenvolvimento.
No DevSecOps, a integração e a entrega contínuas permitem: (i) melhoria na qualidade do software, ao se
identificarem e corrigirem identificar e corrigir problemas de segurança e bugs de forma rápida e contínua; (ii) redução do
tempo de lançamento desde a codificação inicial, passando por testes automatizados, deploys, até a implementação e o
monitoramento em produção; (iii) otimização da produtividade do fluxo de trabalho, limitando-se a quantidade em andamento;
(iv) comunicação constante e eficiente entre as equipes; e (v) redução de riscos de vulnerabilidades; (vi) garantia da
manutenibilidade do código; (vii) realização da automação de incrementos de código como parte do pipeline de CI/CD,
reduzindo erros manuais e aumentando a confiabilidade do processo; (viii) redução dos processos manuais em ambientes
críticos; (ix) correções de segurança e melhorias sempre presentes na versão em produção, reduzindo a exposição a
vulnerabilidades conhecidas; e (x) realizar automação de testes nas etapas de “code” e “build” para correção de erros e falhas.
Assim sendo, no âmbito da integração continuada, qualquer vulnerabilidade ou problema de segurança pode ser identificado e
corrigido rapidamente.
Com uma atuação colaborativa, as equipes de desenvolvimento, operações e segurança podem garantir que as
aplicações sejam mais bem desenvolvidas, o que gera benefícios, como: (i) redução dos riscos de vulnerabilidades; (ii)
melhoria geral da eficiência do processo de desenvolvimento; (iii) comunicação e alinhamento em torno das metas de
segurança; (iv) trabalho conjunto das equipes; e (v) garantia de desenvolvimento das aplicações com foco na segurança; (vi)
promoção da educação e orientação sobre práticas de segurança; (vii) diminuição de custos e a melhora da economicidade;
(viii) aumento da capacitação, ou especialização, que permite um melhor desenvolvimento de boas práticas, incluindo a de
segurança; (ix) mudança na cultura organizacional, promovendo o engajamento e a responsabilidade das equipes durante o
processo; (x) adoção de controle de acesso baseado em funções (RBAC); (xi) fornecimento de diferentes visões sobre um
mesmo software ou produto; (xii) abordagem holística sobre segurança em toda a organização; (xiii) maior valor agregado ao
produto final ao integrar práticas de segurança desde as fases iniciais do desenvolvimento; (xiv) agilidade na resolução de
problemas, permitindo a mitigação rápida de vulnerabilidades por meio de comunicação fluida entre equipes; e (xv)
aprendizado compartilhado como benefício da colaboração promovida pelo SAMM.
QUESITOS AVALIADOS
QUESITO 2.1 Pressupostos fundamentais do DevSecOps
Conceito 0 – Não abordou nenhum pressuposto do DevSecOps.
Conceito 1 – Abordou, corretamente, somente um pressuposto fundamental do DevSecOps.
Conceito 2 – Abordou, corretamente, dois pressupostos fundamentais do DevSecOps.
QUESITO 2.2 Objetivos do OWASP SAMM no contexto do DevSecOps
Conceito 0 – Não abordou nenhum objetivo do OWASP SAMM no contexto do DevSecOps.
Conceito 1 – Abordou, corretamente, somente um objetivo do OWASP SAMM no contexto do DevSecOps.
Conceito 2 – Abordou, corretamente, dois objetivos do OWASP SAMM no contexto do DevSecOps.
QUESITO 2.3 Benefícios da integração contínua e entrega contínua no DevSecOps
Conceito 0 – Não abordou nenhum benefício da integração contínua e entrega contínua no DevSecOps.
Conceito 1 – Abordou, corretamente, somente um benefício da integração contínua e entrega contínua no DevSecOps.
Conceito 2 – Abordou, corretamente, dois benefícios da integração contínua e entrega contínua no DevSecOps.
QUESITO 2.4 Benefícios da colaboração entre diferentes equipes promovida pelo SAMM
Conceito 0 – Não abordou nenhum benefício da colaboração entre diferentes equipes promovida pelo SAMM.
Conceito 1 – Abordou, corretamente, somente um benefício da colaboração entre diferentes equipes promovida pelo SAMM.
Conceito 2 – Abordou, corretamente, dois benefícios da colaboração entre diferentes equipes promovida pelo SAMM.",https://cdn.cebraspe.org.br/concursos/trt10_24/arquivos/050_TRT10_DISC_011.pdf,https://cdn.cebraspe.org.br/concursos/trt10_24/arquivos/PADR%C3%83O%20DEFINITIVO%20DE%20RESPOSTA_PROVA%20DISCURSIVA_CARGO%2011.pdf,"caderno oficial, PDF p. 1","padrão definitivo oficial, PDF p. 1, 2",confirmado,"DevOps, CI/CD, testes e cibersegurança constam; DevSecOps e OWASP SAMM não aparecem nominalmente.","[""ENGENHARIA DE SOFTWARE"", ""GESTÃO E GOVERNANÇA DE TI""]","[""conceitual"", ""análise técnica""]",médio,sim,não,não,não,sim,não,não,não,não,[],"QUESITOS AVALIADOS
QUESITO 2.1 Pressupostos fundamentais do DevSecOps
Conceito 0 – Não abordou nenhum pressuposto do DevSecOps.
Conceito 1 – Abordou, corretamente, somente um pressuposto fundamental do DevSecOps.
Conceito 2 – Abordou, corretamente, dois pressupostos fundamentais do DevSecOps.
QUESITO 2.2 Objetivos do OWASP SAMM no contexto do DevSecOps
Conceito 0 – Não abordou nenhum objetivo do OWASP SAMM no contexto do DevSecOps.
Conceito 1 – Abordou, corretamente, somente um objetivo do OWASP SAMM no contexto do DevSecOps.
Conceito 2 – Abordou, corretamente, dois objetivos do OWASP SAMM no contexto do DevSecOps.
QUESITO 2.3 Benefícios da integração contínua e entrega contínua no DevSecOps
Conceito 0 – Não abordou nenhum benefício da integração contínua e entrega contínua no DevSecOps.
Conceito 1 – Abordou, corretamente, somente um benefício da integração contínua e entrega contínua no DevSecOps.
Conceito 2 – Abordou, corretamente, dois benefícios da integração contínua e entrega contínua no DevSecOps.
QUESITO 2.4 Benefícios da colaboração entre diferentes equipes promovida pelo SAMM
Conceito 0 – Não abordou nenhum benefício da colaboração entre diferentes equipes promovida pelo SAMM.
Conceito 1 – Abordou, corretamente, somente um benefício da colaboração entre diferentes equipes promovida pelo SAMM.
Conceito 2 – Abordou, corretamente, dois benefícios da colaboração entre diferentes equipes promovida pelo SAMM.","{""pontuacao_total"": ""30,00"", ""valores_explicitos_no_enunciado"": [""[valor: 2,50 pontos]"", ""[valor: 10,00 pontos]"", ""[valor: 10,00 pontos]"", ""[valor: 6,00 pontos]""]}"
trf6_2025_analistas_ti_q1,trf6_2025_analistas_ti,2025,Tribunal Regional Federal da 6.ª Região (TRF6),Analista Judiciário – Área Apoio Especializado,"Análise de Dados; Análise de Sistemas de Informação; Governança e Gestão de TI; Tecnologia da Informação — cargos 2, 3, 13 e 22",questão dissertativa,30,"20,00","A doença do planeta Terra somos nós. Nós estamos presentes no desenvolvimento industrial, no desenvolvimento da agricultura, geramos uma gigantesca quantidade de substâncias químicas que poluem, que levam à morte da biodiversidade, até mesmo prejudicam a qualidade do ambiente para nós mesmos, humanos. A poluição das cidades provoca em torno de 7 milhões de mortes por ano. O grande avanço que a ciência e a tecnologia trouxeram para a vida dos humanos os está levando ao mesmo tempo à destruição. Nós temos que realmente achar as soluções para tornar o nosso planeta sustentável para todas as espécies e para preservar a nossa vida. Internet: <agenciabrasil.ebc.com.br> (com adaptações). Na declaração final da Cúpula de Líderes do G20, divulgada em 18/11/2024, líderes mundiais abordaram tanto as mudanças climáticas quanto as guerras e a taxação de super-ricos. A declaração reafirma, por exemplo, o compromisso com o Acordo de Paris, documento que estabelece uma série de ações a serem seguidas pelos países signatários para reduzir as emissões dos gases do efeito estufa: “Nós reafirmamos a meta de temperatura do Acordo de Paris de limitar o aumento da temperatura média global para bem abaixo de 2 graus Celsius acima dos níveis pré-industriais e de empreender esforços para limitar o aumento a 1,5 grau Celsius acima dos níveis pré-industriais, reconhecendo que isso reduziria significativamente os riscos e impactos da mudança do clima”. Internet: <cnnbrasil.com.br> (com adaptações). Internet: <fervuranoclima.com.br>. Considerando que os textos apresentados anteriormente têm caráter unicamente motivador, redija um texto dissertativo acerca do tema a seguir. AÇÃO GLOBAL PARA O ENFRENTAMENTO DA EMERGÊNCIA CLIMÁTICA: RESPONSABILIDADE COM O PRESENTE E COM AS FUTURAS GERAÇÕES Ao elaborar seu texto, aborde os seguintes aspectos: 1 principais atores da ação global necessária ao enfrentamento da emergência climática; [valor: 6,00 pontos] 2 impactos das mudanças climáticas sentidos atualmente e ações presentes viáveis para o seu enfrentamento; [valor: 7,00 pontos] 3 importância de se pensar agora no clima para as futuras gerações. [valor: 6,00 pontos]","[""atores no enfrentamento da emergência climática"", ""impactos atuais e ações presentes"", ""ações de médio e longo prazo""]",Emergência climática e sustentabilidade,"[""mudanças climáticas"", ""cooperação"", ""políticas públicas"", ""sustentabilidade""]","Tema geral comum aos cargos superiores, inclusive quatro especialidades de TI.","[""mudanças climáticas""]",geral,inexistente,[],"TRIBUNAL REGIONAL FEDERAL DA 6.ª REGIÃO
PARTE COMUM PARA OS CARGOS 1 A 7, 12, 13, 19 A 21 E 22
Prova Discursiva
Aplicação: 19/01/2025
PADRÃO DE RESPOSTA DEFINITIVO
Espera-se que o(a) candidato(a) seja capaz de escrever um texto de natureza dissertativa, isto é, articule, de modo
coerente e consistente, exposição de informações e argumentos que abordem de modo concreto a atualidade da emergência
climática.
Dentro desse tema geral, o(a) candidato(a) deverá apresentar os atores globais responsáveis pela abordagem do
problema climático vivenciado no presente, considerando, também, os seus possíveis desdobramentos no futuro. Entre tais
atores, podem ser citados, por exemplo, as nações, os organismos internacionais, os fóruns globais relacionados ao tema, a
iniciativa privada, o terceiro setor, a sociedade civil organizada e também os próprios indivíduos. Espera-se que tal
apresentação seja coerente com a temática proposta, evidenciando-se as especificidades de cada ator mencionado.
Ademais, espera-se que o(a) candidato(a) consiga demonstrar alguns dos impactos da emergência global vividos
atualmente pela humanidade, apresentando, também, soluções concretas e plausíveis para o seu enfrentamento. É exemplo de
impacto o aumento da temperatura global, que pode ser enfrentado com a colocação em prática de medidas de redução da
emissão de gases oriundos de combustíveis fósseis. Outro exemplo é o negacionismo da própria emergência climática, que
pode ser combatido por meio de estratégias de informações científicas e educação ambiental em larga escala.
Finalmente, o(a) candidato(a) deverá abordar as consequências do enfrentamento contemporâneo da emergência
climática para as futuras gerações. É possível citar, a esse título, por exemplo, os problemas que atingirão a vida nas grandes
cidades, que será cada vez mais difícil para seus habitantes, caso não se reverta a escalada de agressão ao meio ambiente
vivenciada contemporaneamente.
QUESITOS AVALIADOS
QUESITO 2.1 Principais atores da ação global necessária ao enfrentamento da emergência climática
Conceito 0 – Não abordou o aspecto.
Conceito 1 – Apenas mencionou um dos principais atores da ação global necessária ao enfrentamento da emergência climática,
sem relacionar o tema à atuação dele.
Conceito 2 – Mencionou dois ou mais dos principais atores da ação global necessária ao enfrentamento da emergência
climática, sem relacionar o tema à atuação deles.
Conceito 3 – Mencionou apenas um dos principais atores da ação global necessária ao enfrentamento da emergência climática
e relacionou, adequadamente, o tema à atuação dele.
Conceito 4 – Mencionou dois ou mais principais atores da ação global necessária ao enfrentamento da emergência climática e
relacionou, adequadamente, o tema à atuação deles.
QUESITO 2.2 Impactos das mudanças climáticas sentidos atualmente e ações presentes viáveis para o seu
enfrentamento
Conceito 0 – Não abordou nenhum impacto nem nenhuma ação.
Conceito 1 – Limitou-se a mencionar apenas um dos aspectos (impactos sentidos atualmente OU ações presentes viáveis para o
seu enfrentamento), sem desenvolvimento.
Conceito 2 – Mencionou ambos os aspectos (impactos sentidos atualmente E ações presentes viáveis para o seu
enfrentamento), porém não desenvolveu nenhum deles ou o fez de maneira precária, sem progressão argumentativa nem
conexão com o tema.
Conceito 3 – Desenvolveu, adequadamente, apenas um dos aspectos (impactos sentidos atualmente OU ações presentes viáveis
para o seu enfrentamento), com progressão argumentativa, de forma conectada ao tema.
Conceito 4 – Desenvolveu, adequadamente, ambos os aspectos (impactos sentidos atualmente E ações presentes viáveis para o
seu enfrentamento), com progressão argumentativa, de forma conectada ao tema.
QUESITO 2.3 Importância de se pensar agora no clima para as futuras gerações
Conceito 0 – Não abordou o aspecto.
Conceito 1 – Mencionou, de forma superficial, a importância de se pensar agora no clima para as futuras gerações, sem
desenvolver argumentos que indicam a conexão entre presente e futuro.
Conceito 2 – Abordou, de forma parcialmente adequada, a importância de se pensar agora no clima para as futuras gerações,
concentrando-se apenas em aspectos do presente ou do futuro.
Conceito 3 – Abordou, adequadamente, a importância de se pensar agora no clima para as futuras gerações, desenvolvendo, de
forma coerente, argumentos que indicam a conexão entre presente e futuro.",https://cdn.cebraspe.org.br/concursos/trf6_24/arquivos/1_PROVA_DISCURSIVA___COMUM_PARA_OS_CARGOS_1_A_7__12__13__19_A_21_E_22.PDF,https://cdn.cebraspe.org.br/concursos/trf6_24/arquivos/PADRO_DE_RESPOSTA_DEFINITIVO___COMUM_PARA_OS_CARGOS_1_A_7__12__13__19_A_21_E_22.PDF,"caderno oficial, PDF p. 1","padrão definitivo oficial, PDF p. 1, 2",confirmado,,[],"[""conceitual""]",médio,não,não,não,não,sim,não,não,não,não,[],"QUESITOS AVALIADOS
QUESITO 2.1 Principais atores da ação global necessária ao enfrentamento da emergência climática
Conceito 0 – Não abordou o aspecto.
Conceito 1 – Apenas mencionou um dos principais atores da ação global necessária ao enfrentamento da emergência climática,
sem relacionar o tema à atuação dele.
Conceito 2 – Mencionou dois ou mais dos principais atores da ação global necessária ao enfrentamento da emergência
climática, sem relacionar o tema à atuação deles.
Conceito 3 – Mencionou apenas um dos principais atores da ação global necessária ao enfrentamento da emergência climática
e relacionou, adequadamente, o tema à atuação dele.
Conceito 4 – Mencionou dois ou mais principais atores da ação global necessária ao enfrentamento da emergência climática e
relacionou, adequadamente, o tema à atuação deles.
QUESITO 2.2 Impactos das mudanças climáticas sentidos atualmente e ações presentes viáveis para o seu
enfrentamento
Conceito 0 – Não abordou nenhum impacto nem nenhuma ação.
Conceito 1 – Limitou-se a mencionar apenas um dos aspectos (impactos sentidos atualmente OU ações presentes viáveis para o
seu enfrentamento), sem desenvolvimento.
Conceito 2 – Mencionou ambos os aspectos (impactos sentidos atualmente E ações presentes viáveis para o seu
enfrentamento), porém não desenvolveu nenhum deles ou o fez de maneira precária, sem progressão argumentativa nem
conexão com o tema.
Conceito 3 – Desenvolveu, adequadamente, apenas um dos aspectos (impactos sentidos atualmente OU ações presentes viáveis
para o seu enfrentamento), com progressão argumentativa, de forma conectada ao tema.
Conceito 4 – Desenvolveu, adequadamente, ambos os aspectos (impactos sentidos atualmente E ações presentes viáveis para o
seu enfrentamento), com progressão argumentativa, de forma conectada ao tema.
QUESITO 2.3 Importância de se pensar agora no clima para as futuras gerações
Conceito 0 – Não abordou o aspecto.
Conceito 1 – Mencionou, de forma superficial, a importância de se pensar agora no clima para as futuras gerações, sem
desenvolver argumentos que indicam a conexão entre presente e futuro.
Conceito 2 – Abordou, de forma parcialmente adequada, a importância de se pensar agora no clima para as futuras gerações,
concentrando-se apenas em aspectos do presente ou do futuro.
Conceito 3 – Abordou, adequadamente, a importância de se pensar agora no clima para as futuras gerações, desenvolvendo, de
forma coerente, argumentos que indicam a conexão entre presente e futuro.","{""pontuacao_total"": ""20,00"", ""valores_explicitos_no_enunciado"": [""[valor: 6,00 pontos]"", ""[valor: 7,00 pontos]"", ""[valor: 6,00 pontos]""]}"
